{C5A9-M8OC92ZV-9576BZJO},2010-01-04 15:20:48.0,EHP0795,Yetta.Chava.Harvey@dtaa.com,,,Edward.Hu.Pickett@dtaa.com,,23398,0
{T2Z5-B8MD26VM-9936ZZTE},2010-01-05 09:23:50.0,EHP0795,Sigourney.Erin.Gilbert@dtaa.com,,,Edward.Hu.Pickett@dtaa.com,,22828,0
{H7A9-X8RM22XK-2132NBGK},2010-01-06 08:37:19.0,EHP0795,Lilah.Hermione.Parrish@dtaa.com;Kasper.Zeph.Moran@dtaa.com;Nicholas.Keane.Barlow@dtaa.com;Ivy.Inez.Sharpe@dtaa.com,,,Edward.Hu.Pickett@dtaa.com,,22069,0
{N5D9-P8IG23DV-8124ZPXT},2010-01-07 11:45:26.0,EHP0795,Rebekah.Orla.Moreno@dtaa.com,,,Edward.Hu.Pickett@dtaa.com,,21232,0
{F8H5-E0VC37SG-6458WTPS},2010-01-08 08:27:59.0,EHP0795,Cole.Thor.Manning@dtaa.com;Fletcher.Yasir.Bright@yahoo.com,,,Edward.Hu.Pickett@dtaa.com,,21124,0
{U0K9-A6DQ86WW-7053SCZA},2010-01-11 10:00:14.0,EHP0795,Yvonne.Desiree.Gutierrez@dtaa.com;Joel.Ezra.Parks@dtaa.com;Chadwick.Sebastian.Mcclain@dtaa.com;Leo.Edward.Hopkins@dtaa.com;Allen.Conan.Winters@dtaa.com,,,Edward.Hu.Pickett@dtaa.com,,34817,0
{E7H1-W9YI51FU-2121RHUW},2010-01-12 14:24:24.0,EHP0795,Cole.Thor.Manning@dtaa.com;Brianna.Ruby.Bender@dtaa.com,,,Edward.Hu.Pickett@dtaa.com,,42409,0
{Y9J7-U9LS91YH-0061CMAJ},2010-01-14 10:32:12.0,EHP0795,Sigourney.Erin.Gilbert@dtaa.com;Leo.Edward.Hopkins@dtaa.com;Joel.Ezra.Parks@dtaa.com;Prescott.Chase.Lowe@dtaa.com;Jason.Mohammad.Ware@gmail.com,,,Edward.Hu.Pickett@dtaa.com,,31060,2
{H7Z6-B3GS26KV-3144IRHV},2010-01-15 10:05:52.0,EHP0795,Ivy.Inez.Sharpe@dtaa.com,,,Edward.Hu.Pickett@dtaa.com,,30307,0
{P5Y7-F1EP05PC-0615DMSD},2010-01-18 14:12:01.0,EHP0795,Rina.Bianca.Velasquez@dtaa.com;Hector.Davis.Ellison@dtaa.com;Prescott.Chase.Lowe@dtaa.com;Lilah.Hermione.Parrish@dtaa.com,,,Edward.Hu.Pickett@dtaa.com,,23182,1
{L2G5-H8CV70KZ-5251OMNP},2010-01-19 10:17:49.0,EHP0795,Shaeleigh.Melinda.Diaz@dtaa.com,,,Edward.Hu.Pickett@dtaa.com,,29799,0
{Z2J8-C0WC39HF-0564NTEK},2010-01-20 12:48:51.0,EHP0795,Quentin.Clinton.Thomas@dtaa.com;Jeanette.Vera.Carlson@dtaa.com,,,Edward.Hu.Pickett@dtaa.com,,35299,0
{J1C2-Q6ZL99XQ-5751MHRT},2010-01-21 08:28:09.0,EHP0795,Brianna.Ruby.Bender@dtaa.com;Kylan.Chiquita.Sampson@juno.com,,,Edward.Hu.Pickett@dtaa.com,,25510,0
{U3R3-F7MD02RV-6236TDAK},2010-01-22 10:57:33.0,EHP0795,Shaeleigh.Melinda.Diaz@dtaa.com;Hanae.Rhiannon.Lindsey@dtaa.com;Denise.Lacy.Harmon@dtaa.com;Sigourney.Erin.Gilbert@dtaa.com,,,Edward.Hu.Pickett@dtaa.com,,53799,1
{O9O1-Y5FD62UK-9583XQON},2010-01-25 09:50:44.0,EHP0795,Kato.Rafael.Hubbard@dtaa.com;Denise.Lacy.Harmon@dtaa.com,,,Edward.Hu.Pickett@dtaa.com,,16010,0
{B3W8-L7TC57XU-8397YQZQ},2010-01-26 14:41:40.0,EHP0795,Fletcher.Yasir.Bright@yahoo.com,,,Edward.Hu.Pickett@dtaa.com,,55493,0
{B6Q5-O6TD60NT-5334XGAQ},2010-01-27 14:44:26.0,EHP0795,Ross.Tanner.Clements@dtaa.com;Curran.Yoshio.Mcknight@dtaa.com;Fletcher.Yasir.Bright@yahoo.com,,,Edward.Hu.Pickett@dtaa.com,,27011,0
{G8Y4-T6OQ13UD-1214DTWR},2010-01-28 13:05:14.0,EHP0795,Ivy.Inez.Sharpe@dtaa.com,,,Edward.Hu.Pickett@dtaa.com,,33987,0
{L3G8-D3RG72HO-3094NGGW},2010-01-29 14:42:59.0,EHP0795,Kylan.Chiquita.Sampson@juno.com,,,Edward.Hu.Pickett@dtaa.com,,25121,0
{L9U2-A8YQ03PS-6639BPVI},2010-02-01 12:34:25.0,EHP0795,Ivan.Tanek.Garrison@dtaa.com,,,Edward.Hu.Pickett@dtaa.com,,28779,0
{J1L8-Y8GN79AY-1613GJCA},2010-02-02 15:11:51.0,EHP0795,Avram.Nasim.Roach@dtaa.com,,,Edward.Hu.Pickett@dtaa.com,,23154,0
{B3Z8-U4NV04IJ-8259JNBX},2010-02-04 09:20:31.0,EHP0795,Ivy.Inez.Sharpe@dtaa.com,,,Edward.Hu.Pickett@dtaa.com,,23160,0
{F8U3-G3TU15HE-8646LEXH},2010-02-05 09:25:18.0,EHP0795,Rina.Bianca.Velasquez@dtaa.com;Hanae.Rhiannon.Lindsey@dtaa.com;Branden.Oren.Landry@verizon.net,,,Edward.Hu.Pickett@dtaa.com,,14719,0
{X0M7-T0PH55ZH-3990KGGR},2010-02-08 12:12:15.0,EHP0795,Kylan.Chiquita.Sampson@juno.com,,,Edward.Hu.Pickett@dtaa.com,,24467,1
{P5B2-P4UH55XC-2285AFEQ},2010-02-09 10:35:40.0,EHP0795,Leo.Edward.Hopkins@dtaa.com,,,Edward.Hu.Pickett@dtaa.com,,24524,0
{K4L4-J5AA63KV-4155MNOU},2010-02-10 10:15:40.0,EHP0795,Jaquelyn.Yoshi.Mckinney@dtaa.com,,,Edward.Hu.Pickett@dtaa.com,,25512,0
{F2D3-F0YV23JT-8807LDZZ},2010-02-11 10:18:44.0,EHP0795,Hector.Davis.Ellison@dtaa.com,,,Edward.Hu.Pickett@dtaa.com,,35768,0
{Z0E9-L5TG19RC-7210ODXM},2010-02-12 10:45:37.0,EHP0795,Denise.Lacy.Harmon@dtaa.com,,,Edward.Hu.Pickett@dtaa.com,,30558,0
{E6O2-N2OE76TN-5309CFKF},2010-02-15 08:56:53.0,EHP0795,Yetta.Chava.Harvey@dtaa.com;Jennifer.Abigail.Ortega@dtaa.com;Jeanette.Vera.Carlson@dtaa.com;Lilah.Hermione.Parrish@dtaa.com;Eden.Ahmed.Fitzgerald@dtaa.com,,,Edward.Hu.Pickett@dtaa.com,,46342,2
{O6U0-O8LU07SK-9647YVDL},2010-02-17 09:52:26.0,EHP0795,Benjamin.Griffin.Mclaughlin@dtaa.com;Curran.Yoshio.Mcknight@dtaa.com;Ivy.Inez.Sharpe@dtaa.com;Leo.Edward.Hopkins@dtaa.com;Kasper.Zeph.Moran@dtaa.com,,,Edward.Hu.Pickett@dtaa.com,,42362,0
{R7A0-A9TR14CD-4994KDEC},2010-02-18 11:08:13.0,EHP0795,Kato.Rafael.Hubbard@dtaa.com;Allen.Conan.Winters@dtaa.com,,,Edward.Hu.Pickett@dtaa.com,,36878,0
{P5J5-I0RM34NA-6899QUVK},2010-02-19 14:43:30.0,EHP0795,Rebekah.Orla.Moreno@dtaa.com;Kylan.Chiquita.Sampson@juno.com,,,Edward.Hu.Pickett@dtaa.com,,64466,0
{N9C4-W4OV88KN-6130LBOD},2010-02-22 09:06:32.0,EHP0795,Yetta.Chava.Harvey@dtaa.com;Lilah.Hermione.Parrish@dtaa.com;Avram.Nasim.Roach@dtaa.com,,,Edward.Hu.Pickett@dtaa.com,,36815,0
{Y8Z0-L1EI83FO-9140FACR},2010-02-23 09:32:05.0,EHP0795,Ross.Tanner.Clements@dtaa.com;Julian.Ulysses.Davidson@dtaa.com;Rina.Bianca.Velasquez@dtaa.com;Kato.Rafael.Hubbard@dtaa.com;Ramona.Simone.Parsons@charter.net,,,Edward.Hu.Pickett@dtaa.com,,39067,3
{X9N3-M4GV65EP-9721HJZR},2010-02-24 10:51:49.0,EHP0795,Alexandra.Tanisha.Vargas@dtaa.com,,,Edward.Hu.Pickett@dtaa.com,,35066,0
{K0D1-W9MN06XM-0336KEFB},2010-02-25 14:56:44.0,EHP0795,Julian.Ulysses.Davidson@dtaa.com,,,Edward.Hu.Pickett@dtaa.com,,26710,0
{V3L4-O8IT00AW-8262XMHY},2010-02-26 14:56:08.0,EHP0795,Moses.Quincy.Finch@dtaa.com;Kasper.Zeph.Moran@dtaa.com,,,Edward.Hu.Pickett@dtaa.com,,31074,0
{V9Q8-L9LR86RR-0263ZJLS},2010-03-01 13:14:26.0,EHP0795,Rebekah.Orla.Moreno@dtaa.com;Sigourney.Erin.Gilbert@dtaa.com;Avram.Nasim.Roach@dtaa.com;Brenden.Rahim.Sweeney@dtaa.com,,,Edward.Hu.Pickett@dtaa.com,,21025,2
{S1Z0-F1KC72HQ-0262YVBS},2010-03-02 10:14:31.0,EHP0795,Leo.Edward.Hopkins@dtaa.com,,,Edward.Hu.Pickett@dtaa.com,,22377,0
{L3Z9-P3UR33JS-2192JSDM},2010-03-03 15:09:52.0,EHP0795,Jennifer.Abigail.Ortega@dtaa.com,,,Edward.Hu.Pickett@dtaa.com,,33428,0
{M7F5-F2VM46LJ-6287VSHV},2010-03-04 08:41:19.0,EHP0795,Jeanette.Vera.Carlson@dtaa.com;Shaeleigh.Melinda.Diaz@dtaa.com;Suki.Mallory.Baker@dtaa.com;Ross.Tanner.Clements@dtaa.com;Hector.Davis.Ellison@dtaa.com,,,Edward.Hu.Pickett@dtaa.com,,24616,0
{B7X5-C3YN28RK-4622JBCX},2010-03-05 15:01:37.0,EHP0795,Allen.Conan.Winters@dtaa.com,,,Edward.Hu.Pickett@dtaa.com,,22392,0
{V6E3-L2EA16EF-7743FUJS},2010-03-09 13:58:24.0,EHP0795,Hector.Davis.Ellison@dtaa.com;Halee.Tallulah.Wynn@dtaa.com,,,Edward.Hu.Pickett@dtaa.com,,44448,0
{M8Z0-J8YP16FO-0027CEUM},2010-03-10 14:49:51.0,EHP0795,Leo.Edward.Hopkins@dtaa.com;Fletcher.Yasir.Bright@yahoo.com,,,Edward.Hu.Pickett@dtaa.com,,14753,0
{A6Q0-Q7CB22BX-5477UVLU},2010-03-11 15:02:25.0,EHP0795,Fletcher.Yasir.Bright@yahoo.com,,,Edward.Hu.Pickett@dtaa.com,,20893,0
{A5O8-D7HW18EF-2454NTIB},2010-03-12 10:50:14.0,EHP0795,Denise.Lacy.Harmon@dtaa.com;Halee.Tallulah.Wynn@dtaa.com;Cole.Thor.Manning@dtaa.com,,,Edward.Hu.Pickett@dtaa.com,,42939,0
{P8G5-O2GC67IQ-9369KPWS},2010-03-15 09:34:20.0,EHP0795,Samuel.Tad.Acevedo@dtaa.com;Brianna.Ruby.Bender@dtaa.com;Eden.Ahmed.Fitzgerald@dtaa.com,,,Edward.Hu.Pickett@dtaa.com,,30900,0
{V1M1-T5QK97XY-0910VASD},2010-03-16 14:29:54.0,EHP0795,Avram.Nasim.Roach@dtaa.com,,,Edward.Hu.Pickett@dtaa.com,,20846,0
{K2G9-D1CM23OO-2821JDMP},2010-03-17 13:23:55.0,EHP0795,Prescott.Chase.Lowe@dtaa.com;Alfreda.Aline.Sweeney@dtaa.com,,,Edward.Hu.Pickett@dtaa.com,,28102,0
{V6K7-Z7PV55DI-4265UFFX},2010-03-18 08:26:25.0,EHP0795,Curran.Yoshio.Mcknight@dtaa.com,,,Edward.Hu.Pickett@dtaa.com,,16125,1
{O7E4-C9WD20BO-7345PVGV},2010-03-19 13:48:25.0,EHP0795,Julian.Ulysses.Davidson@dtaa.com;Eden.Ahmed.Fitzgerald@dtaa.com;Curran.Yoshio.Mcknight@dtaa.com;Yetta.Chava.Harvey@dtaa.com;Rebekah.Orla.Moreno@dtaa.com,,,Edward.Hu.Pickett@dtaa.com,,18494,0
{X4T4-M6RF69ED-6806RRGR},2010-03-22 14:19:44.0,EHP0795,Allen.Conan.Winters@dtaa.com;Donna.Shelby.Rasmussen@northropgrumman.com,,,Edward.Hu.Pickett@dtaa.com,,27944,0
{N9U4-Y8OE05TN-1435VAGW},2010-03-23 13:21:50.0,EHP0795,Edan.Colton.Richards@dtaa.com;Rina.Bianca.Velasquez@dtaa.com;Brianna.Ruby.Bender@dtaa.com;Avram.Nasim.Roach@dtaa.com,,,Edward.Hu.Pickett@dtaa.com,,24560,1
{S2I3-V5IM75TZ-6535JWJA},2010-03-24 09:44:10.0,EHP0795,Moses.Quincy.Finch@dtaa.com;Yetta.Chava.Harvey@dtaa.com;Kylan.Chiquita.Sampson@juno.com;Fitzgerald.Aquila.Hoffman@northropgrumman.com,,,Edward.Hu.Pickett@dtaa.com,,37493,0
{J2S4-Y2RA04OW-4409QLSA},2010-03-25 14:13:42.0,EHP0795,Fletcher.Yasir.Bright@yahoo.com,,,Edward.Hu.Pickett@dtaa.com,,30325,0
{R2Z0-J6GR80TB-8702KBKZ},2010-03-26 14:44:23.0,EHP0795,Edan.Colton.Richards@dtaa.com,,,Edward.Hu.Pickett@dtaa.com,,19430,0
{B4U2-A0RP89VU-9042IZIP},2010-03-29 11:00:10.0,EHP0795,Denise.Lacy.Harmon@dtaa.com;Ross.Tanner.Clements@dtaa.com;Halee.Tallulah.Wynn@dtaa.com,,,Edward.Hu.Pickett@dtaa.com,,48339,0
{Z9I8-G4OG75OK-7648QNPG},2010-03-30 13:08:58.0,EHP0795,Sigourney.Erin.Gilbert@dtaa.com,,,Edward.Hu.Pickett@dtaa.com,,15514,1
{J6P5-I5IQ50BU-0668ETDC},2010-03-31 13:46:32.0,EHP0795,Ivy.Inez.Sharpe@dtaa.com,,,Edward.Hu.Pickett@dtaa.com,,37346,0
{P2T9-S7QQ62FI-9018KHEL},2010-04-01 09:35:24.0,EHP0795,Jeanette.Vera.Carlson@dtaa.com;Denise.Lacy.Harmon@dtaa.com,,,Edward.Hu.Pickett@dtaa.com,,15073,0
{J7P5-F0FD47DW-0597IJBT},2010-04-05 08:52:24.0,EHP0795,Damon.Rashad.Weaver@dtaa.com;Rina.Bianca.Velasquez@dtaa.com;Hector.Davis.Ellison@dtaa.com,,,Edward.Hu.Pickett@dtaa.com,,23714,1
{Y5O4-X0LP58EE-0158SJVG},2010-04-06 09:33:18.0,EHP0795,Shaeleigh.Melinda.Diaz@dtaa.com;Rina.Bianca.Velasquez@dtaa.com;Joshua.Jamal.Bowen@dtaa.com;Kato.Rafael.Hubbard@dtaa.com,,,Edward.Hu.Pickett@dtaa.com,,19250,2
{C8C4-E2VF27AQ-2095PESY},2010-04-07 10:56:45.0,EHP0795,Edan.Colton.Richards@dtaa.com;Cole.Thor.Manning@dtaa.com,,,Edward.Hu.Pickett@dtaa.com,,28958,0
{Z3P7-S2JO17DA-1235PAJU},2010-04-08 09:15:14.0,EHP0795,Edan.Colton.Richards@dtaa.com,,,Edward.Hu.Pickett@dtaa.com,,17454,0
{R5W7-Z9AP91XA-0150EYXS},2010-04-09 08:29:08.0,EHP0795,Ross.Tanner.Clements@dtaa.com,,,Edward.Hu.Pickett@dtaa.com,,23981,0
{B7S5-L7NY14IU-1925KIJW},2010-04-12 13:11:50.0,EHP0795,Luke.Emerson.Bentley@charter.net,,,Edward.Hu.Pickett@dtaa.com,,25161,1
{Z5U8-A3BL61IA-8931TERF},2010-04-13 09:25:16.0,EHP0795,Eden.Ahmed.Fitzgerald@dtaa.com;Julian.Ulysses.Davidson@dtaa.com,,,Edward.Hu.Pickett@dtaa.com,,27097,0
{W1U9-U0PT88JT-6069JCLJ},2010-04-14 13:27:23.0,EHP0795,Ivy.Inez.Sharpe@dtaa.com,,,Edward.Hu.Pickett@dtaa.com,,27781,0
{B1M6-R7WH45SC-6773QTLZ},2010-04-15 09:44:44.0,EHP0795,Kato.Rafael.Hubbard@dtaa.com,,,Edward.Hu.Pickett@dtaa.com,,29155,0
{Q7Q5-E9SL33PB-3330TKXZ},2010-04-16 12:11:47.0,EHP0795,Denise.Lacy.Harmon@dtaa.com;Halee.Tallulah.Wynn@dtaa.com;Gay.Kylynn.Holden@dtaa.com;Curran.Yoshio.Mcknight@dtaa.com;Maya.Iona.Huff@dtaa.com,,,Edward.Hu.Pickett@dtaa.com,,31401,0
{C7J9-R8XG33WA-1574MYEJ},2010-04-19 10:50:25.0,EHP0795,Rina.Bianca.Velasquez@dtaa.com;Curran.Yoshio.Mcknight@dtaa.com;Halee.Tallulah.Wynn@dtaa.com,,,Edward.Hu.Pickett@dtaa.com,,29374,0
{L3U4-J7MZ49RV-0116LBEG},2010-04-20 10:07:31.0,EHP0795,Avram.Nasim.Roach@dtaa.com,,,Edward.Hu.Pickett@dtaa.com,,38259,0
{K4Y3-F6AY34YR-9808UEYY},2010-04-21 13:59:47.0,EHP0795,Halee.Tallulah.Wynn@dtaa.com;Rina.Bianca.Velasquez@dtaa.com,,,Edward.Hu.Pickett@dtaa.com,,26643,0
{J6F8-I3SJ36BF-3349SLSA},2010-04-22 13:11:44.0,EHP0795,Jennifer.Abigail.Ortega@dtaa.com,,,Edward.Hu.Pickett@dtaa.com,,47695,0
{Q5H8-S4TF05NR-7182SVBW},2010-04-23 08:26:29.0,EHP0795,Rogan.August.Reed@dtaa.com,,,Edward.Hu.Pickett@dtaa.com,,30239,0
{H0J7-W6OO21GI-3973FFRR},2010-04-26 13:37:20.0,EHP0795,Shaeleigh.Melinda.Diaz@dtaa.com,,,Edward.Hu.Pickett@dtaa.com,,15295,0
{G0B7-V7PV88SG-9979RIAC},2010-04-27 09:06:59.0,EHP0795,Ross.Tanner.Clements@dtaa.com;Eden.Ahmed.Fitzgerald@dtaa.com;Fitzgerald.Aquila.Hoffman@northropgrumman.com,,,Edward.Hu.Pickett@dtaa.com,,20353,0
{C5F5-Q8RZ27WB-6705UVVV},2010-04-28 13:54:03.0,EHP0795,Hanae.Rhiannon.Lindsey@dtaa.com;Anastasia.Tashya.Trevino@dtaa.com,,,Edward.Hu.Pickett@dtaa.com,,23028,0
{V5I3-Z6BX03ZC-7538NYBR},2010-04-29 10:34:59.0,EHP0795,Kato.Rafael.Hubbard@dtaa.com,,,Edward.Hu.Pickett@dtaa.com,,59907,0
{X4L4-U4NF40UN-8107SBCI},2010-04-30 12:15:41.0,EHP0795,Denise.Lacy.Harmon@dtaa.com;Brianna.Ruby.Bender@dtaa.com,,,Edward.Hu.Pickett@dtaa.com,,25474,0
{U5Y3-D4LK84NP-5452OFCU},2010-05-03 09:23:53.0,EHP0795,Prescott.Chase.Lowe@dtaa.com,,,Edward.Hu.Pickett@dtaa.com,,21958,0
{A1U7-J8JN67UI-1770XIAS},2010-05-04 13:35:23.0,EHP0795,Yetta.Chava.Harvey@dtaa.com,,,Edward.Hu.Pickett@dtaa.com,,27625,0
{S5J9-A4NC30IG-3623VPNK},2010-05-05 09:31:22.0,EHP0795,Brenden.Rahim.Sweeney@dtaa.com,,,Edward.Hu.Pickett@dtaa.com,,23662,0
{H9P2-W2MR60UG-1799XOBI},2010-05-06 14:21:27.0,EHP0795,Brianna.Ruby.Bender@dtaa.com,,,Edward.Hu.Pickett@dtaa.com,,20346,0
{R2U9-S2RR46AE-3819GYWY},2010-05-07 14:32:33.0,EHP0795,Ivy.Inez.Sharpe@dtaa.com,,,Edward.Hu.Pickett@dtaa.com,,33736,1
{E0B9-G6IR31IH-2507IBDF},2010-05-10 15:04:27.0,EHP0795,Shaeleigh.Melinda.Diaz@dtaa.com;Amir.August.Roy@dtaa.com;Brenden.Rahim.Sweeney@dtaa.com;Fletcher.Yasir.Bright@yahoo.com;Fitzgerald.Aquila.Hoffman@northropgrumman.com,,,Edward.Hu.Pickett@dtaa.com,,32167,0
{T3I9-Z2UA29SW-5380CQUE},2010-05-11 09:29:05.0,EHP0795,Jerome.Alec.Wallace@dtaa.com;Allen.Conan.Winters@dtaa.com;Yetta.Chava.Harvey@dtaa.com,,,Edward.Hu.Pickett@dtaa.com,,29293,0
{E5S7-G0BY64UV-4050EVQY},2010-05-12 14:47:18.0,EHP0795,Cole.Thor.Manning@dtaa.com;Sigourney.Erin.Gilbert@dtaa.com,,,Edward.Hu.Pickett@dtaa.com,,22295,0
{J5D4-N6XP06NF-9971YKCL},2010-05-13 12:39:43.0,EHP0795,Cole.Thor.Manning@dtaa.com;Hector.Davis.Ellison@dtaa.com;Denise.Lacy.Harmon@dtaa.com,,,Edward.Hu.Pickett@dtaa.com,,16890,0
{O5B9-M2OP50OU-0811ZFQC},2010-05-14 15:02:09.0,EHP0795,Joel.Ezra.Parks@dtaa.com;Fitzgerald.Aquila.Hoffman@northropgrumman.com,,,Edward.Hu.Pickett@dtaa.com,,22780,0
{X7A4-K2ZA56UX-3530LCQB},2010-05-17 10:51:44.0,EHP0795,Lilah.Hermione.Parrish@dtaa.com;Aaron.Dolan.Hill@dtaa.com,,,Edward.Hu.Pickett@dtaa.com,,47346,0
{K1U7-Z8LY73KZ-4892PJCC},2010-05-18 09:20:15.0,EHP0795,MacKenzie.Yael.Beasley@dtaa.com,,,Edward.Hu.Pickett@dtaa.com,,40716,0
{P7P7-Z6SX80BA-7816APIW},2010-05-19 15:10:50.0,EHP0795,Fletcher.Yasir.Bright@yahoo.com;Donna.Shelby.Rasmussen@northropgrumman.com,,,Edward.Hu.Pickett@dtaa.com,,25514,0
{C3D3-M4BT58SF-4117IAAK},2010-05-20 10:11:32.0,EHP0795,Leo.Edward.Hopkins@dtaa.com;Julian.Ulysses.Davidson@dtaa.com;Shaeleigh.Melinda.Diaz@dtaa.com,,,Edward.Hu.Pickett@dtaa.com,,62134,5
{O1A0-A4GI54AD-4620NAVA},2010-05-21 11:43:00.0,EHP0795,Olivia.Lacy.Mcpherson@dtaa.com;Hector.Davis.Ellison@dtaa.com;Leo.Edward.Hopkins@dtaa.com,,,Edward.Hu.Pickett@dtaa.com,,32904,0
{B4V3-V8LG77GJ-1301JVBB},2010-05-24 14:12:46.0,EHP0795,Chadwick.Sebastian.Mcclain@dtaa.com,,,Edward.Hu.Pickett@dtaa.com,,66302,0
{E5P6-H0RV65GO-4653LDAC},2010-05-25 08:23:47.0,EHP0795,Orson.Abbot.Walker@dtaa.com,,,Edward.Hu.Pickett@dtaa.com,,25210,0
{T8W5-C9RB41BF-5193NGFD},2010-05-26 11:25:31.0,EHP0795,Kasper.Zeph.Moran@dtaa.com,,,Edward.Hu.Pickett@dtaa.com,,17206,0
{A3Z6-H0MG66CX-7588JNHD},2010-05-27 12:16:26.0,EHP0795,Prescott.Chase.Lowe@dtaa.com;Leo.Edward.Hopkins@dtaa.com;Jennifer.Abigail.Ortega@dtaa.com;Fitzgerald.Aquila.Hoffman@northropgrumman.com,,,Edward.Hu.Pickett@dtaa.com,,36441,3
{B8N9-Q1CZ93VQ-5314CGHQ},2010-05-28 11:16:42.0,EHP0795,Quemby.Charity.Dudley@dtaa.com;Edan.Colton.Richards@dtaa.com,,,Edward.Hu.Pickett@dtaa.com,,29523,0
{Z5V5-V0KH01DN-8296VBCZ},2010-06-01 12:33:27.0,EHP0795,Joel.Ezra.Parks@dtaa.com,,,Edward.Hu.Pickett@dtaa.com,,16567,1
{V0Q6-G1FQ32IX-7998QXSU},2010-06-02 13:30:12.0,EHP0795,Avram.Nasim.Roach@dtaa.com;Donna.Shelby.Rasmussen@northropgrumman.com;Fitzgerald.Aquila.Hoffman@northropgrumman.com;Fletcher.Yasir.Bright@yahoo.com,,,Edward.Hu.Pickett@dtaa.com,,35007,0
{A1Y2-A9QP01SE-6383DHYE},2010-06-03 14:38:07.0,EHP0795,Kasper.Zeph.Moran@dtaa.com;Abbot.Jeremy.Cabrera@harris.com,,,Edward.Hu.Pickett@dtaa.com,,23255,0
{C9C5-V2JS95GD-8167WYCQ},2010-06-04 12:25:33.0,EHP0795,Joel.Ezra.Parks@dtaa.com;Donna.Shelby.Rasmussen@northropgrumman.com,,,Edward.Hu.Pickett@dtaa.com,,21883,0
{Y6F6-M3CH30RD-7237PHOV},2010-06-07 14:38:44.0,EHP0795,Brianna.Ruby.Bender@dtaa.com;Brenden.Rahim.Sweeney@dtaa.com,,,Edward.Hu.Pickett@dtaa.com,,19972,0
{L3V6-C9PN86GV-8548ZIHD},2010-06-08 10:52:57.0,EHP0795,Edan.Colton.Richards@dtaa.com,,,Edward.Hu.Pickett@dtaa.com,,25974,0
{P6R9-I1FV12UV-8110AZOI},2010-06-09 14:39:53.0,EHP0795,Joel.Ezra.Parks@dtaa.com;Jennifer.Abigail.Ortega@dtaa.com;Prescott.Chase.Lowe@dtaa.com,,,Edward.Hu.Pickett@dtaa.com,,32386,0
{Z7Q7-M4JB66ZC-2438HQYO},2010-06-10 10:43:48.0,EHP0795,Ross.Tanner.Clements@dtaa.com;Rebekah.Orla.Moreno@dtaa.com;Donna.Shelby.Rasmussen@northropgrumman.com,,,Edward.Hu.Pickett@dtaa.com,,27753,0
{E8T6-Z4SI88QW-6730OLZI},2010-06-11 14:16:24.0,EHP0795,Brenden.Rahim.Sweeney@dtaa.com;Fletcher.Yasir.Bright@yahoo.com,,,Edward.Hu.Pickett@dtaa.com,,34177,0
{E6H7-B9XP52AL-3635PFEU},2010-06-14 10:37:27.0,EHP0795,Sigourney.Erin.Gilbert@dtaa.com;Moses.Quincy.Finch@dtaa.com;Jennifer.Abigail.Ortega@dtaa.com;Donna.Shelby.Rasmussen@northropgrumman.com,,,Edward.Hu.Pickett@dtaa.com,,17217,0
{Z1G4-N5QJ84DN-5691MFDM},2010-06-15 09:04:24.0,EHP0795,Ross.Tanner.Clements@dtaa.com;Prescott.Chase.Lowe@dtaa.com,,,Edward.Hu.Pickett@dtaa.com,,31758,0
{L5L0-I0RD06FL-1602GEZU},2010-06-16 13:36:39.0,EHP0795,Kato.Rafael.Hubbard@dtaa.com,,,Edward.Hu.Pickett@dtaa.com,,19193,0
{Q2C5-F6EP50FZ-3973AYQM},2010-06-17 08:47:34.0,EHP0795,Ross.Tanner.Clements@dtaa.com,,,Edward.Hu.Pickett@dtaa.com,,33509,0
{T8F5-C7AW97UW-0799NFQR},2010-06-18 12:23:47.0,EHP0795,Curran.Yoshio.Mcknight@dtaa.com,,,Edward.Hu.Pickett@dtaa.com,,38873,0
{B7V0-P6HK42OC-6167ELEQ},2010-06-21 14:00:49.0,EHP0795,Avram.Nasim.Roach@dtaa.com,,,Edward.Hu.Pickett@dtaa.com,,27478,0
{Y2U3-Z9CA10YJ-1017DZDK},2010-06-22 10:55:06.0,EHP0795,Ross.Tanner.Clements@dtaa.com;Brenden.Rahim.Sweeney@dtaa.com,,,Edward.Hu.Pickett@dtaa.com,,24574,0
{K3O5-H9KH34RF-3267BHDN},2010-06-23 13:36:04.0,EHP0795,Hector.Davis.Ellison@dtaa.com,,,Edward.Hu.Pickett@dtaa.com,,22854,3
{W7T7-R3IU14AP-4443FDSD},2010-06-24 14:52:29.0,EHP0795,Donna.Shelby.Rasmussen@northropgrumman.com,,,Edward.Hu.Pickett@dtaa.com,,26298,0
{V5V7-H8IX35RZ-9763VNDF},2010-06-25 10:37:36.0,EHP0795,Jeanette.Vera.Carlson@dtaa.com;Shaeleigh.Melinda.Diaz@dtaa.com,,,Edward.Hu.Pickett@dtaa.com,,31345,0
{P5E3-I5LI99BV-7050EDGN},2010-06-28 08:44:50.0,EHP0795,Edan.Colton.Richards@dtaa.com;Denise.Lacy.Harmon@dtaa.com;Fitzgerald.Aquila.Hoffman@northropgrumman.com,,,Edward.Hu.Pickett@dtaa.com,,34307,5
{W9A4-F0HJ73TC-1408PVUP},2010-06-29 14:28:34.0,EHP0795,Eden.Ahmed.Fitzgerald@dtaa.com;Branden.Oren.Landry@verizon.net,,,Edward.Hu.Pickett@dtaa.com,,21321,0
{D7B2-N8LK50XH-3156CYTM},2010-06-30 13:26:39.0,EHP0795,Joel.Ezra.Parks@dtaa.com,,,Edward.Hu.Pickett@dtaa.com,,29951,0
{G2I2-H1JP18WF-6713JMXR},2010-07-01 08:15:51.0,EHP0795,Cole.Thor.Manning@dtaa.com;Shaeleigh.Melinda.Diaz@dtaa.com,,,Edward.Hu.Pickett@dtaa.com,,33743,0
{V5V3-O3UM23CD-9169VMAH},2010-07-02 12:06:04.0,EHP0795,Kato.Rafael.Hubbard@dtaa.com;Edan.Colton.Richards@dtaa.com;Prescott.Chase.Lowe@dtaa.com,,,Edward.Hu.Pickett@dtaa.com,,17414,1
{S4Y9-L0DY72CJ-3131LBXW},2010-07-06 08:39:35.0,EHP0795,Sigourney.Erin.Gilbert@dtaa.com,,,Edward.Hu.Pickett@dtaa.com,,37937,0
{T1R5-N9VL84TP-1055OPGX},2010-07-07 13:40:10.0,EHP0795,Cole.Thor.Manning@dtaa.com,,,Edward.Hu.Pickett@dtaa.com,,40041,0
{L2F2-Q0IB23TI-9941RCPC},2010-07-08 12:15:06.0,EHP0795,Moses.Quincy.Finch@dtaa.com;Denise.Lacy.Harmon@dtaa.com;Fletcher.Yasir.Bright@yahoo.com;Donna.Shelby.Rasmussen@northropgrumman.com;Fitzgerald.Aquila.Hoffman@northropgrumman.com,,,Edward.Hu.Pickett@dtaa.com,,20698,0
{Q6B1-U4DO89MD-4195FRZS},2010-07-09 14:48:08.0,EHP0795,Omar.Christopher.Calderon@dtaa.com,,,Edward.Hu.Pickett@dtaa.com,,21250,0
{L0V2-T2DG11AT-2501DGFL},2010-07-12 14:32:23.0,EHP0795,Jennifer.Abigail.Ortega@dtaa.com;Jeanette.Vera.Carlson@dtaa.com,,,Edward.Hu.Pickett@dtaa.com,,42072,0
{Y8D0-E7CN93YP-6145NRZN},2010-07-13 13:39:29.0,EHP0795,Julian.Ulysses.Davidson@dtaa.com,,,Edward.Hu.Pickett@dtaa.com,,37538,0
{J5M0-Y6XX61VF-9461ZETR},2010-07-14 14:56:50.0,EHP0795,Rina.Bianca.Velasquez@dtaa.com,,,Edward.Hu.Pickett@dtaa.com,,37402,0
{W7Z1-J5GU76FY-3466EZJE},2010-07-15 10:12:02.0,EHP0795,Allen.Conan.Winters@dtaa.com;Hector.Davis.Ellison@dtaa.com;Leo.Edward.Hopkins@dtaa.com,,,Edward.Hu.Pickett@dtaa.com,,25585,7
{T8C6-M5CS00ZH-4071VLAC},2010-07-16 10:03:56.0,EHP0795,Shaeleigh.Melinda.Diaz@dtaa.com,,,Edward.Hu.Pickett@dtaa.com,,30575,0
{V8X7-Q2RG71FO-8807JEPT},2010-07-19 15:08:53.0,EHP0795,Eden.Ahmed.Fitzgerald@dtaa.com,,,Edward.Hu.Pickett@dtaa.com,,26855,0
{M7V1-Y3XB15VB-5233JHCI},2010-07-20 13:30:58.0,EHP0795,Jennifer.Abigail.Ortega@dtaa.com,,,Edward.Hu.Pickett@dtaa.com,,37311,0
{Z8T8-L4JQ20LF-3290SLQR},2010-07-21 14:34:03.0,EHP0795,Julian.Ulysses.Davidson@dtaa.com,,,Edward.Hu.Pickett@dtaa.com,,43058,0
{V3Q8-D1UZ25HS-9327JPRS},2010-07-22 12:40:36.0,EHP0795,Avram.Nasim.Roach@dtaa.com;Allen.Conan.Winters@dtaa.com;Fitzgerald.Aquila.Hoffman@northropgrumman.com,,,Edward.Hu.Pickett@dtaa.com,,32013,1
{D4F9-N1VB31VG-6204PVNZ},2010-07-23 13:17:40.0,EHP0795,Joel.Ezra.Parks@dtaa.com,,,Edward.Hu.Pickett@dtaa.com,,37040,0
{M4J7-E7ZB08XB-6618HAWR},2010-07-26 14:27:23.0,EHP0795,Leo.Edward.Hopkins@dtaa.com,,,Edward.Hu.Pickett@dtaa.com,,27293,0
{L7M0-Z6CR07NT-1503RZXC},2010-07-27 08:31:24.0,EHP0795,Julian.Ulysses.Davidson@dtaa.com,,,Edward.Hu.Pickett@dtaa.com,,33229,0
{E1I3-N6PI12ZW-3560KAEF},2010-07-28 14:56:59.0,EHP0795,Fitzgerald.Aquila.Hoffman@northropgrumman.com,,,Edward.Hu.Pickett@dtaa.com,,27096,0
{O2K1-L5US28YY-5132TCMW},2010-07-29 09:18:16.0,EHP0795,Moses.Quincy.Finch@dtaa.com;Edan.Colton.Richards@dtaa.com;Chadwick.Sebastian.Mcclain@dtaa.com,,,Edward.Hu.Pickett@dtaa.com,,31060,0
{F4S3-N8PX58KL-8782UVWM},2010-07-30 09:39:01.0,EHP0795,Edan.Colton.Richards@dtaa.com,,,Edward.Hu.Pickett@dtaa.com,,42786,0
{H2M0-F0FE25FI-3182PSIA},2010-08-02 11:39:17.0,EHP0795,Rina.Bianca.Velasquez@dtaa.com,,,Edward.Hu.Pickett@dtaa.com,,31657,1
{R7Y9-W7HG88NH-8822PWUI},2010-08-03 13:18:07.0,EHP0795,Demetria.Ignacia.Aguilar@dtaa.com;Denise.Lacy.Harmon@dtaa.com,,,Edward.Hu.Pickett@dtaa.com,,29953,0
{N3D2-L9EY27EA-1144SZYS},2010-08-04 13:18:51.0,EHP0795,Shaeleigh.Melinda.Diaz@dtaa.com;Hector.Davis.Ellison@dtaa.com;Fitzgerald.Aquila.Hoffman@northropgrumman.com,,,Edward.Hu.Pickett@dtaa.com,,28089,1
{Q3G0-Z2YJ32AM-7453JBQP},2010-08-05 12:40:26.0,EHP0795,Ivy.Inez.Sharpe@dtaa.com,,,Edward.Hu.Pickett@dtaa.com,,19918,0
{O2N9-D5LV38XF-1851NBTD},2010-08-06 09:40:43.0,EHP0795,Denise.Lacy.Harmon@dtaa.com,,,Edward.Hu.Pickett@dtaa.com,,29632,0
{N1O9-G9QJ70JG-0466GXHO},2010-08-09 12:04:40.0,EHP0795,Julian.Ulysses.Davidson@dtaa.com,,,Edward.Hu.Pickett@dtaa.com,,27555,0
{J4U7-R3OH22WN-6255WJHA},2010-08-10 14:08:07.0,EHP0795,Yetta.Chava.Harvey@dtaa.com;Allen.Conan.Winters@dtaa.com,,,Edward.Hu.Pickett@dtaa.com,,37547,0
{W7C0-Y3NG91LB-0457BGPQ},2010-08-11 14:07:09.0,EHP0795,Melvin.Demetrius.Larson@earthlink.net;Fitzgerald.Aquila.Hoffman@northropgrumman.com,,,Edward.Hu.Pickett@dtaa.com,,14821,0
{Y8Z2-X8DF04NL-9472BFLQ},2010-08-12 13:37:37.0,EHP0795,Ivy.Inez.Sharpe@dtaa.com;Rina.Bianca.Velasquez@dtaa.com;Prescott.Chase.Lowe@dtaa.com;Ivory.Ann.Shelton@dtaa.com;Shaeleigh.Melinda.Diaz@dtaa.com,,,Edward.Hu.Pickett@dtaa.com,,24745,8
{Z2D0-X5PY01FQ-2704RABO},2010-08-13 09:19:24.0,EHP0795,Troy.Michael.Little@dtaa.com,,,Edward.Hu.Pickett@dtaa.com,,31840,0
{L3C3-C6RW57QX-4548TCNI},2010-08-16 14:03:55.0,EHP0795,Sigourney.Erin.Gilbert@dtaa.com,,,Edward.Hu.Pickett@dtaa.com,,37115,0
{U6K6-R3ET58EZ-3715KNRZ},2010-08-17 15:14:00.0,EHP0795,Brianna.Ruby.Bender@dtaa.com,,,Edward.Hu.Pickett@dtaa.com,,31146,0
{C8W2-L4LY22QW-9462PRRS},2010-08-18 14:45:22.0,EHP0795,Rina.Bianca.Velasquez@dtaa.com,,,Edward.Hu.Pickett@dtaa.com,,26220,1
{F3B6-T9UQ34QP-5779GVRB},2010-08-19 10:58:45.0,EHP0795,Prescott.Chase.Lowe@dtaa.com;Jeanette.Vera.Carlson@dtaa.com;Kasper.Zeph.Moran@dtaa.com,,,Edward.Hu.Pickett@dtaa.com,,34655,0
{I5W3-M1YW69DR-6632XUFV},2010-08-20 12:03:48.0,EHP0795,Rina.Bianca.Velasquez@dtaa.com,,,Edward.Hu.Pickett@dtaa.com,,34639,0
{B5A0-J1MZ35OZ-6215IVKR},2010-08-23 14:10:30.0,EHP0795,Curran.Yoshio.Mcknight@dtaa.com;Ivy.Inez.Sharpe@dtaa.com;Jeanette.Vera.Carlson@dtaa.com,,,Edward.Hu.Pickett@dtaa.com,,30888,0
{Q3E9-J2PZ13JB-2224UJZU},2010-08-24 09:24:18.0,EHP0795,Brianna.Ruby.Bender@dtaa.com,,,Edward.Hu.Pickett@dtaa.com,,32413,0
{Z7K9-V1NR15AJ-5858NFFN},2010-08-25 13:11:51.0,EHP0795,Robert.Harrison.Richard@dtaa.com,,,Edward.Hu.Pickett@dtaa.com,,28675,0
{T6K7-E2LA76NY-0991URHC},2010-08-26 09:40:33.0,EHP0795,Jeanette.Vera.Carlson@dtaa.com,,,Edward.Hu.Pickett@dtaa.com,,34067,0
{B5R6-S0TR62XS-9965RZON},2010-08-27 10:24:16.0,EHP0795,Julian.Ulysses.Davidson@dtaa.com,,,Edward.Hu.Pickett@dtaa.com,,10856,0
{Q7P2-D5KY10CM-0264BWZF},2010-08-30 09:15:14.0,EHP0795,Cole.Thor.Manning@dtaa.com,,,Edward.Hu.Pickett@dtaa.com,,24262,0
{D0V7-F6SZ22CD-4863IWEE},2010-08-31 10:23:23.0,EHP0795,Prescott.Chase.Lowe@dtaa.com,,,Edward.Hu.Pickett@dtaa.com,,21998,0
{R4X5-X4TU97BI-2373JXTC},2010-09-01 08:38:20.0,EHP0795,Jeanette.Vera.Carlson@dtaa.com,,,Edward.Hu.Pickett@dtaa.com,,47668,0
{K9W8-D9NO69EL-4198GUDK},2010-09-02 14:54:19.0,EHP0795,Leo.Edward.Hopkins@dtaa.com,,,Edward.Hu.Pickett@dtaa.com,,29161,1
{H1N5-V4JU12JK-4893RDFO},2010-09-03 13:54:09.0,EHP0795,Edan.Colton.Richards@dtaa.com,,,Edward.Hu.Pickett@dtaa.com,,55292,0
{Y3B8-W2GG34UK-8632BBIP},2010-09-07 12:22:15.0,EHP0795,Brianna.Ruby.Bender@dtaa.com;Hector.Davis.Ellison@dtaa.com;Vaughan.Emery.Paul@dtaa.com,,,Edward.Hu.Pickett@dtaa.com,,48166,1
{B8H5-F6YY67WY-3659MOHP},2010-09-08 10:08:15.0,EHP0795,Kasper.Zeph.Moran@dtaa.com,,,Edward.Hu.Pickett@dtaa.com,,63728,0
{F3I7-Y7PH60DY-1931MMEA},2010-09-09 09:53:16.0,EHP0795,Eden.Ahmed.Fitzgerald@dtaa.com,,,Edward.Hu.Pickett@dtaa.com,,29926,0
{K5D0-E8MU55KV-2631OHKG},2010-09-10 09:36:43.0,EHP0795,Fletcher.Yasir.Bright@yahoo.com,,,Edward.Hu.Pickett@dtaa.com,,19113,0
{Z8R3-M3FZ44VK-1208YFLP},2010-09-13 13:03:14.0,EHP0795,Denise.Lacy.Harmon@dtaa.com;Avram.Nasim.Roach@dtaa.com;Gil.Walker.Gaines@dtaa.com;Kylan.Chiquita.Sampson@juno.com,,,Edward.Hu.Pickett@dtaa.com,,24184,0
{N0E5-R8YY68IN-2349GPJE},2010-09-14 11:04:59.0,EHP0795,Kasper.Zeph.Moran@dtaa.com;Prescott.Chase.Lowe@dtaa.com;Allen.Conan.Winters@dtaa.com;Cole.Thor.Manning@dtaa.com;Donna.Shelby.Rasmussen@northropgrumman.com,,,Edward.Hu.Pickett@dtaa.com,,26301,6
{Q8R1-K0IE24WP-1077SBQB},2010-09-15 09:37:17.0,EHP0795,Julian.Ulysses.Davidson@dtaa.com;Brenden.Rahim.Sweeney@dtaa.com;Halee.Tallulah.Wynn@dtaa.com;Jennifer.Abigail.Ortega@dtaa.com,,,Edward.Hu.Pickett@dtaa.com,,24372,0
{O9O4-E4EF24JU-3326YLAZ},2010-09-17 14:44:06.0,EHP0795,Halee.Tallulah.Wynn@dtaa.com,,,Edward.Hu.Pickett@dtaa.com,,28457,0
{P7S8-M9VP39UZ-4035APAP},2010-09-20 14:21:56.0,EHP0795,Denise.Lacy.Harmon@dtaa.com;Hector.Davis.Ellison@dtaa.com,,,Edward.Hu.Pickett@dtaa.com,,31407,0
{Q4K4-L5KB25XO-5314JURW},2010-09-21 15:07:10.0,EHP0795,Kasper.Zeph.Moran@dtaa.com;Avram.Nasim.Roach@dtaa.com;Rina.Bianca.Velasquez@dtaa.com,,,Edward.Hu.Pickett@dtaa.com,,20604,0
{Q9C4-O6ZE95LY-9337IKKF},2010-09-22 14:43:43.0,EHP0795,Chadwick.Sebastian.Mcclain@dtaa.com;Jennifer.Abigail.Ortega@dtaa.com;Kato.Rafael.Hubbard@dtaa.com;Ivy.Inez.Sharpe@dtaa.com,,,Edward.Hu.Pickett@dtaa.com,,27722,0
{E0L3-O2NQ92EI-6347GGMG},2010-09-23 13:43:01.0,EHP0795,Edan.Colton.Richards@dtaa.com,,,Edward.Hu.Pickett@dtaa.com,,32058,0
{U4K2-J5EF92QT-6825SJBF},2010-09-24 08:08:58.0,EHP0795,Hector.Davis.Ellison@dtaa.com,,,Edward.Hu.Pickett@dtaa.com,,21310,0
{B5R1-W5CH05ZB-7747GLEP},2010-09-27 09:17:30.0,EHP0795,Shaeleigh.Melinda.Diaz@dtaa.com;Avram.Nasim.Roach@dtaa.com;Eden.Ahmed.Fitzgerald@dtaa.com;Denise.Lacy.Harmon@dtaa.com;Marny.Scarlett.Dean@dtaa.com,,,Edward.Hu.Pickett@dtaa.com,,21657,1
{F1S5-K0VW84IG-6282TLCB},2010-09-28 13:40:18.0,EHP0795,Moses.Quincy.Finch@dtaa.com;Eden.Ahmed.Fitzgerald@dtaa.com,,,Edward.Hu.Pickett@dtaa.com,,20389,0
{T2F0-U8ST74KQ-1834NSMD},2010-09-29 12:05:31.0,EHP0795,Lilah.Hermione.Parrish@dtaa.com;Ross.Tanner.Clements@dtaa.com;Moses.Quincy.Finch@dtaa.com,,,Edward.Hu.Pickett@dtaa.com,,26884,0
{M1S7-I5VP50AH-6617ASUD},2010-09-30 08:52:52.0,EHP0795,Rebekah.Orla.Moreno@dtaa.com;Ann.Hannah.Dickerson@dtaa.com,,,Edward.Hu.Pickett@dtaa.com,,24116,0
{Z5A9-C5VV67RD-2742XESU},2010-10-01 09:00:52.0,EHP0795,Ivy.Inez.Sharpe@dtaa.com;Kato.Rafael.Hubbard@dtaa.com;Eden.Ahmed.Fitzgerald@dtaa.com;Jeanette.Quinn.Lott@harris.com,,,Edward.Hu.Pickett@dtaa.com,,43674,3
{P3P2-U9FU81NU-3901OLLY},2010-10-04 09:47:15.0,EHP0795,Prescott.Chase.Lowe@dtaa.com,,,Edward.Hu.Pickett@dtaa.com,,50075,0
{Z7Q4-C5KL65FZ-6712PKVN},2010-10-05 09:25:15.0,EHP0795,Ross.Tanner.Clements@dtaa.com;Chadwick.Sebastian.Mcclain@dtaa.com;Yetta.Chava.Harvey@dtaa.com,,,Edward.Hu.Pickett@dtaa.com,,51021,0
{S1W1-L6TW75PC-2154YHXY},2010-10-06 09:11:54.0,EHP0795,Sigourney.Erin.Gilbert@dtaa.com,,,Edward.Hu.Pickett@dtaa.com,,27167,0
{G1D3-G6HD06IA-8873COJH},2010-10-07 12:49:57.0,EHP0795,Colin.Orson.Finley@dtaa.com;Rebekah.Orla.Moreno@dtaa.com,,,Edward.Hu.Pickett@dtaa.com,,30668,0
{K2G1-B4SP86NA-2806FTHG},2010-10-08 08:55:24.0,EHP0795,Ivy.Inez.Sharpe@dtaa.com,,,Edward.Hu.Pickett@dtaa.com,,26482,0
{N3E9-O3OG25UO-3577MUFN},2010-10-11 11:03:58.0,EHP0795,Fitzgerald.Aquila.Hoffman@northropgrumman.com,,,Edward.Hu.Pickett@dtaa.com,,17154,0
{G6F4-N4WX86UM-0210QAFN},2010-10-12 09:53:55.0,EHP0795,Lilah.Hermione.Parrish@dtaa.com,,,Edward.Hu.Pickett@dtaa.com,,37441,0
{I7D4-I0ZJ92FE-4208THOA},2010-10-13 14:31:48.0,EHP0795,Jennifer.Abigail.Ortega@dtaa.com,,,Edward.Hu.Pickett@dtaa.com,,37239,0
{A5W0-E0RE34MJ-6596VIER},2010-10-14 10:53:24.0,EHP0795,Ross.Tanner.Clements@dtaa.com;Prescott.Chase.Lowe@dtaa.com,,,Edward.Hu.Pickett@dtaa.com,,29385,0
{X5G4-F6ND81JD-3736YYOM},2010-10-15 08:58:13.0,EHP0795,Curran.Yoshio.Mcknight@dtaa.com;Jeanette.Vera.Carlson@dtaa.com,,,Edward.Hu.Pickett@dtaa.com,,20319,0
{G4Y6-L9PF38QJ-8376FEUT},2010-10-18 14:58:32.0,EHP0795,Joel.Ezra.Parks@dtaa.com;Curran.Yoshio.Mcknight@dtaa.com;Mufutau.Kadeem.Dickson@dtaa.com,,,Edward.Hu.Pickett@dtaa.com,,27322,0
{L5X9-T9RS84MW-6203WNBO},2010-10-19 14:51:46.0,EHP0795,Joel.Ezra.Parks@dtaa.com;Ina.Karyn.Wilkerson@dtaa.com;Prescott.Chase.Lowe@dtaa.com,,,Edward.Hu.Pickett@dtaa.com,,20975,0
{Z7Z4-O3DB00VU-6187HXSO},2010-10-20 09:01:21.0,EHP0795,Allen.Conan.Winters@dtaa.com,,,Edward.Hu.Pickett@dtaa.com,,24283,1
{M9D9-C5PN96QQ-1482PGRU},2010-10-21 08:57:08.0,EHP0795,Curran.Yoshio.Mcknight@dtaa.com,,,Edward.Hu.Pickett@dtaa.com,,14144,0
{L2Y5-T7SL01YP-9514WSCD},2010-10-22 14:44:43.0,EHP0795,Hector.Davis.Ellison@dtaa.com,,,Edward.Hu.Pickett@dtaa.com,,13395,0
{Y7H1-Z8ZP74IK-5456QWLE},2010-10-25 09:06:44.0,EHP0795,Cole.Thor.Manning@dtaa.com,,,Edward.Hu.Pickett@dtaa.com,,29570,0
{H0N1-U7KV36SR-6251JWMQ},2010-10-26 10:31:27.0,EHP0795,Ivy.Inez.Sharpe@dtaa.com;Rebekah.Orla.Moreno@dtaa.com;Eden.Ahmed.Fitzgerald@dtaa.com,,,Edward.Hu.Pickett@dtaa.com,,19737,0
{Z8C4-N5EH70PJ-5943KQAR},2010-10-27 09:26:21.0,EHP0795,Ivy.Inez.Sharpe@dtaa.com;Eden.Ahmed.Fitzgerald@dtaa.com;Edan.Colton.Richards@dtaa.com;Halee.Tallulah.Wynn@dtaa.com;Xantha.Giselle.Douglas@juno.com,,,Edward.Hu.Pickett@dtaa.com,,22711,0
{O0T7-R1ML22LE-7352FOTZ},2010-10-28 14:21:19.0,EHP0795,Yetta.Chava.Harvey@dtaa.com;Brianna.Ruby.Bender@dtaa.com;Edan.Colton.Richards@dtaa.com,,,Edward.Hu.Pickett@dtaa.com,,24548,3
{I8N2-S2CM25ZX-2820EVOZ},2010-10-29 09:31:34.0,EHP0795,Ross.Tanner.Clements@dtaa.com,,,Edward.Hu.Pickett@dtaa.com,,28706,0
{B7A2-K2CA06GH-3159RAVF},2010-11-01 13:36:33.0,EHP0795,Lilah.Hermione.Parrish@dtaa.com,,,Edward.Hu.Pickett@dtaa.com,,33227,0
{L4Q0-A8LF45TC-8585SCEY},2010-11-02 11:54:22.0,EHP0795,Sigourney.Erin.Gilbert@dtaa.com;Leo.Edward.Hopkins@dtaa.com,,,Edward.Hu.Pickett@dtaa.com,,24174,0
{A2P6-G3UM63XE-3611FHKM},2010-11-03 15:06:26.0,EHP0795,Moses.Quincy.Finch@dtaa.com,,,Edward.Hu.Pickett@dtaa.com,,42569,0
{P8Y1-V4ZU60HA-8024CPXI},2010-11-04 09:31:14.0,EHP0795,Moses.Quincy.Finch@dtaa.com,,,Edward.Hu.Pickett@dtaa.com,,69757,0
{U7K6-L3QF60KS-4008XHZS},2010-11-05 08:17:07.0,EHP0795,Eden.Ahmed.Fitzgerald@dtaa.com,,,Edward.Hu.Pickett@dtaa.com,,24167,0
{Y8N2-D4GG16HV-1759UCUI},2010-11-08 09:05:12.0,EHP0795,Hector.Davis.Ellison@dtaa.com;Edan.Colton.Richards@dtaa.com;Ross.Tanner.Clements@dtaa.com;Donna.Shelby.Rasmussen@northropgrumman.com,,,Edward.Hu.Pickett@dtaa.com,,21577,0
{I6V9-Z4CK54NN-1363HHZQ},2010-11-09 08:30:14.0,EHP0795,Kato.Rafael.Hubbard@dtaa.com,,,Edward.Hu.Pickett@dtaa.com,,19926,0
{Q8D5-V4SY26KU-3614HCQC},2010-11-10 11:21:50.0,EHP0795,Beverly.Cheryl.Sweet@dtaa.com;Ivy.Inez.Sharpe@dtaa.com;Holmes.Troy.Burnett@dtaa.com,,,Edward.Hu.Pickett@dtaa.com,,38348,0
{S2C4-S3UG64HB-9439ZVLQ},2010-11-11 08:47:09.0,EHP0795,Cole.Thor.Manning@dtaa.com,,,Edward.Hu.Pickett@dtaa.com,,27774,0
{N8S0-Y3YD17IX-9166RGKJ},2010-11-12 11:14:44.0,EHP0795,Prescott.Chase.Lowe@dtaa.com;Lilah.Hermione.Parrish@dtaa.com;Tashya.Adria.Fowler@dtaa.com;Yetta.Chava.Harvey@dtaa.com,,,Edward.Hu.Pickett@dtaa.com,,28463,2
{Z9Q2-M6TG88KN-7466STGA},2010-11-15 10:52:02.0,EHP0795,Demetrius.Armando.Lara@dtaa.com,,,Edward.Hu.Pickett@dtaa.com,,33291,0
{V0P6-R0TU94LF-1135QIVD},2010-11-16 15:13:54.0,EHP0795,Curran.Yoshio.Mcknight@dtaa.com;Germaine.Cameran.Irwin@dtaa.com;Halee.Tallulah.Wynn@dtaa.com,,,Edward.Hu.Pickett@dtaa.com,,36034,0
{V1D4-Z5EJ23SF-4391KAHJ},2010-11-17 09:11:31.0,EHP0795,Jeanette.Vera.Carlson@dtaa.com;Leo.Edward.Hopkins@dtaa.com;Yetta.Chava.Harvey@dtaa.com;Fitzgerald.Aquila.Hoffman@northropgrumman.com;Fletcher.Yasir.Bright@yahoo.com,,,Edward.Hu.Pickett@dtaa.com,,24647,0
{X4M9-J1UN14BQ-8167TLXQ},2010-11-18 14:33:22.0,EHP0795,Brenden.Rahim.Sweeney@dtaa.com;Brianna.Ruby.Bender@dtaa.com;Fitzgerald.Aquila.Hoffman@northropgrumman.com,,,Edward.Hu.Pickett@dtaa.com,,16605,0
{A5B1-B9WA16TW-3269TCEC},2010-11-19 14:22:09.0,EHP0795,Leo.Edward.Hopkins@dtaa.com;Chadwick.Sebastian.Mcclain@dtaa.com,,,Edward.Hu.Pickett@dtaa.com,,29253,0
{W7T8-T4KP21YZ-9049TBOZ},2010-11-22 10:19:11.0,EHP0795,Hector.Davis.Ellison@dtaa.com;Brianna.Ruby.Bender@dtaa.com;Rina.Bianca.Velasquez@dtaa.com;Ray.Norman.Morton@dtaa.com,,,Edward.Hu.Pickett@dtaa.com,,29304,0
{H3A7-S5LX18IA-1695OCLP},2010-11-23 10:56:18.0,EHP0795,Lilah.Hermione.Parrish@dtaa.com;Chadwick.Sebastian.Mcclain@dtaa.com;Yetta.Chava.Harvey@dtaa.com,,,Edward.Hu.Pickett@dtaa.com,,16388,0
{E9S8-Z0JR85PK-1698EXWC},2010-11-24 10:12:26.0,EHP0795,Cole.Thor.Manning@dtaa.com;Yetta.Chava.Harvey@dtaa.com,,,Edward.Hu.Pickett@dtaa.com,,31638,0
{W8W4-A8FE65YZ-2505UEPS},2010-11-29 14:55:05.0,EHP0795,Ross.Tanner.Clements@dtaa.com,,,Edward.Hu.Pickett@dtaa.com,,23876,0
{X2S4-K9AQ04XV-1311OXIF},2010-11-30 08:23:43.0,EHP0795,Chadwick.Sebastian.Mcclain@dtaa.com,,,Edward.Hu.Pickett@dtaa.com,,46687,0
{B0M0-A0WX77PC-5867AROA},2010-12-01 11:02:52.0,EHP0795,Brenden.Rahim.Sweeney@dtaa.com,,,Edward.Hu.Pickett@dtaa.com,,24478,0
{L0L8-H8RM62TS-4299VRLA},2010-12-02 14:38:52.0,EHP0795,Julian.Ulysses.Davidson@dtaa.com;Prescott.Chase.Lowe@dtaa.com,,,Edward.Hu.Pickett@dtaa.com,,30393,0
{X8B8-J0SO98PR-9445PDLM},2010-12-03 08:41:31.0,EHP0795,Leo.Edward.Hopkins@dtaa.com;Kitra.MacKensie.Dillon@dtaa.com,,,Edward.Hu.Pickett@dtaa.com,,12127,0
{P9Q9-D7HM50RM-4746FNYE},2010-12-06 12:03:52.0,EHP0795,Jeanette.Vera.Carlson@dtaa.com;Julian.Ulysses.Davidson@dtaa.com;Todd.Amir.Cote@dtaa.com,,,Edward.Hu.Pickett@dtaa.com,,45694,0
{S9X1-W7TV23MT-0744FFAH},2010-12-07 13:39:01.0,EHP0795,Edan.Colton.Richards@dtaa.com,,,Edward.Hu.Pickett@dtaa.com,,18669,0
{P8V8-J8CY92MZ-6204AYLP},2010-12-08 08:23:39.0,EHP0795,Cole.Thor.Manning@dtaa.com;MacKenzie.Yael.Beasley@dtaa.com,,,Edward.Hu.Pickett@dtaa.com,,19819,0
{M0Z4-B8IW73AB-7262BCBD},2010-12-09 15:06:08.0,EHP0795,Yetta.Chava.Harvey@dtaa.com;Jennifer.Abigail.Ortega@dtaa.com;Kato.Rafael.Hubbard@dtaa.com;Edan.Colton.Richards@dtaa.com;Prescott.Chase.Lowe@dtaa.com,,,Edward.Hu.Pickett@dtaa.com,,42150,0
{J2Y3-D1RT69OX-3174CYHL},2010-12-10 08:52:10.0,EHP0795,Avram.Nasim.Roach@dtaa.com;Fitzgerald.Aquila.Hoffman@northropgrumman.com,,,Edward.Hu.Pickett@dtaa.com,,45938,0
{W3W1-Q0EM99NS-3940XJCL},2010-12-13 09:21:57.0,EHP0795,Ross.Tanner.Clements@dtaa.com;Prescott.Chase.Lowe@dtaa.com;Rebekah.Orla.Moreno@dtaa.com,,,Edward.Hu.Pickett@dtaa.com,,20802,2
{F0N4-A9VA20FN-5009UVWE},2010-12-14 11:31:14.0,EHP0795,Ross.Tanner.Clements@dtaa.com;Yetta.Chava.Harvey@dtaa.com;Eden.Ahmed.Fitzgerald@dtaa.com,,,Edward.Hu.Pickett@dtaa.com,,23877,0
{X4U5-X4LT85UK-4602QGPK},2010-12-15 13:35:34.0,EHP0795,Cole.Thor.Manning@dtaa.com,,,Edward.Hu.Pickett@dtaa.com,,15647,0
{K4T1-C2JG74AC-9545CAHX},2010-12-16 09:14:22.0,EHP0795,Allen.Conan.Winters@dtaa.com,,,Edward.Hu.Pickett@dtaa.com,,41093,0
{A6Q6-U6CF38XP-3333APSB},2010-12-17 12:06:28.0,EHP0795,Leo.Edward.Hopkins@dtaa.com,,,Edward.Hu.Pickett@dtaa.com,,50922,0
{O4P9-L3YK13ZF-4041QVLR},2010-12-20 08:32:54.0,EHP0795,Kasper.Zeph.Moran@dtaa.com;Jennifer.Abigail.Ortega@dtaa.com;Sigourney.Erin.Gilbert@dtaa.com,,,Edward.Hu.Pickett@dtaa.com,,22074,2
{T7H0-G5MM55JM-7714GOQR},2010-12-21 09:20:46.0,EHP0795,Joel.Ezra.Parks@dtaa.com,,,Edward.Hu.Pickett@dtaa.com,,31497,0
{H6Q6-Z8BB96UZ-2095AZWD},2010-12-22 08:43:10.0,EHP0795,Allen.Conan.Winters@dtaa.com;Jennifer.Abigail.Ortega@dtaa.com,,,Edward.Hu.Pickett@dtaa.com,,21249,0
{E0W0-I1AJ35AI-8773YPJD},2010-12-27 09:26:31.0,EHP0795,Rina.Bianca.Velasquez@dtaa.com,,,Edward.Hu.Pickett@dtaa.com,,50530,0
{Z5H9-B5ZQ26VQ-4385JQMH},2010-12-28 09:25:12.0,EHP0795,Brianna.Ruby.Bender@dtaa.com;Avram.Nasim.Roach@dtaa.com;Moses.Quincy.Finch@dtaa.com;Edan.Colton.Richards@dtaa.com,,,Edward.Hu.Pickett@dtaa.com,,49286,3
{U5Z2-J1YC11ZS-1934FWKM},2010-12-29 09:16:24.0,EHP0795,Chadwick.Sebastian.Mcclain@dtaa.com,,,Edward.Hu.Pickett@dtaa.com,,37455,0
{W1N7-L4FO09AF-4909QLZB},2010-12-30 13:16:44.0,EHP0795,Hector.Davis.Ellison@dtaa.com,,,Edward.Hu.Pickett@dtaa.com,,17973,0
{W3O7-G2JV40RY-1688PMRM},2011-01-03 14:59:52.0,EHP0795,Eden.Ahmed.Fitzgerald@dtaa.com,,,Edward.Hu.Pickett@dtaa.com,,29082,0
{L7N3-U1TQ51BK-5437KBPA},2011-01-04 10:36:33.0,EHP0795,Prescott.Chase.Lowe@dtaa.com,,,Edward.Hu.Pickett@dtaa.com,,22447,0
{X8T5-B7TW46SW-9378UMKF},2011-01-05 08:49:37.0,EHP0795,Halee.Tallulah.Wynn@dtaa.com,,,Edward.Hu.Pickett@dtaa.com,,32597,0
{R6N0-X8OY07JK-7265TJVW},2011-01-06 08:47:38.0,EHP0795,Fletcher.Yasir.Bright@yahoo.com,,,Edward.Hu.Pickett@dtaa.com,,32836,0
{J6B6-D3HP72TZ-5210VGUK},2011-01-07 09:03:59.0,EHP0795,Joel.Ezra.Parks@dtaa.com;Cole.Thor.Manning@dtaa.com;Fletcher.Yasir.Bright@yahoo.com,,,Edward.Hu.Pickett@dtaa.com,,13805,0
{X6Q0-F0DS85YP-9253WTSY},2011-01-10 15:09:25.0,EHP0795,Kato.Rafael.Hubbard@dtaa.com,,,Edward.Hu.Pickett@dtaa.com,,20027,0
{H8F8-S8YX19PS-8835EXVR},2011-01-11 08:17:07.0,EHP0795,Yetta.Chava.Harvey@dtaa.com,,,Edward.Hu.Pickett@dtaa.com,,31299,0
{T8S8-P1HT10HX-8735UPAZ},2011-01-12 09:18:22.0,EHP0795,Chadwick.Sebastian.Mcclain@dtaa.com,,,Edward.Hu.Pickett@dtaa.com,,31061,0
{Q8B0-N8FR96CM-8843VVWO},2011-01-13 11:22:19.0,EHP0795,Lilah.Hermione.Parrish@dtaa.com;Jeanette.Vera.Carlson@dtaa.com;Kato.Rafael.Hubbard@dtaa.com;Fletcher.Yasir.Bright@yahoo.com,,,Edward.Hu.Pickett@dtaa.com,,46716,0
{Q6W1-G5EU37BQ-9667BUDB},2011-01-14 09:19:10.0,EHP0795,Halee.Tallulah.Wynn@dtaa.com,,,Edward.Hu.Pickett@dtaa.com,,17409,0
{Y7C0-G3CY72ZM-4141CQQM},2011-01-17 13:13:45.0,EHP0795,Jeanette.Vera.Carlson@dtaa.com,,,Edward.Hu.Pickett@dtaa.com,,37228,1
{S8N1-U1UC09EA-3446QCIE},2011-01-18 09:53:50.0,EHP0795,Ivy.Inez.Sharpe@dtaa.com;Chadwick.Sebastian.Mcclain@dtaa.com;Kiara.Astra.Small@dtaa.com,,,Edward.Hu.Pickett@dtaa.com,,20692,0
{I0S2-T3YX61YD-0714MIMV},2011-01-19 13:25:30.0,EHP0795,Brianna.Ruby.Bender@dtaa.com,,,Edward.Hu.Pickett@dtaa.com,,28666,0
{A9J2-G0DV01WB-2089IGAW},2011-01-20 14:34:21.0,EHP0795,Yetta.Chava.Harvey@dtaa.com;Curran.Yoshio.Mcknight@dtaa.com;Avram.Nasim.Roach@dtaa.com,,,Edward.Hu.Pickett@dtaa.com,,22123,0
{C0Q8-N5HY81ZW-8068WWNC},2011-01-24 14:18:39.0,EHP0795,Brenden.Rahim.Sweeney@dtaa.com,,,Edward.Hu.Pickett@dtaa.com,,17352,1
{U6M7-B6NH53PA-2522UAZW},2011-01-25 12:49:49.0,EHP0795,Nerea.Joy.Richardson@dtaa.com;Lilah.Hermione.Parrish@dtaa.com;Yetta.Chava.Harvey@dtaa.com;Andrew.Zahir.Morales@netzero.com,,,Edward.Hu.Pickett@dtaa.com,,38606,0
{M1A5-F5JS04IA-4554DGBY},2011-01-26 14:50:48.0,EHP0795,Shaeleigh.Melinda.Diaz@dtaa.com,,,Edward.Hu.Pickett@dtaa.com,,26824,0
{G3V9-M6OC61EE-6579ZOBT},2011-01-27 14:16:00.0,EHP0795,Kitra.MacKensie.Dillon@dtaa.com,,,Edward.Hu.Pickett@dtaa.com,,23561,0
{D9J0-H7GJ48KC-2177ZNXX},2011-01-28 10:54:28.0,EHP0795,Joel.Ezra.Parks@dtaa.com,,,Edward.Hu.Pickett@dtaa.com,,26607,0
{W6O2-F7GK19ZW-5999VTSX},2011-01-31 13:03:20.0,EHP0795,Chadwick.Sebastian.Mcclain@dtaa.com,,,Edward.Hu.Pickett@dtaa.com,,25665,0
{S4R4-X4UP18ZA-9391HPOE},2011-02-01 11:14:31.0,EHP0795,Denise.Lacy.Harmon@dtaa.com,,,Edward.Hu.Pickett@dtaa.com,,45472,0
{I5O7-Q5NB35DS-6430PUJH},2011-02-02 10:30:31.0,EHP0795,Hector.Davis.Ellison@dtaa.com;Kirsten.Nevada.Wilkerson@dtaa.com;Ferdinand.Leonard.Roth@dtaa.com,,,Edward.Hu.Pickett@dtaa.com,,29188,0
{D1B9-A7AA40MY-1824PFEV},2011-02-03 09:42:06.0,EHP0795,Brianna.Ruby.Bender@dtaa.com,,,Edward.Hu.Pickett@dtaa.com,,19407,0
{O9U8-Y4GS14MC-5633BRPS},2011-02-04 10:20:41.0,EHP0795,Allen.Conan.Winters@dtaa.com;Raphael.Keith.Stephens@dtaa.com;Halee.Tallulah.Wynn@dtaa.com,,,Edward.Hu.Pickett@dtaa.com,,28605,0
{S2N1-U4XC78HV-2304BZVP},2011-02-07 13:27:14.0,EHP0795,Kato.Rafael.Hubbard@dtaa.com;Rina.Bianca.Velasquez@dtaa.com;Edan.Quinn.Randolph@dtaa.com,,,Edward.Hu.Pickett@dtaa.com,,25490,2
{U8K1-F1ML29IS-4214WVIP},2011-02-08 13:23:49.0,EHP0795,Ivy.Inez.Sharpe@dtaa.com;Jennifer.Abigail.Ortega@dtaa.com,,,Edward.Hu.Pickett@dtaa.com,,29002,0
{P5J3-Y6LP88SU-5122BWQL},2011-02-09 11:33:26.0,EHP0795,Curran.Yoshio.Mcknight@dtaa.com,,,Edward.Hu.Pickett@dtaa.com,,21057,0
{T4X0-F6OT47IR-3063LINS},2011-02-10 08:37:21.0,EHP0795,Micah.Lyle.Sloan@dtaa.com;Jeanette.Vera.Carlson@dtaa.com,,,Edward.Hu.Pickett@dtaa.com,,28516,0
{L5F0-W8TT16UI-2091ECKA},2011-02-11 14:54:30.0,EHP0795,Aladdin.Mufutau.Finch@dtaa.com,,,Edward.Hu.Pickett@dtaa.com,,18672,0
{S6F1-J9XV80NF-9305VZKI},2011-02-14 13:30:28.0,EHP0795,Sigourney.Erin.Gilbert@dtaa.com;Robin.Charlotte.Hinton@dtaa.com,,,Edward.Hu.Pickett@dtaa.com,,33887,0
{J2Z8-Q1RC13FZ-4694AEGS},2011-02-15 09:10:01.0,EHP0795,Ivy.Inez.Sharpe@dtaa.com;Lilah.Hermione.Parrish@dtaa.com;Rebekah.Orla.Moreno@dtaa.com;Hector.Davis.Ellison@dtaa.com,,,Edward.Hu.Pickett@dtaa.com,,20767,0
{Q3L1-U8SF60NV-9813RFDJ},2011-02-16 09:40:30.0,EHP0795,Eden.Ahmed.Fitzgerald@dtaa.com,,,Edward.Hu.Pickett@dtaa.com,,24405,0
{O4J5-E0ZD62GL-6219EAXS},2011-02-17 09:53:02.0,EHP0795,Denise.Lacy.Harmon@dtaa.com,,,Edward.Hu.Pickett@dtaa.com,,19868,0
{H1U9-L4XF77MW-0393GIKU},2011-02-18 11:58:18.0,EHP0795,Jackson.Victor.Mays@dtaa.com;Ross.Tanner.Clements@dtaa.com,,,Edward.Hu.Pickett@dtaa.com,,15267,0
{Y4K6-A3VK88UO-2953SUCG},2011-02-21 10:28:52.0,EHP0795,Brenden.Rahim.Sweeney@dtaa.com;Moses.Quincy.Finch@dtaa.com,,,Edward.Hu.Pickett@dtaa.com,,28294,0
{B8M8-O7PQ21ZB-8532VHWC},2011-02-22 14:00:10.0,EHP0795,Amber.Shannon.Sawyer@dtaa.com;Ross.Tanner.Clements@dtaa.com;Yetta.Chava.Harvey@dtaa.com;Cora.Rose.Graves@dtaa.com;Kato.Rafael.Hubbard@dtaa.com,,,Edward.Hu.Pickett@dtaa.com,,19190,2
{D7N0-J4PO12QJ-0937YDMD},2011-02-23 10:09:23.0,EHP0795,Rina.Bianca.Velasquez@dtaa.com,,,Edward.Hu.Pickett@dtaa.com,,28739,0
{A8O3-T0WH22CV-1411QMZD},2011-02-24 13:27:04.0,EHP0795,Melvin.Demetrius.Larson@earthlink.net;Brynn.Nomlanga.Schroeder@aol.com,,,Edward.Hu.Pickett@dtaa.com,,38596,0
{E5Y1-B0RD39ZL-2950WKGC},2011-02-25 13:45:15.0,EHP0795,Yetta.Chava.Harvey@dtaa.com,,,Edward.Hu.Pickett@dtaa.com,,36344,0
{I4T1-P8UE26QY-3842FCKK},2011-02-28 13:43:01.0,EHP0795,Jennifer.Abigail.Ortega@dtaa.com,,,Edward.Hu.Pickett@dtaa.com,,37737,0
{C7H5-P6FD89BT-2882FZQE},2011-03-01 11:59:37.0,EHP0795,Ross.Tanner.Clements@dtaa.com;Eden.Ahmed.Fitzgerald@dtaa.com;Sigourney.Erin.Gilbert@dtaa.com;Ivy.Inez.Sharpe@dtaa.com;Shaeleigh.Melinda.Diaz@dtaa.com,,,Edward.Hu.Pickett@dtaa.com,,34555,0
{O8B8-A7PU30UT-0537FBGS},2011-03-02 14:38:32.0,EHP0795,Jeanette.Vera.Carlson@dtaa.com,,,Edward.Hu.Pickett@dtaa.com,,40161,0
{I6G4-F8EE07JO-4443QGTU},2011-03-03 12:55:27.0,EHP0795,Moses.Quincy.Finch@dtaa.com,,,Edward.Hu.Pickett@dtaa.com,,36855,0
{X1Y3-T2CK70WM-5953EMVX},2011-03-04 09:23:08.0,EHP0795,Kato.Rafael.Hubbard@dtaa.com;Moses.Quincy.Finch@dtaa.com,,,Edward.Hu.Pickett@dtaa.com,,26592,0
{W2B6-Z4FZ98TF-3797XPRL},2011-03-07 11:45:59.0,EHP0795,Moses.Quincy.Finch@dtaa.com;Fletcher.Yasir.Bright@yahoo.com;Andrew.Zahir.Morales@netzero.com,,,Edward.Hu.Pickett@dtaa.com,,42005,1
{R7Z6-F7FL26VU-4865XISS},2011-03-08 09:18:22.0,EHP0795,Sigourney.Erin.Gilbert@dtaa.com,,,Edward.Hu.Pickett@dtaa.com,,26418,0
{Y8E9-B3JG37WB-5648LCMJ},2011-03-09 08:24:24.0,EHP0795,Kato.Rafael.Hubbard@dtaa.com,,,Edward.Hu.Pickett@dtaa.com,,30319,0
{J6W9-Z1HI47IM-1606MHHY},2011-03-10 11:53:05.0,EHP0795,Allen.Conan.Winters@dtaa.com;Avram.Nasim.Roach@dtaa.com;Kato.Rafael.Hubbard@dtaa.com;Curran.Yoshio.Mcknight@dtaa.com,,,Edward.Hu.Pickett@dtaa.com,,26036,0
{B0V1-A4CN93YI-1814QPTW},2011-03-11 10:10:57.0,EHP0795,Rebekah.Orla.Moreno@dtaa.com,,,Edward.Hu.Pickett@dtaa.com,,30707,0
{X0K8-S4KH73SA-6195GSLW},2011-03-14 13:42:59.0,EHP0795,Chadwick.Sebastian.Mcclain@dtaa.com,,,Edward.Hu.Pickett@dtaa.com,,34062,0
{W2M5-I0FP27SZ-6623ITFC},2011-03-15 08:28:29.0,EHP0795,Jennifer.Abigail.Ortega@dtaa.com;Yetta.Chava.Harvey@dtaa.com,,,Edward.Hu.Pickett@dtaa.com,,37811,1
{J3V5-E6TV15MR-6637JXVQ},2011-03-16 14:05:07.0,EHP0795,Allen.Conan.Winters@dtaa.com,,,Edward.Hu.Pickett@dtaa.com,,56703,0
{S7G5-R0LH40MC-3180PLMX},2011-03-17 08:35:43.0,EHP0795,Lilah.Hermione.Parrish@dtaa.com;Ross.Tanner.Clements@dtaa.com;Donna.Shelby.Rasmussen@northropgrumman.com;Andrew.Zahir.Morales@netzero.com,,,Edward.Hu.Pickett@dtaa.com,,18520,0
{B0O3-T1SA97TP-9554TPLD},2011-03-18 09:04:15.0,EHP0795,Denise.Lacy.Harmon@dtaa.com;Kasper.Zeph.Moran@dtaa.com;Eden.Ahmed.Fitzgerald@dtaa.com;Brianna.Ruby.Bender@dtaa.com;Halee.Tallulah.Wynn@dtaa.com,,,Edward.Hu.Pickett@dtaa.com,,22208,3
{U8S1-U2QK64FU-5371PVYZ},2011-03-21 13:37:17.0,EHP0795,Susan.Autumn.Walsh@comcast.net,,,Edward.Hu.Pickett@dtaa.com,,50878,0
{N7U0-R1KA29OQ-5187LRGC},2011-03-22 11:47:18.0,EHP0795,Ivy.Inez.Sharpe@dtaa.com;Curran.Yoshio.Mcknight@dtaa.com,,,Edward.Hu.Pickett@dtaa.com,,22629,0
{R0Y5-W7UL06UR-7593ARDY},2011-03-23 12:46:32.0,EHP0795,Xander.Byron.Walter@dtaa.com,,,Edward.Hu.Pickett@dtaa.com,,29115,1
{S1J7-I0UT48FP-7660AEUD},2011-03-24 10:33:08.0,EHP0795,Yetta.Chava.Harvey@dtaa.com;Leo.Edward.Hopkins@dtaa.com,,,Edward.Hu.Pickett@dtaa.com,,23240,0
{K9D5-P1UK89LY-3310FVVC},2011-03-25 09:54:10.0,EHP0795,Brianna.Ruby.Bender@dtaa.com,,,Edward.Hu.Pickett@dtaa.com,,35488,0
{Y0P7-B5VW77RC-1440SXPK},2011-03-28 12:25:55.0,EHP0795,Edan.Colton.Richards@dtaa.com;Melvin.Demetrius.Larson@earthlink.net,,,Edward.Hu.Pickett@dtaa.com,,18573,0
{O1O0-A5MB88EL-3617JBPJ},2011-03-29 09:36:25.0,EHP0795,Prescott.Chase.Lowe@dtaa.com;Joel.Ezra.Parks@dtaa.com;Ocean.Clementine.Long@dtaa.com,,,Edward.Hu.Pickett@dtaa.com,,59081,9
{H2E2-E3RL59IM-0320RJHH},2011-03-30 12:43:17.0,EHP0795,Kasper.Zeph.Moran@dtaa.com;Timothy.Deacon.Bates@dtaa.com;Kasper.Thomas.Shelton@dtaa.com,,,Edward.Hu.Pickett@dtaa.com,,15005,0
{Z7V1-D2LU28VT-2703RCNK},2011-03-31 09:38:49.0,EHP0795,Andrew.Zahir.Morales@netzero.com,,,Edward.Hu.Pickett@dtaa.com,,21752,0
{G4U6-A8NG51IH-0140UCEN},2011-04-01 14:46:17.0,EHP0795,Andrew.Zahir.Morales@netzero.com,,,Edward.Hu.Pickett@dtaa.com,,35642,0
{O8X0-Q9XY05OY-6514TTVS},2011-04-04 09:58:07.0,EHP0795,Yetta.Chava.Harvey@dtaa.com,,,Edward.Hu.Pickett@dtaa.com,,18565,2
{M1W6-F5QX61EP-3087ZHGA},2011-04-05 12:13:03.0,EHP0795,Brenden.Rahim.Sweeney@dtaa.com;Eden.Ahmed.Fitzgerald@dtaa.com;Chadwick.Sebastian.Mcclain@dtaa.com,,,Edward.Hu.Pickett@dtaa.com,,20916,0
{G9Y3-A6XT91RQ-9022PNUL},2011-04-06 14:13:00.0,EHP0795,Avram.Nasim.Roach@dtaa.com;Joel.Ezra.Parks@dtaa.com;Ivy.Inez.Sharpe@dtaa.com;Fitzgerald.Aquila.Hoffman@northropgrumman.com,,,Edward.Hu.Pickett@dtaa.com,,32171,0
{V6M8-Q8MT11MV-3376GQMK},2011-04-07 09:16:17.0,EHP0795,Cora.Rose.Graves@dtaa.com;Prescott.Chase.Lowe@dtaa.com,,,Edward.Hu.Pickett@dtaa.com,,32992,0
{Y0V6-T8YV09WU-2508HVGK},2011-04-08 10:07:13.0,EHP0795,Rebekah.Orla.Moreno@dtaa.com,,,Edward.Hu.Pickett@dtaa.com,,48093,0
{L4S9-U0LM19TF-4747ILBT},2011-04-11 09:31:03.0,EHP0795,Kasper.Zeph.Moran@dtaa.com,,,Edward.Hu.Pickett@dtaa.com,,19915,0
{K6R6-M0TU72PC-0060WTQP},2011-04-12 14:55:31.0,EHP0795,Allen.Conan.Winters@dtaa.com,,,Edward.Hu.Pickett@dtaa.com,,31928,0
{X2D6-A8ZF07PM-8637SVFE},2011-04-13 15:09:11.0,EHP0795,Hector.Davis.Ellison@dtaa.com,,,Edward.Hu.Pickett@dtaa.com,,29564,0
{R1I2-T6KP37AC-1589XLCT},2011-04-14 15:08:58.0,EHP0795,Cole.Thor.Manning@dtaa.com;Moses.Quincy.Finch@dtaa.com,,,Edward.Hu.Pickett@dtaa.com,,32635,0
{D2Q1-O7SC22NG-6539HBBS},2011-04-15 15:05:44.0,EHP0795,Denise.Lacy.Harmon@dtaa.com,,,Edward.Hu.Pickett@dtaa.com,,26733,0
{D9W0-F7JA10ZV-4214PTLH},2011-04-18 10:36:29.0,EHP0795,Prescott.Chase.Lowe@dtaa.com;Cole.Thor.Manning@dtaa.com,,,Edward.Hu.Pickett@dtaa.com,,31483,0
{E1K7-X4LG56NN-7124BZSL},2011-04-19 09:51:28.0,EHP0795,Brianna.Ruby.Bender@dtaa.com,,,Edward.Hu.Pickett@dtaa.com,,22816,0
{K0R5-Y2HB56VQ-7777VMZV},2011-04-20 15:10:52.0,EHP0795,Leo.Edward.Hopkins@dtaa.com;Kato.Rafael.Hubbard@dtaa.com,,,Edward.Hu.Pickett@dtaa.com,,35086,0
{S0D9-H6TJ16EC-7669ZPQV},2011-04-21 13:49:03.0,EHP0795,Shaeleigh.Melinda.Diaz@dtaa.com,,,Edward.Hu.Pickett@dtaa.com,,19078,0
{Z3T9-X5MS84ZG-1882OBCF},2011-04-25 14:54:29.0,EHP0795,Prescott.Chase.Lowe@dtaa.com,,,Edward.Hu.Pickett@dtaa.com,,27476,0
{Y7U2-V4US76OU-5007QPKN},2011-04-26 11:28:44.0,EHP0795,Ina.Ainsley.Stuart@dtaa.com;Edan.Colton.Richards@dtaa.com;Cole.Thor.Manning@dtaa.com;Andrew.Zahir.Morales@netzero.com,,,Edward.Hu.Pickett@dtaa.com,,31946,0
{X9X6-J1AG22CI-8011XCYW},2011-04-27 09:34:30.0,EHP0795,Halee.Tallulah.Wynn@dtaa.com,,,Edward.Hu.Pickett@dtaa.com,,14762,0
{J9K0-V3VZ55US-7363PVPG},2011-04-28 13:55:50.0,EHP0795,Shaeleigh.Melinda.Diaz@dtaa.com,,,Edward.Hu.Pickett@dtaa.com,,37118,0
{Z7F7-B5IO39EJ-0860EOOQ},2011-04-29 11:30:53.0,EHP0795,Ross.Tanner.Clements@dtaa.com;Lilah.Hermione.Parrish@dtaa.com,,,Edward.Hu.Pickett@dtaa.com,,23582,0
{K4S5-R9ZZ82QZ-6117YMOT},2011-05-02 09:06:19.0,EHP0795,Sigourney.Erin.Gilbert@dtaa.com,,,Edward.Hu.Pickett@dtaa.com,,23086,0
{W0U2-D0KM42BH-4280ZNSG},2011-05-03 13:32:14.0,EHP0795,Cole.Thor.Manning@dtaa.com,,,Edward.Hu.Pickett@dtaa.com,,45999,0
{T7Z3-G4TF73YR-2045UPNR},2011-05-04 14:42:09.0,EHP0795,Rina.Bianca.Velasquez@dtaa.com;Hector.Davis.Ellison@dtaa.com;Fitzgerald.Aquila.Hoffman@northropgrumman.com,,,Edward.Hu.Pickett@dtaa.com,,34537,0
{V0D1-N4ZW15QD-5094KZSL},2011-05-05 08:13:32.0,EHP0795,Halee.Tallulah.Wynn@dtaa.com;Curran.Yoshio.Mcknight@dtaa.com;Joel.Ezra.Parks@dtaa.com,,,Edward.Hu.Pickett@dtaa.com,,29045,0
{J1L3-L6XB54TN-9616RTEB},2011-05-06 08:47:21.0,EHP0795,Kato.Rafael.Hubbard@dtaa.com,,,Edward.Hu.Pickett@dtaa.com,,20496,0
{J3Z6-C0FC38NS-5756VLBE},2011-05-09 14:01:31.0,EHP0795,Chase.Lane.Booth@dtaa.com,,,Edward.Hu.Pickett@dtaa.com,,39986,0
{I1E5-W6PM12CY-5163FUDZ},2011-05-10 10:37:41.0,EHP0795,Hiram.Jasper.Velez@dtaa.com;Cole.Thor.Manning@dtaa.com,,,Edward.Hu.Pickett@dtaa.com,,16011,0
{N5S8-B5PC07UY-1396XUTN},2011-05-11 14:52:26.0,EHP0795,Prescott.Chase.Lowe@dtaa.com;Lilah.Hermione.Parrish@dtaa.com,,,Edward.Hu.Pickett@dtaa.com,,23693,0
{L3T1-G1MZ94QQ-2045BUJB},2011-05-12 08:30:55.0,EHP0795,Shaeleigh.Melinda.Diaz@dtaa.com,,,Edward.Hu.Pickett@dtaa.com,,12914,0
{S3P5-S4YX82ZY-1405KZCQ},2011-05-13 09:32:05.0,EHP0795,Vladimir.Uriel.Barker@dtaa.com;Cole.Thor.Manning@dtaa.com;Fitzgerald.Aquila.Hoffman@northropgrumman.com,,,Edward.Hu.Pickett@dtaa.com,,28818,3
