{K8J6-J5XI47TK-0825IIUK},2010-01-04 10:25:00.0,HDE0756,Jennifer.Abigail.Ortega@dtaa.com,,,Hector.Davis.Ellison@dtaa.com,,22828,0
{S9I6-D6XR71BT-5159NIAM},2010-01-04 12:19:30.0,HDE0756,Brenden.Rahim.Sweeney@dtaa.com;Moses.Quincy.Finch@dtaa.com,,,Hector.Davis.Ellison@dtaa.com,,23398,0
{Q4Q5-I9NK35EV-8959NMBT},2010-01-04 13:41:46.0,HDE0756,Jeanette.Vera.Carlson@dtaa.com,,,Hector.Davis.Ellison@dtaa.com,,22069,2
{O7E4-T1VC78BJ-6248VKCD},2010-01-05 08:34:26.0,HDE0756,Sigourney.Erin.Gilbert@dtaa.com;Denton.Casey.Meadows@dtaa.com,,,Hector.Davis.Ellison@dtaa.com,,34817,0
{R6G6-L2JJ53BD-5277RYMB},2010-01-05 14:44:05.0,HDE0756,Keefe.Ralph.Peterson@verizon.net,,,Hector.Davis.Ellison@dtaa.com,,21232,0
{N2S4-Q0BW62NO-6363QFCG},2010-01-06 08:31:14.0,HDE0756,Keefe.Ralph.Peterson@verizon.net,,,Hector.Davis.Ellison@dtaa.com,,42409,0
{E1J2-C5HX58JA-0152RWEO},2010-01-06 14:36:54.0,HDE0756,Melissa.Ruby.Knight@dtaa.com,,,Hector.Davis.Ellison@dtaa.com,,30045,0
{Y8B2-O2SE55GJ-4648NCMQ},2010-01-06 14:50:05.0,HDE0756,Shaeleigh.Melinda.Diaz@dtaa.com,,,Hector.Davis.Ellison@dtaa.com,,31060,1
{E2H8-U2ZH24JY-2529BYVS},2010-01-07 09:24:28.0,HDE0756,Julian.Ulysses.Davidson@dtaa.com,,,Hector.Davis.Ellison@dtaa.com,,29799,0
{Z3C9-G0TM21WA-2110ZDDH},2010-01-07 12:09:55.0,HDE0756,Cole.Thor.Manning@dtaa.com,,,Hector.Davis.Ellison@dtaa.com,,30307,0
{Y8P0-P9NJ55UU-0001DUQW},2010-01-08 09:19:07.0,HDE0756,Jennifer.Abigail.Ortega@dtaa.com;Avram.Nasim.Roach@dtaa.com,,,Hector.Davis.Ellison@dtaa.com,,53799,5
{D6U3-T9DW82YD-8233DCAD},2010-01-11 11:33:57.0,HDE0756,Gemma.Charlotte.Bartlett@dtaa.com;Gisela.Jeanette.Watkins@dtaa.com,,,Hector.Davis.Ellison@dtaa.com,,16010,0
{D1T8-R2TN63MQ-2062OPCV},2010-01-11 15:13:28.0,HDE0756,Hector.Jonah.Kim@dtaa.com;Chadwick.Sebastian.Mcclain@dtaa.com,,,Hector.Davis.Ellison@dtaa.com,,27011,1
{S0J6-V7GY36TO-4477XWGS},2010-01-12 10:46:52.0,HDE0756,Madaline.Alisa.Bond@dtaa.com,,,Hector.Davis.Ellison@dtaa.com,,25121,0
{X9K6-T8SM93IO-3703NSBS},2010-01-12 13:52:08.0,HDE0756,Ivy.Inez.Sharpe@dtaa.com,,,Hector.Davis.Ellison@dtaa.com,,28779,2
{G7E7-N5FG39SF-5153VQDH},2010-01-13 10:34:47.0,HDE0756,Rebekah.Orla.Moreno@dtaa.com,,,Hector.Davis.Ellison@dtaa.com,,23160,0
{Q6A0-G3VQ96YE-5858JBVB},2010-01-13 12:33:14.0,HDE0756,Thomas.Jermaine.Combs@dtaa.com,,,Hector.Davis.Ellison@dtaa.com,,23154,0
{U6N4-D3VX17OQ-8051VMNQ},2010-01-14 11:40:51.0,HDE0756,Rina.Bianca.Velasquez@dtaa.com,,,Hector.Davis.Ellison@dtaa.com,,14719,2
{X0R4-N0NQ70ZA-7169NFAC},2010-01-18 08:51:45.0,HDE0756,Julian.Ulysses.Davidson@dtaa.com;Sigourney.Erin.Gilbert@dtaa.com,,,Hector.Davis.Ellison@dtaa.com,,42362,3
{B2L1-V4HP00GC-8242IYJV},2010-01-18 11:03:11.0,HDE0756,Cole.Thor.Manning@dtaa.com;Quon.Rana.Flynn@dtaa.com,,,Hector.Davis.Ellison@dtaa.com,,46342,0
{Z8Z2-C3YP84EY-4951TKNI},2010-01-19 10:51:29.0,HDE0756,Kato.Rafael.Hubbard@dtaa.com;Brenden.Rahim.Sweeney@dtaa.com,,,Hector.Davis.Ellison@dtaa.com,,64466,0
{O5Q5-J3HG91FI-1768WAJB},2010-01-19 12:38:22.0,HDE0756,Lilah.Hermione.Parrish@dtaa.com,,,Hector.Davis.Ellison@dtaa.com,,36815,0
{K5O9-G8AJ64XF-9221RTWV},2010-01-19 12:47:58.0,HDE0756,Prescott.Chase.Lowe@dtaa.com,,,Hector.Davis.Ellison@dtaa.com,,36878,0
{Z2H5-K1OE69SE-9399ATCU},2010-01-20 12:53:33.0,HDE0756,Minerva.Ocean.Pratt@dtaa.com,,,Hector.Davis.Ellison@dtaa.com,,35066,0
{I2H7-S4IF21SL-4756GRHO},2010-01-21 08:15:22.0,HDE0756,Kasper.Zeph.Moran@dtaa.com,,,Hector.Davis.Ellison@dtaa.com,,21025,0
{Q0M2-Q3LM56GC-6392YABN},2010-01-21 11:51:44.0,HDE0756,Cole.Thor.Manning@dtaa.com,,,Hector.Davis.Ellison@dtaa.com,,31074,0
{U5I7-V1TV02HP-3599ZVFR},2010-01-22 14:15:18.0,HDE0756,Suki.Ginger.Estes@dtaa.com;Kato.Rafael.Hubbard@dtaa.com,,,Hector.Davis.Ellison@dtaa.com,,22392,1
{V0K1-L3BS90SP-9163NCKU},2010-01-25 08:41:09.0,HDE0756,Idona.Amela.Frederick@dtaa.com,,,Hector.Davis.Ellison@dtaa.com,,14753,0
{M7R1-O1CH21GY-2224NLOH},2010-01-25 08:48:21.0,HDE0756,Ivy.Inez.Sharpe@dtaa.com,,,Hector.Davis.Ellison@dtaa.com,,36729,0
{V2M7-U2FG49BN-9234CTCB},2010-01-26 09:03:22.0,HDE0756,Edward.Hu.Pickett@dtaa.com,,,Hector.Davis.Ellison@dtaa.com,,20893,0
{A1A7-U8XX79LV-0344AJCX},2010-01-26 11:10:23.0,HDE0756,Eden.Ahmed.Fitzgerald@dtaa.com,,,Hector.Davis.Ellison@dtaa.com,,30900,0
{Y3V8-R3PG17MJ-9502HVXO},2010-01-26 15:08:09.0,HDE0756,Avram.Nasim.Roach@dtaa.com;Tanek.Harding.Simpson@dtaa.com;Leo.Edward.Hopkins@dtaa.com;Keefe.Ralph.Peterson@verizon.net,,,Hector.Davis.Ellison@dtaa.com,,42939,2
{N8Z7-A9LB26NI-0873RKDC},2010-01-27 09:16:05.0,HDE0756,Demetria.Ignacia.Aguilar@dtaa.com;Keefe.Ralph.Peterson@verizon.net,,,Hector.Davis.Ellison@dtaa.com,,16125,1
{V7K8-K8CN31ZT-4971IMGW},2010-01-27 13:04:25.0,HDE0756,Edward.Hu.Pickett@dtaa.com,,,Hector.Davis.Ellison@dtaa.com,,28102,0
{H2T1-A4OJ50DZ-5853JAWI},2010-01-28 08:57:13.0,HDE0756,Kato.Rafael.Hubbard@dtaa.com,,,Hector.Davis.Ellison@dtaa.com,,24560,0
{F3Y8-S5OT56BQ-4481VRFJ},2010-01-28 10:54:01.0,HDE0756,Lilah.Hermione.Parrish@dtaa.com,,,Hector.Davis.Ellison@dtaa.com,,18494,0
{P6K6-I9AI16DK-2355TNBK},2010-01-28 12:01:05.0,HDE0756,Keefe.Ralph.Peterson@verizon.net,,,Hector.Davis.Ellison@dtaa.com,,27944,0
{Z1W8-N4PW60QA-0994JNIT},2010-01-29 10:50:19.0,HDE0756,Keefe.Ralph.Peterson@verizon.net,,,Hector.Davis.Ellison@dtaa.com,,37493,3
{D6J4-R7NP16XG-4135HHJG},2010-01-29 12:32:45.0,HDE0756,Keefe.Ralph.Peterson@verizon.net,,,Hector.Davis.Ellison@dtaa.com,,30325,0
{H7O3-L8PB05UA-7297GPSK},2010-02-01 15:13:09.0,HDE0756,Denise.Lacy.Harmon@dtaa.com;Rebekah.Orla.Moreno@dtaa.com;Karyn.Deborah.Hunter@dtaa.com;Zorita.Kylee.Carr@dtaa.com,,,Hector.Davis.Ellison@dtaa.com,,15514,0
{L1X6-J3CY38WC-7859TRZN},2010-02-02 10:09:07.0,HDE0756,Kasper.Zeph.Moran@dtaa.com,,,Hector.Davis.Ellison@dtaa.com,,19250,4
{S1S3-S5RU95GF-6350JBFK},2010-02-02 11:09:06.0,HDE0756,Brenden.Rahim.Sweeney@dtaa.com;Yetta.Chava.Harvey@dtaa.com,,,Hector.Davis.Ellison@dtaa.com,,23714,1
{I8L2-I6JA32KN-2490HKFE},2010-02-02 12:42:05.0,HDE0756,Sigourney.Erin.Gilbert@dtaa.com,,,Hector.Davis.Ellison@dtaa.com,,15073,0
{O3G9-K9CV53CF-8501CBVN},2010-02-03 09:46:57.0,HDE0756,Gisela.Jeanette.Watkins@dtaa.com,,,Hector.Davis.Ellison@dtaa.com,,28958,0
{J5D7-N2CW61CV-9007FIDF},2010-02-03 13:08:20.0,HDE0756,Cynthia.Rhoda.Little@dtaa.com,,,Hector.Davis.Ellison@dtaa.com,,23981,0
{Y4P9-A5YQ87OH-3175XHZP},2010-02-04 14:08:26.0,HDE0756,Edward.Hu.Pickett@dtaa.com,,,Hector.Davis.Ellison@dtaa.com,,27097,0
{W9Z0-K5XG26DF-3835HWIP},2010-02-04 14:10:00.0,HDE0756,Natalie.Lysandra.Christian@dtaa.com,,,Hector.Davis.Ellison@dtaa.com,,27781,0
{P8B5-M3GT15XD-6169RZPS},2010-02-05 14:28:08.0,HDE0756,Edward.Hu.Pickett@dtaa.com;Hanae.Rhiannon.Lindsey@dtaa.com,,,Hector.Davis.Ellison@dtaa.com,,29374,1
{S8Y6-N5JL79BL-2757QXJK},2010-02-08 10:35:41.0,HDE0756,Keefe.Ralph.Peterson@verizon.net,,,Hector.Davis.Ellison@dtaa.com,,38259,0
{I4D0-G9EC19LI-5620QFQQ},2010-02-09 12:47:53.0,HDE0756,Keefe.Ralph.Peterson@verizon.net,,,Hector.Davis.Ellison@dtaa.com,,15295,0
{K1X5-Z0TN54FN-4775KYTV},2010-02-09 14:09:45.0,HDE0756,Jeanette.Vera.Carlson@dtaa.com,,,Hector.Davis.Ellison@dtaa.com,,20353,1
{L8K1-D7BJ74IN-4786OOOT},2010-02-09 14:43:35.0,HDE0756,Diana.Alea.Dominguez@dtaa.com,,,Hector.Davis.Ellison@dtaa.com,,30239,0
{C6P5-B4ZJ60KS-8715UCAO},2010-02-10 12:01:59.0,HDE0756,Rina.Bianca.Velasquez@dtaa.com;Prescott.Chase.Lowe@dtaa.com;Rebekah.Orla.Moreno@dtaa.com;Eden.Ahmed.Fitzgerald@dtaa.com,,,Hector.Davis.Ellison@dtaa.com,,25474,1
{B8J9-M6PK14JE-4316MSLH},2010-02-10 13:49:33.0,HDE0756,Lilah.Hermione.Parrish@dtaa.com,,,Hector.Davis.Ellison@dtaa.com,,23028,0
{C7S6-V2EV37DA-6865AHCO},2010-02-11 15:10:34.0,HDE0756,Lee.Yen.Frazier@dtaa.com,,,Hector.Davis.Ellison@dtaa.com,,27625,0
{P9Z4-G3NP35YR-7509DJCH},2010-02-12 13:44:03.0,HDE0756,Brenden.Rahim.Sweeney@dtaa.com,,,Hector.Davis.Ellison@dtaa.com,,32167,0
{M2M7-F0XS21PI-6965KRIU},2010-02-15 12:12:40.0,HDE0756,Edward.Hu.Pickett@dtaa.com,,,Hector.Davis.Ellison@dtaa.com,,16890,9
{R2H8-W4YA49IU-9544SAFM},2010-02-15 12:23:45.0,HDE0756,Leo.Edward.Hopkins@dtaa.com,,,Hector.Davis.Ellison@dtaa.com,,22295,0
{A1E6-R9EY48NF-5197CZYM},2010-02-15 14:02:08.0,HDE0756,Arden.Wayne.Riley@dtaa.com;Keefe.Ralph.Peterson@verizon.net,,,Hector.Davis.Ellison@dtaa.com,,29293,0
{T4Z7-X7OY66EH-8665HUWJ},2010-02-16 10:27:04.0,HDE0756,Chadwick.Sebastian.Mcclain@dtaa.com;Allen.Conan.Winters@dtaa.com,,,Hector.Davis.Ellison@dtaa.com,,22780,0
{B5F8-S7OP01RI-9484OJFO},2010-02-16 11:50:02.0,HDE0756,Gretchen.Wendy.Cleveland@dtaa.com;Cole.Thor.Manning@dtaa.com;Keefe.Ralph.Peterson@verizon.net,,,Hector.Davis.Ellison@dtaa.com,,40716,1
{K6D5-F3MI60ZZ-5960ZXQL},2010-02-16 14:43:54.0,HDE0756,Rebekah.Orla.Moreno@dtaa.com,,,Hector.Davis.Ellison@dtaa.com,,47346,0
{B0E0-L8QR33UL-6503XRXC},2010-02-17 08:39:41.0,HDE0756,Ciaran.Casey.Fuller@dtaa.com,,,Hector.Davis.Ellison@dtaa.com,,25514,0
{D2Y0-A1OJ75GA-0220RHRJ},2010-02-17 10:05:04.0,HDE0756,Brenden.Rahim.Sweeney@dtaa.com;Jolie.Uta.Cummings@dtaa.com;Edan.Colton.Richards@dtaa.com;Ross.Tanner.Clements@dtaa.com,,,Hector.Davis.Ellison@dtaa.com,,62134,1
{L3V3-H4QL74OI-2400FONU},2010-02-17 15:01:48.0,HDE0756,Moses.Quincy.Finch@dtaa.com;Rebekah.Orla.Moreno@dtaa.com;Ross.Tanner.Clements@dtaa.com,,,Hector.Davis.Ellison@dtaa.com,,32904,0
{I8Y1-F2OO93NF-5287GGKR},2010-02-18 09:31:34.0,HDE0756,Brenden.Rahim.Sweeney@dtaa.com,,,Hector.Davis.Ellison@dtaa.com,,17206,0
{E7E5-S7WM96ON-6622IXLA},2010-02-19 10:17:47.0,HDE0756,Brenden.Rahim.Sweeney@dtaa.com,,,Hector.Davis.Ellison@dtaa.com,,16567,0
{A4I9-G0CU53AO-2408ZPNV},2010-02-19 13:31:27.0,HDE0756,Rina.Bianca.Velasquez@dtaa.com;Ferdinand.Leonard.Roth@dtaa.com;Keefe.Ralph.Peterson@verizon.net,,,Hector.Davis.Ellison@dtaa.com,,36441,0
{Q1H8-O6OA06HW-3040IKAA},2010-02-19 15:06:34.0,HDE0756,Leo.Edward.Hopkins@dtaa.com,,,Hector.Davis.Ellison@dtaa.com,,29523,0
{K9H1-U0WR32GA-2792GJBE},2010-02-22 08:34:09.0,HDE0756,Rina.Bianca.Velasquez@dtaa.com,,,Hector.Davis.Ellison@dtaa.com,,21883,0
{N7L7-P4UB75BA-3697FMCM},2010-02-22 13:10:08.0,HDE0756,Ross.Tanner.Clements@dtaa.com,,,Hector.Davis.Ellison@dtaa.com,,35007,0
{S8L2-U9DJ41CL-2587DGJY},2010-02-22 14:35:27.0,HDE0756,Gisela.Jeanette.Watkins@dtaa.com,,,Hector.Davis.Ellison@dtaa.com,,23255,0
{S5X2-P0JE95JV-5809YGLH},2010-02-23 09:30:34.0,HDE0756,Joel.Ezra.Parks@dtaa.com,,,Hector.Davis.Ellison@dtaa.com,,25974,0
{C1T1-F7VX75US-4593VSCG},2010-02-23 11:01:54.0,HDE0756,Prescott.Chase.Lowe@dtaa.com,,,Hector.Davis.Ellison@dtaa.com,,32386,0
{W2A9-K9QP10SS-1086HJPY},2010-02-23 12:55:01.0,HDE0756,Bert.Beau.Sloan@dtaa.com;Marvin.Jermaine.Fernandez@optonline.net,,,Hector.Davis.Ellison@dtaa.com,,19972,1
{W0U7-Z3SB09RI-1644DKAX},2010-02-24 12:12:25.0,HDE0756,Bert.Beau.Sloan@dtaa.com;Helen.Angela.Shepard@dtaa.com;Keefe.Ralph.Peterson@verizon.net,,,Hector.Davis.Ellison@dtaa.com,,17217,1
{F9S2-B4XL68SN-2563OGEC},2010-02-24 12:47:14.0,HDE0756,Nicole.Quincy.Townsend@dtaa.com;Jamal.Christian.Sanford@cox.net,,,Hector.Davis.Ellison@dtaa.com,,27753,1
{T4F5-L4DE43MH-4155SNEV},2010-02-25 09:27:11.0,HDE0756,Brenden.Rahim.Sweeney@dtaa.com,,,Hector.Davis.Ellison@dtaa.com,,31758,0
{U4C5-E4HJ81ZW-1709LNTP},2010-02-25 10:23:13.0,HDE0756,Julian.Ulysses.Davidson@dtaa.com,,,Hector.Davis.Ellison@dtaa.com,,19193,0
{F4A6-B2RA12EX-9929GGEG},2010-02-26 10:06:16.0,HDE0756,John.Griffith.Frost@dtaa.com;Rebekah.Orla.Moreno@dtaa.com,,,Hector.Davis.Ellison@dtaa.com,,24574,0
{H0F3-J1CV50KT-3888VOIF},2010-02-26 12:27:09.0,HDE0756,Keane.Gary.Russo@dtaa.com;Hanae.Rhiannon.Lindsey@dtaa.com,,,Hector.Davis.Ellison@dtaa.com,,27478,4
{F5J6-J4FE34OQ-5200FQHT},2010-02-26 15:03:47.0,HDE0756,Eden.Ahmed.Fitzgerald@dtaa.com,,,Hector.Davis.Ellison@dtaa.com,,38873,0
{M9G8-O7FY03AB-4352GCRV},2010-03-01 14:31:39.0,HDE0756,Moses.Quincy.Finch@dtaa.com;Edward.Hu.Pickett@dtaa.com,,,Hector.Davis.Ellison@dtaa.com,,26298,0
{F4V8-I8EB12EQ-2596XRNX},2010-03-01 14:53:02.0,HDE0756,Kasper.Zeph.Moran@dtaa.com;Kamal.Judah.Fox@dtaa.com,,,Hector.Davis.Ellison@dtaa.com,,31345,0
{Z7R0-T9WK81QB-2543YBZP},2010-03-02 10:30:51.0,HDE0756,Yetta.Chava.Harvey@dtaa.com,,,Hector.Davis.Ellison@dtaa.com,,29951,0
{W0C7-J0SH57EM-6777ESLN},2010-03-02 12:25:59.0,HDE0756,Emery.Kadeem.Dixon@netzero.com,,,Hector.Davis.Ellison@dtaa.com,,34307,1
{K1T0-T5AW14EA-6302SBVF},2010-03-03 11:58:53.0,HDE0756,Prescott.Chase.Lowe@dtaa.com,,,Hector.Davis.Ellison@dtaa.com,,17414,2
{B2O6-E0KP20GW-6598VETY},2010-03-03 12:49:04.0,HDE0756,Keefe.Ralph.Peterson@verizon.net,,,Hector.Davis.Ellison@dtaa.com,,33743,0
{P6A9-D3CG43SF-0091KMEQ},2010-03-04 08:15:35.0,HDE0756,Curran.Yoshio.Mcknight@dtaa.com,,,Hector.Davis.Ellison@dtaa.com,,20698,0
{Z9U1-D7KH66AY-2602WSPE},2010-03-04 09:31:01.0,HDE0756,Edan.Colton.Richards@dtaa.com,,,Hector.Davis.Ellison@dtaa.com,,40041,0
{E8A1-X4WI85BN-2659IWDA},2010-03-04 10:27:56.0,HDE0756,Sigourney.Erin.Gilbert@dtaa.com,,,Hector.Davis.Ellison@dtaa.com,,21250,0
{Y2L2-B4CS42LU-6594YCGR},2010-03-05 13:31:30.0,HDE0756,Fiona.Phyllis.Swanson@dtaa.com,,,Hector.Davis.Ellison@dtaa.com,,37402,0
{C7Y4-U6DQ08IH-7056PXRW},2010-03-05 14:05:44.0,HDE0756,Chadwick.Sebastian.Mcclain@dtaa.com,,,Hector.Davis.Ellison@dtaa.com,,37538,0
{R9H5-V6OC53PI-4669URKQ},2010-03-08 12:55:49.0,HDE0756,Ross.Tanner.Clements@dtaa.com;Joel.Ezra.Parks@dtaa.com;Maxwell.Driscoll.Gross@dtaa.com;Keefe.Ralph.Peterson@verizon.net,,,Hector.Davis.Ellison@dtaa.com,,25585,2
{N8R5-A0DE62WG-5533PAHM},2010-03-09 15:11:57.0,HDE0756,Xena.Uma.Gibson@dtaa.com;Edward.Hu.Pickett@dtaa.com;Leo.Edward.Hopkins@dtaa.com;Prescott.Chase.Lowe@dtaa.com,,,Hector.Davis.Ellison@dtaa.com,,32013,2
{V5C6-V8DY11UI-1872ODKB},2010-03-10 12:25:26.0,HDE0756,Rebekah.Orla.Moreno@dtaa.com,,,Hector.Davis.Ellison@dtaa.com,,27293,0
{D4A9-I2AW73TX-1588YHLW},2010-03-11 10:31:44.0,HDE0756,Yetta.Chava.Harvey@dtaa.com,,,Hector.Davis.Ellison@dtaa.com,,27096,0
{C7U6-V8RW58PJ-7753APDX},2010-03-11 13:45:30.0,HDE0756,Kasper.Zeph.Moran@dtaa.com;Jackson.John.Fleming@dtaa.com,,,Hector.Davis.Ellison@dtaa.com,,31060,2
{S8N8-U4OO23SF-0588MLEJ},2010-03-12 12:18:07.0,HDE0756,Allen.Conan.Winters@dtaa.com,,,Hector.Davis.Ellison@dtaa.com,,31657,0
{D8O8-J6HB75EV-0657TIYV},2010-03-12 13:43:35.0,HDE0756,Leo.Edward.Hopkins@dtaa.com,,,Hector.Davis.Ellison@dtaa.com,,28089,1
{F1V3-H3NW58MZ-2998RYCT},2010-03-15 14:52:02.0,HDE0756,Samuel.Tad.Acevedo@dtaa.com,,,Hector.Davis.Ellison@dtaa.com,,29632,0
{U5V8-U1NN88XI-6641QOXD},2010-03-15 15:10:08.0,HDE0756,Avram.Nasim.Roach@dtaa.com,,,Hector.Davis.Ellison@dtaa.com,,19918,0
{A1E7-E2ZJ78QT-5980VMMH},2010-03-16 12:04:11.0,HDE0756,Brenden.Rahim.Sweeney@dtaa.com;Allen.Conan.Winters@dtaa.com;Keefe.Ralph.Peterson@verizon.net,,,Hector.Davis.Ellison@dtaa.com,,24745,1
{G4W6-N6QE11GU-7737TAGE},2010-03-17 13:37:52.0,HDE0756,Edan.Colton.Richards@dtaa.com,,,Hector.Davis.Ellison@dtaa.com,,31840,0
{C5B7-K4ML67QH-3110SRDI},2010-03-17 14:21:22.0,HDE0756,Edan.Colton.Richards@dtaa.com;Rina.Bianca.Velasquez@dtaa.com;Shaeleigh.Melinda.Diaz@dtaa.com,,,Hector.Davis.Ellison@dtaa.com,,37115,0
{J5D6-Z2BB33AK-9904AEOI},2010-03-18 10:07:13.0,HDE0756,Eden.Ahmed.Fitzgerald@dtaa.com;Merrill.Samuel.Koch@dtaa.com;Keefe.Ralph.Peterson@verizon.net,,,Hector.Davis.Ellison@dtaa.com,,26220,1
{A9K2-N4UB82GO-8898TQUN},2010-03-18 11:20:53.0,HDE0756,Eden.Ahmed.Fitzgerald@dtaa.com,,,Hector.Davis.Ellison@dtaa.com,,34639,0
{E1C8-P4QM14HB-9086QSKW},2010-03-18 12:51:57.0,HDE0756,Edward.Hu.Pickett@dtaa.com,,,Hector.Davis.Ellison@dtaa.com,,34655,2
{P7M8-A5NH66ZJ-3578DTHE},2010-03-19 10:36:41.0,HDE0756,Kato.Rafael.Hubbard@dtaa.com,,,Hector.Davis.Ellison@dtaa.com,,30888,0
{K8V0-J8GP24HZ-0019PSEN},2010-03-23 08:22:45.0,HDE0756,Kato.Rafael.Hubbard@dtaa.com,,,Hector.Davis.Ellison@dtaa.com,,47668,0
{W9D4-T5UB45MM-9730PHQU},2010-03-23 10:40:19.0,HDE0756,Keefe.Ralph.Peterson@verizon.net,,,Hector.Davis.Ellison@dtaa.com,,21998,0
{L0A1-W9TD95ZV-0339CSLW},2010-03-23 10:48:14.0,HDE0756,Denise.Lacy.Harmon@dtaa.com,,,Hector.Davis.Ellison@dtaa.com,,29161,0
{K0H5-K9NK53UT-1022JUQS},2010-03-24 12:22:27.0,HDE0756,Ezra.Reuben.Warner@dtaa.com,,,Hector.Davis.Ellison@dtaa.com,,48166,4
{C9M7-B4ZZ09ES-1820WXAP},2010-03-25 08:24:37.0,HDE0756,Avram.Nasim.Roach@dtaa.com,,,Hector.Davis.Ellison@dtaa.com,,24184,0
{R2G1-E0FO76IO-1214QADF},2010-03-25 13:50:48.0,HDE0756,Denise.Lacy.Harmon@dtaa.com,,,Hector.Davis.Ellison@dtaa.com,,29926,0
{Q0A0-V1JG20RE-9023HREN},2010-03-26 11:34:30.0,HDE0756,Ross.Tanner.Clements@dtaa.com;Keefe.Ralph.Peterson@verizon.net,,,Hector.Davis.Ellison@dtaa.com,,24372,0
{D5Q4-X6ST88EK-5351YYKZ},2010-03-26 12:15:18.0,HDE0756,Hanae.Rhiannon.Lindsey@dtaa.com;Jeanette.Vera.Carlson@dtaa.com,,,Hector.Davis.Ellison@dtaa.com,,26301,0
{S2X5-T4JE20XD-1204RANR},2010-03-30 09:11:51.0,HDE0756,Edward.Hu.Pickett@dtaa.com,,,Hector.Davis.Ellison@dtaa.com,,32058,0
{K2D0-V5SW00XK-3401AGVH},2010-03-30 14:03:52.0,HDE0756,Allen.Conan.Winters@dtaa.com,,,Hector.Davis.Ellison@dtaa.com,,21310,0
{J4Z2-R9KE43TU-5922NOMX},2010-03-31 08:49:09.0,HDE0756,Halee.Tallulah.Wynn@dtaa.com;Prescott.Chase.Lowe@dtaa.com,,,Hector.Davis.Ellison@dtaa.com,,21657,1
{M2D1-I2XV48YW-3678QIZY},2010-03-31 08:54:09.0,HDE0756,Lilah.Hermione.Parrish@dtaa.com;Ross.Tanner.Clements@dtaa.com,,,Hector.Davis.Ellison@dtaa.com,,26884,0
{A0Z9-A7OX16SY-3834FKGS},2010-03-31 13:37:10.0,HDE0756,Curran.Yoshio.Mcknight@dtaa.com,,,Hector.Davis.Ellison@dtaa.com,,20389,1
{B9V0-W1CU39LC-6880TZRZ},2010-04-01 08:26:00.0,HDE0756,Kasper.Zeph.Moran@dtaa.com,,,Hector.Davis.Ellison@dtaa.com,,50075,0
{Z9B7-U3GZ47PK-3343RXRV},2010-04-01 12:37:07.0,HDE0756,Ray.Norman.Morton@dtaa.com;Ivy.Inez.Sharpe@dtaa.com;Kasper.Zeph.Moran@dtaa.com,,,Hector.Davis.Ellison@dtaa.com,,43674,0
{N7O4-X6NX78ML-1049NKWF},2010-04-05 10:07:50.0,HDE0756,Moses.Quincy.Finch@dtaa.com,,,Hector.Davis.Ellison@dtaa.com,,27167,0
{K1A8-V1BF89RH-7950UHBS},2010-04-05 13:28:33.0,HDE0756,Denise.Lacy.Harmon@dtaa.com;Brianna.Ruby.Bender@dtaa.com,,,Hector.Davis.Ellison@dtaa.com,,30668,0
{R4A2-K1BS43WU-0650QALS},2010-04-07 09:19:14.0,HDE0756,Keefe.Ralph.Peterson@verizon.net,,,Hector.Davis.Ellison@dtaa.com,,20319,0
{H8W3-S7SC85CR-4995HPLF},2010-04-07 09:40:44.0,HDE0756,Haviva.Jada.Molina@dtaa.com,,,Hector.Davis.Ellison@dtaa.com,,29385,0
{L5P0-C4OX04FD-1711MPPH},2010-04-07 10:08:15.0,HDE0756,Denise.Lacy.Harmon@dtaa.com,,,Hector.Davis.Ellison@dtaa.com,,37239,1
{T2D0-D5HQ79EK-3953WDVO},2010-04-08 11:39:29.0,HDE0756,Yetta.Chava.Harvey@dtaa.com;Keefe.Ralph.Peterson@verizon.net,,,Hector.Davis.Ellison@dtaa.com,,27322,8
{I4Q0-R8ET27YQ-1925ZLCF},2010-04-08 12:22:04.0,HDE0756,Sigourney.Erin.Gilbert@dtaa.com,,,Hector.Davis.Ellison@dtaa.com,,20975,0
{V9X3-U7FN24IZ-3341WBWX},2010-04-08 13:09:13.0,HDE0756,Cole.Thor.Manning@dtaa.com,,,Hector.Davis.Ellison@dtaa.com,,24283,1
{Z1C2-S6KX59YR-5358QIFB},2010-04-09 09:13:25.0,HDE0756,Prescott.Chase.Lowe@dtaa.com;Curran.Yoshio.Mcknight@dtaa.com,,,Hector.Davis.Ellison@dtaa.com,,14144,0
{W4P5-Y8VX35JT-2146CPZP},2010-04-09 12:36:59.0,HDE0756,Edan.Colton.Richards@dtaa.com,,,Hector.Davis.Ellison@dtaa.com,,13395,0
{F9U3-M6OS21RL-2370QUDC},2010-04-12 09:19:12.0,HDE0756,Iliana.Ruth.Foley@dtaa.com;Edan.Colton.Richards@dtaa.com;Shaeleigh.Melinda.Diaz@dtaa.com,,,Hector.Davis.Ellison@dtaa.com,,24548,4
{O7J6-M5KM09FA-6201TWGM},2010-04-12 11:23:49.0,HDE0756,Shaeleigh.Melinda.Diaz@dtaa.com,,,Hector.Davis.Ellison@dtaa.com,,19737,0
{S5E1-R0HY62DD-2325FATM},2010-04-12 13:48:51.0,HDE0756,Joel.Ezra.Parks@dtaa.com,,,Hector.Davis.Ellison@dtaa.com,,22711,3
{U6W8-V0XC52OV-7533VBCH},2010-04-13 08:47:45.0,HDE0756,Ross.Tanner.Clements@dtaa.com,,,Hector.Davis.Ellison@dtaa.com,,28706,0
{I5C0-O4GY26FJ-2043CMNU},2010-04-13 13:42:40.0,HDE0756,Chadwick.Sebastian.Mcclain@dtaa.com,,,Hector.Davis.Ellison@dtaa.com,,33227,0
{J9U3-F3YZ22QS-3528ZDUX},2010-04-14 10:27:26.0,HDE0756,Leo.Edward.Hopkins@dtaa.com;Brenden.Rahim.Sweeney@dtaa.com;Sigourney.Erin.Gilbert@dtaa.com,,,Hector.Davis.Ellison@dtaa.com,,24167,1
{F1P0-L3MJ30AF-5000EJNK},2010-04-14 13:37:34.0,HDE0756,Shaeleigh.Melinda.Diaz@dtaa.com,,,Hector.Davis.Ellison@dtaa.com,,42569,0
{Q0T0-D4IC17TK-0786ZDCP},2010-04-15 10:38:44.0,HDE0756,Rina.Bianca.Velasquez@dtaa.com;Ivy.Inez.Sharpe@dtaa.com;Jennifer.Abigail.Ortega@dtaa.com,,,Hector.Davis.Ellison@dtaa.com,,38348,0
{N9X9-H0GE54AU-1106WTKU},2010-04-16 09:26:49.0,HDE0756,Avram.Nasim.Roach@dtaa.com,,,Hector.Davis.Ellison@dtaa.com,,27774,0
{Y5Z9-S4GK51ZK-4058LVSR},2010-04-16 10:06:45.0,HDE0756,Rebekah.Orla.Moreno@dtaa.com;Kato.Rafael.Hubbard@dtaa.com,,,Hector.Davis.Ellison@dtaa.com,,28463,0
{F2D0-Y1DT37BI-1631NWFM},2010-04-16 10:54:33.0,HDE0756,Brianna.Ruby.Bender@dtaa.com,,,Hector.Davis.Ellison@dtaa.com,,33291,3
{G3X9-A1PM22PH-8436TOGI},2010-04-19 12:44:21.0,HDE0756,Moses.Quincy.Finch@dtaa.com;George.Rahim.Cross@dtaa.com;Keefe.Ralph.Peterson@verizon.net,,,Hector.Davis.Ellison@dtaa.com,,36034,1
{H5K7-O0JZ65JD-5702SCFS},2010-04-19 12:44:30.0,HDE0756,Ivy.Inez.Sharpe@dtaa.com;Sigourney.Erin.Gilbert@dtaa.com,,,Hector.Davis.Ellison@dtaa.com,,16605,0
{Y0F4-R0KE05BD-5099VWSK},2010-04-20 09:26:54.0,HDE0756,Curran.Yoshio.Mcknight@dtaa.com,,,Hector.Davis.Ellison@dtaa.com,,29304,2
{W5D4-J2FP18EQ-3562XERA},2010-04-20 09:37:52.0,HDE0756,Gisela.Jeanette.Watkins@dtaa.com;Brianna.Ruby.Bender@dtaa.com,,,Hector.Davis.Ellison@dtaa.com,,16388,2
{I8V5-Q3RY89VT-6269WEOW},2010-04-20 12:29:24.0,HDE0756,Hayes.Tobias.Mcdowell@dtaa.com;Hanae.Rhiannon.Lindsey@dtaa.com,,,Hector.Davis.Ellison@dtaa.com,,29253,0
{J4U2-B3BT26PS-2776ULUK},2010-04-21 10:26:10.0,HDE0756,Cole.Thor.Manning@dtaa.com,,,Hector.Davis.Ellison@dtaa.com,,46687,0
{G8Z5-H4VR34WQ-7127OXVV},2010-04-21 11:11:45.0,HDE0756,Rina.Bianca.Velasquez@dtaa.com,,,Hector.Davis.Ellison@dtaa.com,,31638,0
{W0N3-Y2UZ51VU-5014XOTP},2010-04-21 12:03:05.0,HDE0756,Ivy.Inez.Sharpe@dtaa.com,,,Hector.Davis.Ellison@dtaa.com,,23876,1
{V0G3-K2UR66VR-6040QTMO},2010-04-22 14:23:14.0,HDE0756,Jeanette.Vera.Carlson@dtaa.com,,,Hector.Davis.Ellison@dtaa.com,,12127,0
{M9W9-E1LN19YG-8901XTHG},2010-04-22 15:13:38.0,HDE0756,Jennifer.Abigail.Ortega@dtaa.com,,,Hector.Davis.Ellison@dtaa.com,,24478,0
{C7U0-Z3GM08LD-0864DEKR},2010-04-23 09:57:42.0,HDE0756,Julian.Ulysses.Davidson@dtaa.com;Avram.Nasim.Roach@dtaa.com,,,Hector.Davis.Ellison@dtaa.com,,19819,1
{L3X1-H8OY27LL-3408VTMP},2010-04-23 10:45:44.0,HDE0756,Akeem.Brent.Holland@dtaa.com,,,Hector.Davis.Ellison@dtaa.com,,18669,0
{M9L2-C8XS53UL-2959MLDB},2010-04-23 14:51:22.0,HDE0756,Denise.Lacy.Harmon@dtaa.com;Edward.Hu.Pickett@dtaa.com,,,Hector.Davis.Ellison@dtaa.com,,45694,3
{S5J8-E7ZJ67RS-6049OILQ},2010-04-26 08:47:54.0,HDE0756,Kasper.Zeph.Moran@dtaa.com,,,Hector.Davis.Ellison@dtaa.com,,42150,2
{N0L3-R8KK91OQ-1848QESW},2010-04-26 08:59:50.0,HDE0756,Edan.Colton.Richards@dtaa.com;Harrison.Alec.Mccormick@dtaa.com,,,Hector.Davis.Ellison@dtaa.com,,45938,0
{Z0X0-Y8CF48XT-0758TQON},2010-04-26 10:09:27.0,HDE0756,Leo.Edward.Hopkins@dtaa.com,,,Hector.Davis.Ellison@dtaa.com,,20802,1
{A1H9-H8BJ42UK-5217UUMH},2010-04-27 12:08:54.0,HDE0756,Shaeleigh.Melinda.Diaz@dtaa.com,,,Hector.Davis.Ellison@dtaa.com,,15647,0
{P4U3-M5QU24ID-5598HHGP},2010-04-27 14:22:26.0,HDE0756,Leo.Edward.Hopkins@dtaa.com;Jeanette.Vera.Carlson@dtaa.com,,,Hector.Davis.Ellison@dtaa.com,,23877,1
{R4E3-F4ZR42AL-4558WNDD},2010-04-28 11:55:26.0,HDE0756,Edan.Colton.Richards@dtaa.com;Lilah.Hermione.Parrish@dtaa.com,,,Hector.Davis.Ellison@dtaa.com,,22074,2
{R3K8-Z1XH27RE-1298JJBQ},2010-04-28 13:30:34.0,HDE0756,Edward.Hu.Pickett@dtaa.com,,,Hector.Davis.Ellison@dtaa.com,,31497,1
{B9E3-I7VO72VN-1553SHZV},2010-04-29 12:17:47.0,HDE0756,Ivy.Inez.Sharpe@dtaa.com,,,Hector.Davis.Ellison@dtaa.com,,21249,0
{R8X4-J4GK37VC-2978SWZE},2010-04-29 13:34:47.0,HDE0756,Keefe.Ralph.Peterson@verizon.net,,,Hector.Davis.Ellison@dtaa.com,,49286,1
{G7S0-C4IJ82EI-6651XZNP},2010-05-03 08:42:47.0,HDE0756,Curran.Yoshio.Mcknight@dtaa.com,,,Hector.Davis.Ellison@dtaa.com,,22447,0
{O2I2-N1OZ99OV-5467FWUZ},2010-05-03 13:57:58.0,HDE0756,Hanae.Rhiannon.Lindsey@dtaa.com,,,Hector.Davis.Ellison@dtaa.com,,32836,0
{P1R1-U3PC64ZD-4420QXUS},2010-05-04 10:03:04.0,HDE0756,Cole.Thor.Manning@dtaa.com,,,Hector.Davis.Ellison@dtaa.com,,31299,0
{Y0L7-Y9EV58TN-4636IAYU},2010-05-04 10:07:39.0,HDE0756,Jeanette.Vera.Carlson@dtaa.com,,,Hector.Davis.Ellison@dtaa.com,,13805,4
{Q1O5-G0NN58IA-8453DATD},2010-05-04 14:37:22.0,HDE0756,Julian.Ulysses.Davidson@dtaa.com,,,Hector.Davis.Ellison@dtaa.com,,20027,0
{I9K8-R1AN75UF-2332XECI},2010-05-05 10:28:40.0,HDE0756,Edan.Colton.Richards@dtaa.com,,,Hector.Davis.Ellison@dtaa.com,,31061,0
{S4J1-G8XG69TV-6110WXTM},2010-05-05 13:16:09.0,HDE0756,Amery.Addison.Romero@hp.com,,,Hector.Davis.Ellison@dtaa.com,,46716,0
{Z7K0-P0PM28CV-5825EZGB},2010-05-06 10:14:53.0,HDE0756,Giselle.Diana.Reilly@optonline.net,,,Hector.Davis.Ellison@dtaa.com,,37228,0
{C9B7-Q4GS06IA-0812HMRC},2010-05-06 10:24:27.0,HDE0756,Prescott.Chase.Lowe@dtaa.com,,,Hector.Davis.Ellison@dtaa.com,,28666,0
{C6F3-U5UK25KW-7151TNSW},2010-05-07 10:59:10.0,HDE0756,Shaeleigh.Melinda.Diaz@dtaa.com,,,Hector.Davis.Ellison@dtaa.com,,17352,4
{J6X3-Q7YH31RU-4012WDCI},2010-05-10 10:57:56.0,HDE0756,Denise.Lacy.Harmon@dtaa.com,,,Hector.Davis.Ellison@dtaa.com,,23561,0
{Z1H7-N3PK53LR-5192JVRJ},2010-05-10 12:46:01.0,HDE0756,Halee.Tallulah.Wynn@dtaa.com,,,Hector.Davis.Ellison@dtaa.com,,38606,2
{K4E3-N0TA56XL-3427MRSV},2010-05-11 13:48:27.0,HDE0756,Keefe.Ralph.Peterson@verizon.net,,,Hector.Davis.Ellison@dtaa.com,,26607,0
{I7Y1-E8OY17WT-3172XYWA},2010-05-11 14:23:13.0,HDE0756,Joel.Ezra.Parks@dtaa.com;Halee.Tallulah.Wynn@dtaa.com,,,Hector.Davis.Ellison@dtaa.com,,25665,1
{A4Y5-T4DS31FZ-6419IEPH},2010-05-11 15:00:16.0,HDE0756,Rebekah.Orla.Moreno@dtaa.com,,,Hector.Davis.Ellison@dtaa.com,,45472,0
{U0U7-J9IZ31QD-5894GAWN},2010-05-12 12:25:35.0,HDE0756,Tanisha.Chelsea.Preston@dtaa.com;Joel.Ezra.Parks@dtaa.com;Leo.Edward.Hopkins@dtaa.com,,,Hector.Davis.Ellison@dtaa.com,,29188,0
{C5Z8-B4SZ25RT-4439XZQR},2010-05-12 12:31:17.0,HDE0756,Brenden.Rahim.Sweeney@dtaa.com;Allen.Conan.Winters@dtaa.com,,,Hector.Davis.Ellison@dtaa.com,,28605,0
{Q2Y4-R7GH77AE-6566YNWE},2010-05-12 13:33:21.0,HDE0756,Keefe.Ralph.Peterson@verizon.net,,,Hector.Davis.Ellison@dtaa.com,,19407,0
{Z8G1-G9CU73IG-2590UWBG},2010-05-13 09:49:11.0,HDE0756,Keefe.Ralph.Peterson@verizon.net,,,Hector.Davis.Ellison@dtaa.com,,25490,1
{K7G7-E2QU63HD-3914CRIS},2010-05-14 09:11:12.0,HDE0756,Yetta.Chava.Harvey@dtaa.com,,,Hector.Davis.Ellison@dtaa.com,,33887,0
{X9D5-Z5CD87DT-1536FPZE},2010-05-14 10:06:10.0,HDE0756,Avram.Nasim.Roach@dtaa.com,,,Hector.Davis.Ellison@dtaa.com,,18672,0
{F2W2-T9CR20VB-3043EAKZ},2010-05-14 13:52:45.0,HDE0756,Joy.Yolanda.Beck@dtaa.com,,,Hector.Davis.Ellison@dtaa.com,,28516,0
{L2A8-O8RU73HP-9285PLMO},2010-05-17 10:29:02.0,HDE0756,Halee.Tallulah.Wynn@dtaa.com;Allen.Conan.Winters@dtaa.com,,,Hector.Davis.Ellison@dtaa.com,,20767,0
{T9C4-K1JK14BQ-7130KHTJ},2010-05-17 12:08:59.0,HDE0756,Ashton.Lucius.Mccarty@dtaa.com,,,Hector.Davis.Ellison@dtaa.com,,19868,0
{C3V7-X4AY23GB-0103VVCC},2010-05-18 13:59:05.0,HDE0756,Jeanette.Vera.Carlson@dtaa.com;Jonas.Blaine.Barr@dtaa.com,,,Hector.Davis.Ellison@dtaa.com,,28294,0
{R1K0-R5UM28VY-4517BOFC},2010-05-19 10:46:15.0,HDE0756,Gisela.Jeanette.Watkins@dtaa.com,,,Hector.Davis.Ellison@dtaa.com,,36344,0
{N5T5-N0ST55HT-7316ZHLQ},2010-05-19 11:25:00.0,HDE0756,Keefe.Ralph.Peterson@verizon.net,,,Hector.Davis.Ellison@dtaa.com,,38596,0
{W6F0-A3XY35XS-6872JLIW},2010-05-19 14:21:24.0,HDE0756,Joel.Ezra.Parks@dtaa.com,,,Hector.Davis.Ellison@dtaa.com,,28739,0
{O3M8-V0KD37AZ-7462QAUC},2010-05-20 12:57:33.0,HDE0756,Rina.Bianca.Velasquez@dtaa.com;Shaeleigh.Melinda.Diaz@dtaa.com;Rose.Nadine.Ayers@dtaa.com,,,Hector.Davis.Ellison@dtaa.com,,34555,2
{O4I1-Y9FG69CQ-6825MCTV},2010-05-20 14:24:54.0,HDE0756,Lilah.Hermione.Parrish@dtaa.com,,,Hector.Davis.Ellison@dtaa.com,,40161,0
{N0C7-O5QP64PY-7572QOOT},2010-05-21 09:18:55.0,HDE0756,Gisela.Jeanette.Watkins@dtaa.com;Rina.Bianca.Velasquez@dtaa.com,,,Hector.Davis.Ellison@dtaa.com,,42005,2
{S4X2-Q5QG02NS-6706HBPD},2010-05-24 09:03:42.0,HDE0756,Gisela.Jeanette.Watkins@dtaa.com,,,Hector.Davis.Ellison@dtaa.com,,30319,0
{F9C5-K6CS58RT-5109HWSE},2010-05-24 09:33:16.0,HDE0756,Halee.Tallulah.Wynn@dtaa.com;Keefe.Ralph.Peterson@verizon.net,,,Hector.Davis.Ellison@dtaa.com,,26036,0
{Z4Y5-E5LA43TS-0043LLXV},2010-05-25 11:19:32.0,HDE0756,Kitra.MacKensie.Dillon@dtaa.com,,,Hector.Davis.Ellison@dtaa.com,,34062,0
{X8V0-I8DM83ZF-2448DXJH},2010-05-25 13:38:24.0,HDE0756,Brenden.Rahim.Sweeney@dtaa.com,,,Hector.Davis.Ellison@dtaa.com,,30707,0
{H1S7-S9RW59TL-8975OXXW},2010-05-26 12:43:19.0,HDE0756,Kato.Rafael.Hubbard@dtaa.com,,,Hector.Davis.Ellison@dtaa.com,,56703,0
{J9X3-Y4LD75XL-1086QDBT},2010-05-26 14:36:04.0,HDE0756,Kasper.Zeph.Moran@dtaa.com;Keefe.Ralph.Peterson@verizon.net,,,Hector.Davis.Ellison@dtaa.com,,22208,0
{Q2M6-D8FJ59WD-8781MRRT},2010-05-27 15:13:46.0,HDE0756,Rebekah.Orla.Moreno@dtaa.com,,,Hector.Davis.Ellison@dtaa.com,,29115,4
{X5T8-B0WI11IS-8855UKUV},2010-05-28 09:28:56.0,HDE0756,Bo.Mira.Dillard@dtaa.com;Moses.Quincy.Finch@dtaa.com,,,Hector.Davis.Ellison@dtaa.com,,23240,0
{T2M9-M9FR36VS-5591RXDS},2010-05-28 11:37:22.0,HDE0756,Courtney.Alexis.Cummings@dtaa.com;Kelly.Hashim.Carr@dtaa.com,,,Hector.Davis.Ellison@dtaa.com,,18573,0
{S2R3-T5NR41LI-4383BMNI},2010-06-01 09:14:37.0,HDE0756,Jeanette.Vera.Carlson@dtaa.com,,,Hector.Davis.Ellison@dtaa.com,,59081,1
{D3S6-U9PM76ML-8174YMSD},2010-06-01 10:23:03.0,HDE0756,Leo.Edward.Hopkins@dtaa.com,,,Hector.Davis.Ellison@dtaa.com,,21752,0
{O8C0-Q9HJ53ZN-4572MPGD},2010-06-01 13:31:39.0,HDE0756,Moses.Quincy.Finch@dtaa.com;Keefe.Ralph.Peterson@verizon.net,,,Hector.Davis.Ellison@dtaa.com,,15005,2
{G4D9-B9OY36QO-1840HPPK},2010-06-02 08:55:17.0,HDE0756,Keefe.Ralph.Peterson@verizon.net,,,Hector.Davis.Ellison@dtaa.com,,20916,1
{Z4J1-J4QJ30AR-5257EBVL},2010-06-02 13:51:12.0,HDE0756,Yetta.Chava.Harvey@dtaa.com;Eden.Ahmed.Fitzgerald@dtaa.com;Keefe.Ralph.Peterson@verizon.net,,,Hector.Davis.Ellison@dtaa.com,,18565,2
{Q6D0-D7DZ40EX-2752EZYS},2010-06-02 13:59:26.0,HDE0756,Eden.Ahmed.Fitzgerald@dtaa.com,,,Hector.Davis.Ellison@dtaa.com,,35642,0
{X3D0-N6GX00KO-4236FIKV},2010-06-03 10:52:00.0,HDE0756,Keefe.Ralph.Peterson@verizon.net,,,Hector.Davis.Ellison@dtaa.com,,48093,0
{R9J6-B9CQ11DM-5095RRHF},2010-06-03 11:08:14.0,HDE0756,Jeanette.Vera.Carlson@dtaa.com;Shaeleigh.Melinda.Diaz@dtaa.com,,,Hector.Davis.Ellison@dtaa.com,,32171,1
{U4H0-W0WX62HB-8483GUQD},2010-06-03 13:40:56.0,HDE0756,Julian.Ulysses.Davidson@dtaa.com,,,Hector.Davis.Ellison@dtaa.com,,32992,0
{N6I2-I4PN31XX-4624FGZT},2010-06-04 11:06:07.0,HDE0756,Rina.Bianca.Velasquez@dtaa.com,,,Hector.Davis.Ellison@dtaa.com,,29564,0
{Y5P7-I0CL79HI-3118SIQP},2010-06-04 15:04:21.0,HDE0756,Tucker.Kenneth.Weeks@dtaa.com,,,Hector.Davis.Ellison@dtaa.com,,31928,0
{H4F4-S0IJ73BQ-4746CUQV},2010-06-08 10:12:37.0,HDE0756,Kasper.Zeph.Moran@dtaa.com;Edward.Hu.Pickett@dtaa.com;Rina.Bianca.Velasquez@dtaa.com,,,Hector.Davis.Ellison@dtaa.com,,35086,0
{Y4U2-R8JE24BM-6253CKCA},2010-06-09 09:29:14.0,HDE0756,Lilah.Hermione.Parrish@dtaa.com,,,Hector.Davis.Ellison@dtaa.com,,14762,0
{Z0E1-O4CS63GV-5706CLIY},2010-06-09 09:54:27.0,HDE0756,Moses.Quincy.Finch@dtaa.com,,,Hector.Davis.Ellison@dtaa.com,,31946,5
{B0H7-K0IR87AT-8359PFZY},2010-06-10 13:18:37.0,HDE0756,Jeanette.Vera.Carlson@dtaa.com,,,Hector.Davis.Ellison@dtaa.com,,37118,0
{B9A8-K3VS94NG-8171NGUM},2010-06-10 14:46:25.0,HDE0756,Halee.Tallulah.Wynn@dtaa.com,,,Hector.Davis.Ellison@dtaa.com,,23582,0
{O2C3-O9HW49BE-3676EJXG},2010-06-11 09:42:15.0,HDE0756,Leo.Edward.Hopkins@dtaa.com;Jeanette.Vera.Carlson@dtaa.com,,,Hector.Davis.Ellison@dtaa.com,,34537,0
{O5H7-H9EE03TE-5696NOMP},2010-06-11 10:45:35.0,HDE0756,Sigourney.Erin.Gilbert@dtaa.com,,,Hector.Davis.Ellison@dtaa.com,,45999,0
{H2O7-H8XZ47DC-0881UOHB},2010-06-11 12:48:05.0,HDE0756,Rina.Bianca.Velasquez@dtaa.com;Olivia.Lacy.Mcpherson@dtaa.com;Keefe.Ralph.Peterson@verizon.net,,,Hector.Davis.Ellison@dtaa.com,,29045,0
{R7C2-P6UL69JH-0636DNLP},2010-06-14 14:04:26.0,HDE0756,Kasper.Zeph.Moran@dtaa.com,,,Hector.Davis.Ellison@dtaa.com,,16011,0
{F1T7-V6IF11FL-9255CYJT},2010-06-14 14:19:37.0,HDE0756,Brenden.Rahim.Sweeney@dtaa.com,,,Hector.Davis.Ellison@dtaa.com,,20496,0
{U8B9-I9KT52UE-0193AYAX},2010-06-15 09:52:33.0,HDE0756,Jennifer.Abigail.Ortega@dtaa.com,,,Hector.Davis.Ellison@dtaa.com,,28818,1
{P8N8-Z6JM84JA-4872XSYU},2010-06-15 13:34:14.0,HDE0756,Allen.Conan.Winters@dtaa.com;Keefe.Ralph.Peterson@verizon.net,,,Hector.Davis.Ellison@dtaa.com,,23693,0
{G1O5-U5CE65XX-1513GVEP},2010-06-16 12:36:54.0,HDE0756,Denise.Lacy.Harmon@dtaa.com,,,Hector.Davis.Ellison@dtaa.com,,22167,0
{L4G3-D5OQ85TI-3231DGMP},2010-06-16 14:42:52.0,HDE0756,Germane.Vielka.Rivas@dtaa.com;Avram.Nasim.Roach@dtaa.com;Ryder.Hector.Henson@dtaa.com;Matthew.Lyle.Manning@dtaa.com,,,Hector.Davis.Ellison@dtaa.com,,29512,2
{A8U9-C6KM00EE-0146BHWC},2010-06-16 15:01:02.0,HDE0756,Keefe.Ralph.Peterson@verizon.net,,,Hector.Davis.Ellison@dtaa.com,,32738,0
{X2B4-N5GV00HY-3502VKGJ},2010-06-17 09:07:26.0,HDE0756,Keefe.Ralph.Peterson@verizon.net,,,Hector.Davis.Ellison@dtaa.com,,33867,0
{R7E2-R2ZQ95MS-8283AGRP},2010-06-17 15:12:59.0,HDE0756,Lamar.Hakeem.Conner@dtaa.com;Moses.Quincy.Finch@dtaa.com,,,Hector.Davis.Ellison@dtaa.com,,29828,1
{T9T3-A9OF72VA-9166ZMRB},2010-06-18 10:23:03.0,HDE0756,Lilah.Hermione.Parrish@dtaa.com;Brianna.Ruby.Bender@dtaa.com,,,Hector.Davis.Ellison@dtaa.com,,12528,1
{G8X7-X1DT59NF-2143SIRO},2010-06-18 14:05:38.0,HDE0756,Kato.Rafael.Hubbard@dtaa.com;Chantale.Brenda.Boone@dtaa.com,,,Hector.Davis.Ellison@dtaa.com,,39110,1
{B2H6-O2KT59OV-7938WFCV},2010-06-18 15:05:19.0,HDE0756,Chastity.Shaine.Floyd@dtaa.com,,,Hector.Davis.Ellison@dtaa.com,,24586,0
{S5D0-N4LW95WV-1160HCZS},2010-06-21 08:58:16.0,HDE0756,Allen.Conan.Winters@dtaa.com,,,Hector.Davis.Ellison@dtaa.com,,37835,0
{W5W8-P0EQ32SB-5981NULN},2010-06-21 13:02:30.0,HDE0756,Ross.Tanner.Clements@dtaa.com,,,Hector.Davis.Ellison@dtaa.com,,22625,0
{C2Z6-I3WL96EZ-6214QJPY},2010-06-22 14:15:55.0,HDE0756,Shaeleigh.Melinda.Diaz@dtaa.com;Edan.Colton.Richards@dtaa.com,,,Hector.Davis.Ellison@dtaa.com,,51044,0
{Y6T8-S0HN07LX-2265GILB},2010-06-23 11:06:36.0,HDE0756,Avye.Sharon.Jacobs@dtaa.com,,,Hector.Davis.Ellison@dtaa.com,,26552,0
{E0P1-A6LT84AW-4224PYIW},2010-06-23 12:01:23.0,HDE0756,Oscar.Reece.Cote@dtaa.com,,,Hector.Davis.Ellison@dtaa.com,,34631,0
{F8S8-B0XR98MV-8802PHUQ},2010-06-24 12:57:43.0,HDE0756,Sigourney.Erin.Gilbert@dtaa.com,,,Hector.Davis.Ellison@dtaa.com,,22919,1
{D5W2-N5LY55OV-1261URNP},2010-06-24 13:30:10.0,HDE0756,Kasper.Zeph.Moran@dtaa.com,,,Hector.Davis.Ellison@dtaa.com,,19362,0
{V2V8-R4YF38UE-6360UZRK},2010-06-25 09:27:39.0,HDE0756,Leo.Edward.Hopkins@dtaa.com,,,Hector.Davis.Ellison@dtaa.com,,36317,0
{G2C5-U3SW55JT-0310NAZZ},2010-06-25 12:51:02.0,HDE0756,Leo.Edward.Hopkins@dtaa.com,,,Hector.Davis.Ellison@dtaa.com,,23726,1
{S0D1-C1CD70KP-6493UPVE},2010-06-28 11:29:32.0,HDE0756,Brenden.Rahim.Sweeney@dtaa.com;Jennifer.Abigail.Ortega@dtaa.com,,,Hector.Davis.Ellison@dtaa.com,,29824,0
{L8C5-R4PV61LE-5518SVPX},2010-06-28 12:07:26.0,HDE0756,Yetta.Chava.Harvey@dtaa.com,,,Hector.Davis.Ellison@dtaa.com,,17717,0
{V6M9-R3FJ60VE-7712SMUW},2010-06-28 14:59:09.0,HDE0756,Avram.Nasim.Roach@dtaa.com,,,Hector.Davis.Ellison@dtaa.com,,24929,0
{V5N8-K3CO52XT-3755PYAU},2010-06-29 08:23:19.0,HDE0756,Damon.Emerson.Shelton@dtaa.com;Jeanette.Vera.Carlson@dtaa.com;Karen.Carolyn.Langley@dtaa.com,,,Hector.Davis.Ellison@dtaa.com,,20943,0
{A8O5-M0LN32SP-4495XXAD},2010-06-29 11:33:09.0,HDE0756,Destiny.Hadassah.Mcclain@dtaa.com,,,Hector.Davis.Ellison@dtaa.com,,16498,0
{A7R2-R7ZW79SV-2215IRBB},2010-06-30 08:14:17.0,HDE0756,Zachery.Ashton.Stewart@dtaa.com,,,Hector.Davis.Ellison@dtaa.com,,34918,1
{K6O3-W2NT54ZG-7409ISHF},2010-06-30 12:02:15.0,HDE0756,Moses.Quincy.Finch@dtaa.com,,,Hector.Davis.Ellison@dtaa.com,,31240,0
{E4P2-V5GP62HU-9779BPQW},2010-06-30 14:03:29.0,HDE0756,Eden.Ahmed.Fitzgerald@dtaa.com;Chadwick.Sebastian.Mcclain@dtaa.com,,,Hector.Davis.Ellison@dtaa.com,,29565,0
{J4F3-B2KT93FW-0869UIQT},2010-07-01 09:09:46.0,HDE0756,Casey.Travis.Patterson@northropgrumman.com,,,Hector.Davis.Ellison@dtaa.com,,25869,0
{D6B1-S9PE51NV-6554RSUH},2010-07-01 15:05:54.0,HDE0756,Edan.Colton.Richards@dtaa.com;Cole.Thor.Manning@dtaa.com,,,Hector.Davis.Ellison@dtaa.com,,26698,0
{X4C3-Z7WX16FM-1789SBYH},2010-07-02 08:19:55.0,HDE0756,Kasper.Zeph.Moran@dtaa.com,,,Hector.Davis.Ellison@dtaa.com,,21974,0
{Y7P9-T1VW31QZ-3009IUQX},2010-07-02 08:44:09.0,HDE0756,Keefe.Ralph.Peterson@verizon.net,,,Hector.Davis.Ellison@dtaa.com,,26521,0
{X6O6-P5BE20LS-0773NQXC},2010-07-06 08:45:58.0,HDE0756,Leo.Edward.Hopkins@dtaa.com;Moses.Quincy.Finch@dtaa.com;Grace.Idona.Burns@harris.com,,,Hector.Davis.Ellison@dtaa.com,,31627,2
{V6N9-M5WS36OW-8429LGGD},2010-07-06 13:12:45.0,HDE0756,Lilah.Hermione.Parrish@dtaa.com,,,Hector.Davis.Ellison@dtaa.com,,33754,0
{L8K1-A4VW92MG-5112TKIR},2010-07-06 14:15:01.0,HDE0756,Moses.Quincy.Finch@dtaa.com;Sigourney.Erin.Gilbert@dtaa.com,,,Hector.Davis.Ellison@dtaa.com,,28269,0
{Y6R5-U8WI38XG-8093SAKL},2010-07-07 09:14:34.0,HDE0756,Rebekah.Orla.Moreno@dtaa.com,,,Hector.Davis.Ellison@dtaa.com,,22552,0
{T4A2-X4JA04PK-0995XSHY},2010-07-07 11:39:02.0,HDE0756,Edan.Colton.Richards@dtaa.com,,,Hector.Davis.Ellison@dtaa.com,,40302,0
{C2Q3-N0TD24EI-3543UROA},2010-07-07 13:28:27.0,HDE0756,Cole.Thor.Manning@dtaa.com,,,Hector.Davis.Ellison@dtaa.com,,24793,0
{U1O2-U7SG08FE-1523AYYV},2010-07-08 09:07:42.0,HDE0756,Avram.Nasim.Roach@dtaa.com,,,Hector.Davis.Ellison@dtaa.com,,32673,0
{V0J8-T2MH71AP-5212RJPG},2010-07-08 10:58:39.0,HDE0756,Ivy.Inez.Sharpe@dtaa.com,,,Hector.Davis.Ellison@dtaa.com,,16776,0
{V8T3-Z0FR07BJ-4106IGHO},2010-07-09 08:14:55.0,HDE0756,Keefe.Ralph.Peterson@verizon.net;Robert.Barclay.Young@sbcglobal.net,,,Hector.Davis.Ellison@dtaa.com,,23642,0
{E7X2-O9XF11FE-5617EHHE},2010-07-09 12:29:49.0,HDE0756,Ross.Tanner.Clements@dtaa.com,,,Hector.Davis.Ellison@dtaa.com,,62897,0
{O2V3-R0AH53WW-8031KVSG},2010-07-12 08:30:23.0,HDE0756,Joel.Ezra.Parks@dtaa.com,,,Hector.Davis.Ellison@dtaa.com,,38152,0
{O7L0-X4YU09BB-5247NRDB},2010-07-12 13:32:41.0,HDE0756,Rina.Bianca.Velasquez@dtaa.com,,,Hector.Davis.Ellison@dtaa.com,,33440,3
{U4Y9-L6PT22HW-6587UZLQ},2010-07-12 13:39:15.0,HDE0756,Halee.Tallulah.Wynn@dtaa.com;Avram.Nasim.Roach@dtaa.com,,,Hector.Davis.Ellison@dtaa.com,,23651,0
{F6J7-M4LL42ZG-5738KYCO},2010-07-13 10:14:45.0,HDE0756,Kato.Rafael.Hubbard@dtaa.com;Keefe.Ralph.Peterson@verizon.net,,,Hector.Davis.Ellison@dtaa.com,,17396,0
{C7J3-A8GY62LV-5410HLHX},2010-07-14 10:12:28.0,HDE0756,Prescott.Chase.Lowe@dtaa.com,,,Hector.Davis.Ellison@dtaa.com,,30315,0
{V1U4-D5QC59JK-8021PCTS},2010-07-14 13:36:08.0,HDE0756,Eden.Ahmed.Fitzgerald@dtaa.com,,,Hector.Davis.Ellison@dtaa.com,,18300,0
{X7K3-W6PI54VP-1000GKSM},2010-07-15 08:32:29.0,HDE0756,Leo.Edward.Hopkins@dtaa.com,,,Hector.Davis.Ellison@dtaa.com,,32752,0
{I6B8-W3TJ42QR-1795DIOC},2010-07-15 12:49:46.0,HDE0756,Prescott.Chase.Lowe@dtaa.com,,,Hector.Davis.Ellison@dtaa.com,,36586,2
{Q7R7-I3XQ91BD-3053SASL},2010-07-16 10:47:35.0,HDE0756,Sigourney.Erin.Gilbert@dtaa.com,,,Hector.Davis.Ellison@dtaa.com,,21704,1
{I9U4-O8SO23ZP-0684NMIK},2010-07-19 14:05:18.0,HDE0756,Nerea.Joy.Richardson@dtaa.com;Charles.Zeus.Nunez@hotmail.com,,,Hector.Davis.Ellison@dtaa.com,,31743,1
{A5X1-S3SO29BN-4575JJFT},2010-07-19 14:20:25.0,HDE0756,Ross.Tanner.Clements@dtaa.com;Brianna.Ruby.Bender@dtaa.com,,,Hector.Davis.Ellison@dtaa.com,,20227,2
{X8G9-N6CN08HE-6911IMNY},2010-07-19 14:56:16.0,HDE0756,Kyle.Ashton.James@dtaa.com,,,Hector.Davis.Ellison@dtaa.com,,23113,0
{S5X3-J3TA96EL-7169WFPC},2010-07-20 11:11:36.0,HDE0756,Jeanette.Vera.Carlson@dtaa.com,,,Hector.Davis.Ellison@dtaa.com,,21680,0
{N1Q1-E3KX68IY-8789RTEK},2010-07-20 14:28:11.0,HDE0756,Rina.Bianca.Velasquez@dtaa.com,,,Hector.Davis.Ellison@dtaa.com,,45044,0
{V7E3-A6HR08XY-2459REZZ},2010-07-21 08:58:53.0,HDE0756,Kaden.Tarik.Giles@dtaa.com;Ivy.Inez.Sharpe@dtaa.com,,,Hector.Davis.Ellison@dtaa.com,,26334,0
{I5C7-S9VU06IP-5290PJCT},2010-07-21 13:12:20.0,HDE0756,Rebekah.Orla.Moreno@dtaa.com,,,Hector.Davis.Ellison@dtaa.com,,30051,0
{U7Q2-O6PB95KE-4790SUQC},2010-07-21 14:59:51.0,HDE0756,Halee.Tallulah.Wynn@dtaa.com;Jennifer.Abigail.Ortega@dtaa.com,,,Hector.Davis.Ellison@dtaa.com,,39116,0
{O6T3-X6NF91FS-0068VNJH},2010-07-22 11:13:51.0,HDE0756,Curran.Yoshio.Mcknight@dtaa.com;Chadwick.Sebastian.Mcclain@dtaa.com,,,Hector.Davis.Ellison@dtaa.com,,29998,2
{T6K2-S7HQ50QV-4900BFBG},2010-07-22 12:01:32.0,HDE0756,Avram.Nasim.Roach@dtaa.com,,,Hector.Davis.Ellison@dtaa.com,,42605,0
{D9U3-A8BH45WK-0392UTZM},2010-07-23 10:48:54.0,HDE0756,Ivy.Inez.Sharpe@dtaa.com,,,Hector.Davis.Ellison@dtaa.com,,16602,0
{Q3W0-U7OC17HN-8336YYBS},2010-07-26 08:51:21.0,HDE0756,Armando.James.Ortega@dtaa.com,,,Hector.Davis.Ellison@dtaa.com,,22955,0
{F0H2-H8HZ22UY-9338AMWW},2010-07-26 13:04:50.0,HDE0756,Curran.Yoshio.Mcknight@dtaa.com,,,Hector.Davis.Ellison@dtaa.com,,57318,1
{C1R7-J4LS20UA-3134GZBE},2010-07-26 14:16:32.0,HDE0756,Moses.Quincy.Finch@dtaa.com;Ross.Tanner.Clements@dtaa.com,,,Hector.Davis.Ellison@dtaa.com,,29471,2
{I7E3-W2LH64VY-1835GTEW},2010-07-27 13:42:02.0,HDE0756,Garrett.Nehru.Gordon@dtaa.com;Keefe.Ralph.Peterson@verizon.net,,,Hector.Davis.Ellison@dtaa.com,,34784,0
{A3O7-F0ED00EZ-8105QFPO},2010-07-27 14:44:28.0,HDE0756,Ross.Tanner.Clements@dtaa.com,,,Hector.Davis.Ellison@dtaa.com,,35437,1
{I9V7-V2SF98YA-3647VYYC},2010-07-28 08:55:46.0,HDE0756,Cole.Thor.Manning@dtaa.com,,,Hector.Davis.Ellison@dtaa.com,,18976,0
{Y2T6-R1GY42IZ-6187PZPZ},2010-07-28 13:49:14.0,HDE0756,Prescott.Chase.Lowe@dtaa.com;Keefe.Ralph.Peterson@verizon.net,,,Hector.Davis.Ellison@dtaa.com,,21168,1
{R2Q5-T2PU55GR-8112MKSL},2010-07-29 08:40:53.0,HDE0756,Keefe.Ralph.Peterson@verizon.net,,,Hector.Davis.Ellison@dtaa.com,,28637,0
{Z7O2-G1SU99TV-7327REVY},2010-07-29 10:07:32.0,HDE0756,Keefe.Ralph.Peterson@verizon.net,,,Hector.Davis.Ellison@dtaa.com,,33211,0
{P2P1-M0UT41RV-5459ZGKW},2010-07-29 12:43:27.0,HDE0756,Shaeleigh.Melinda.Diaz@dtaa.com;Joel.Ezra.Parks@dtaa.com,,,Hector.Davis.Ellison@dtaa.com,,17958,1
{P4S4-F2NX58PJ-1083QOTV},2010-07-30 12:58:30.0,HDE0756,Kato.Rafael.Hubbard@dtaa.com,,,Hector.Davis.Ellison@dtaa.com,,26010,1
{K9K7-J6YS77XY-7763HFMV},2010-07-30 13:25:38.0,HDE0756,Jameson.William.Schultz@dtaa.com;Keefe.Ralph.Peterson@verizon.net,,,Hector.Davis.Ellison@dtaa.com,,32749,7
{B1N5-Z1PD73JC-7668QSBA},2010-08-02 13:22:56.0,HDE0756,Merrill.Samuel.Koch@dtaa.com;Armand.Norman.Oconnor@dtaa.com,,,Hector.Davis.Ellison@dtaa.com,,33092,0
{M3D9-V1QV93RE-3729ZCMW},2010-08-02 14:42:09.0,HDE0756,Rebekah.Orla.Moreno@dtaa.com,,,Hector.Davis.Ellison@dtaa.com,,12744,0
{Y2F4-O4ZF39CX-1898FFLD},2010-08-03 11:33:01.0,HDE0756,Moses.Quincy.Finch@dtaa.com;Keefe.Ralph.Peterson@verizon.net,,,Hector.Davis.Ellison@dtaa.com,,33880,0
{B2O9-G6NV53GY-1128COPL},2010-08-03 14:24:45.0,HDE0756,Kenyon.Salvador.May@dtaa.com;Eagan.Chase.Pratt@dtaa.com;Eden.Ahmed.Fitzgerald@dtaa.com;Yetta.Chava.Harvey@dtaa.com,,,Hector.Davis.Ellison@dtaa.com,,23749,2
{D9C0-C3SD14EA-0721DOZS},2010-08-03 14:42:42.0,HDE0756,Ross.Tanner.Clements@dtaa.com;Jada.Quinn.Vang@dtaa.com,,,Hector.Davis.Ellison@dtaa.com,,35020,0
{O3L9-I5LX76SD-8601JWLA},2010-08-04 08:20:32.0,HDE0756,Keefe.Ralph.Peterson@verizon.net,,,Hector.Davis.Ellison@dtaa.com,,26078,0
{E0R0-E6KX26SJ-8770JSDM},2010-08-04 10:22:23.0,HDE0756,Joel.Ezra.Parks@dtaa.com;Quin.Ivy.Fox@comcast.net,,,Hector.Davis.Ellison@dtaa.com,,29549,0
{W8H2-O0UG20TG-6571BAGF},2010-08-05 09:06:49.0,HDE0756,Rina.Bianca.Velasquez@dtaa.com;Curran.Yoshio.Mcknight@dtaa.com;Yetta.Chava.Harvey@dtaa.com,,,Hector.Davis.Ellison@dtaa.com,,48638,1
{U3T3-X4KR56KR-1588KPKN},2010-08-05 09:12:43.0,HDE0756,Prescott.Chase.Lowe@dtaa.com,,,Hector.Davis.Ellison@dtaa.com,,40342,0
{Y3F9-J7CC30YI-7822CBKL},2010-08-06 08:06:29.0,HDE0756,Bo.Quemby.Durham@dtaa.com;Rebekah.Orla.Moreno@dtaa.com,,,Hector.Davis.Ellison@dtaa.com,,29779,6
{X5H2-X0JN83MH-9427JOOO},2010-08-06 13:18:57.0,HDE0756,Hakeem.Herman.Buck@dtaa.com,,,Hector.Davis.Ellison@dtaa.com,,26673,0
{H6C8-D4QF73VS-4936ELUB},2010-08-09 10:06:01.0,HDE0756,Leo.Edward.Hopkins@dtaa.com,,,Hector.Davis.Ellison@dtaa.com,,34233,0
{T7R6-E1XT92LC-1765WWMM},2010-08-09 15:11:41.0,HDE0756,Edan.Colton.Richards@dtaa.com;Rebekah.Orla.Moreno@dtaa.com,,,Hector.Davis.Ellison@dtaa.com,,33687,0
{D6P8-F1YT75MS-4481URNI},2010-08-10 09:31:54.0,HDE0756,Curran.Yoshio.Mcknight@dtaa.com;Gisela.Jeanette.Watkins@dtaa.com;Yetta.Chava.Harvey@dtaa.com;Keefe.Ralph.Peterson@verizon.net,,,Hector.Davis.Ellison@dtaa.com,,39241,1
{N7D4-B8AE85ZM-2020USBW},2010-08-10 11:55:59.0,HDE0756,Keefe.Ralph.Peterson@verizon.net,,,Hector.Davis.Ellison@dtaa.com,,25254,0
{T9F0-J5DK91JF-1945TVRU},2010-08-10 15:15:17.0,HDE0756,Kasper.Zeph.Moran@dtaa.com,,,Hector.Davis.Ellison@dtaa.com,,41945,0
{T8L0-T4LF28UD-9701AJPR},2010-08-11 10:14:07.0,HDE0756,Ivy.Inez.Sharpe@dtaa.com,,,Hector.Davis.Ellison@dtaa.com,,22760,0
{C0I0-D4AO66MT-8535XSOK},2010-08-11 10:21:08.0,HDE0756,Keefe.Ralph.Peterson@verizon.net,,,Hector.Davis.Ellison@dtaa.com,,42723,0
{J0Y7-C8CJ20KT-6491ELCN},2010-08-12 08:22:31.0,HDE0756,Amelia.Ria.Richmond@dtaa.com,,,Hector.Davis.Ellison@dtaa.com,,42178,0
{U4D8-R6JZ56MI-8666BNWZ},2010-08-12 12:13:45.0,HDE0756,Chandler.Robert.Warner@dtaa.com,,,Hector.Davis.Ellison@dtaa.com,,20486,0
{M6J7-W4AF68ZC-3744EBMC},2010-08-13 11:28:15.0,HDE0756,Ross.Tanner.Clements@dtaa.com,,,Hector.Davis.Ellison@dtaa.com,,16441,0
{S6J0-N6VU90CH-1244UEMD},2010-08-16 12:22:14.0,HDE0756,Rebekah.Naomi.Russell@dtaa.com;Halee.Tallulah.Wynn@dtaa.com,,,Hector.Davis.Ellison@dtaa.com,,27860,0
{U4K7-L2FV43RD-0690DENB},2010-08-16 13:51:01.0,HDE0756,Edward.Palmer.Fulton@bellsouth.net,,,Hector.Davis.Ellison@dtaa.com,,25932,0
{G5A8-O1YV28RJ-4730FAJZ},2010-08-16 14:55:36.0,HDE0756,Sigourney.Erin.Gilbert@dtaa.com,,,Hector.Davis.Ellison@dtaa.com,,31658,0
{J7N5-P5EG08TA-2253HMQM},2010-08-17 10:21:12.0,HDE0756,Lilah.Hermione.Parrish@dtaa.com;Prescott.Chase.Lowe@dtaa.com,,,Hector.Davis.Ellison@dtaa.com,,35491,2
{Y1S3-P7CL15RT-0556REAG},2010-08-17 11:32:17.0,HDE0756,Leo.Edward.Hopkins@dtaa.com,,,Hector.Davis.Ellison@dtaa.com,,29558,0
{V6T3-Z1XB83KT-7885TPFS},2010-08-17 13:24:22.0,HDE0756,Edan.Colton.Richards@dtaa.com,,,Hector.Davis.Ellison@dtaa.com,,31225,0
{J6R2-B6IF73HY-9692HIAM},2010-08-18 09:56:41.0,HDE0756,Keefe.Ralph.Peterson@verizon.net,,,Hector.Davis.Ellison@dtaa.com,,19159,1
{H0N1-P6PR19JB-7205MIPY},2010-08-18 10:20:11.0,HDE0756,Keefe.Ralph.Peterson@verizon.net,,,Hector.Davis.Ellison@dtaa.com,,30251,0
{R6Q8-Z3PD39RG-2236LVYB},2010-08-19 13:44:47.0,HDE0756,Brenden.Rahim.Sweeney@dtaa.com,,,Hector.Davis.Ellison@dtaa.com,,34897,0
{O6X4-R0XW42TB-6956PLWM},2010-08-19 14:29:50.0,HDE0756,Chadwick.Sebastian.Mcclain@dtaa.com,,,Hector.Davis.Ellison@dtaa.com,,17569,0
{X6O1-W8AI54JZ-7845CFXO},2010-08-20 10:02:45.0,HDE0756,Prescott.Chase.Lowe@dtaa.com,,,Hector.Davis.Ellison@dtaa.com,,18989,9
{P4N6-E8FH83UQ-5960YZJK},2010-08-20 10:39:45.0,HDE0756,Edward.Hu.Pickett@dtaa.com,,,Hector.Davis.Ellison@dtaa.com,,34471,0
{V7B4-K7HG11GS-1143DLYT},2010-08-20 12:14:44.0,HDE0756,Natalie.Kendall.Riggs@dtaa.com;Audrey.Shea.Joyce@dtaa.com,,,Hector.Davis.Ellison@dtaa.com,,44757,0
{O2Q5-G9LA04DU-4714QMTF},2010-08-23 09:14:50.0,HDE0756,Allen.Conan.Winters@dtaa.com;Nicholas.Anthony.Dixon@dtaa.com;Keefe.Ralph.Peterson@verizon.net,,,Hector.Davis.Ellison@dtaa.com,,28747,0
{U7G8-W5OL02VK-6441HFWF},2010-08-23 09:52:28.0,HDE0756,Ivy.Inez.Sharpe@dtaa.com,,,Hector.Davis.Ellison@dtaa.com,,25466,0
{N7W1-F4RM92NU-4386FMJA},2010-08-24 08:47:57.0,HDE0756,Allen.Conan.Winters@dtaa.com;Keefe.Ralph.Peterson@verizon.net,,,Hector.Davis.Ellison@dtaa.com,,27190,2
{G8V7-R5AM07BS-1300KFZW},2010-08-24 10:19:01.0,HDE0756,Gisela.Jeanette.Watkins@dtaa.com;Julian.Ulysses.Davidson@dtaa.com;Brianna.Ruby.Bender@dtaa.com,,,Hector.Davis.Ellison@dtaa.com,,43277,0
{L3U4-G8YZ05XN-2951DFXS},2010-08-25 09:07:13.0,HDE0756,Amelia.Simone.Nguyen@msn.com,,,Hector.Davis.Ellison@dtaa.com,,26972,0
{A3T7-O3AG78EF-6791WPXL},2010-08-25 12:33:01.0,HDE0756,Ross.Tanner.Clements@dtaa.com,,,Hector.Davis.Ellison@dtaa.com,,23080,0
{F3P2-B2NH06DI-5896CESZ},2010-08-25 14:37:47.0,HDE0756,Yetta.Chava.Harvey@dtaa.com,,,Hector.Davis.Ellison@dtaa.com,,32999,0
{C4E8-K7EZ59RE-3407YDXN},2010-08-26 10:19:06.0,HDE0756,Rina.Bianca.Velasquez@dtaa.com,,,Hector.Davis.Ellison@dtaa.com,,30522,0
{J7X8-B9OF96NP-1527HEGK},2010-08-26 11:54:09.0,HDE0756,Brenden.Rahim.Sweeney@dtaa.com;Allen.Conan.Winters@dtaa.com;Rina.Bianca.Velasquez@dtaa.com,,,Hector.Davis.Ellison@dtaa.com,,47803,0
{E4R2-L2WM01HP-3072MSVL},2010-08-26 14:45:01.0,HDE0756,Myra.Casey.Lambert@dtaa.com,,,Hector.Davis.Ellison@dtaa.com,,26375,0
{K4Y1-M8NT42YW-9809RUBW},2010-08-27 11:20:24.0,HDE0756,Edan.Colton.Richards@dtaa.com,,,Hector.Davis.Ellison@dtaa.com,,46409,0
{J9P0-P4YN97QQ-0918WYXS},2010-08-30 09:20:05.0,HDE0756,Hamilton.Donovan.Waller@dtaa.com,,,Hector.Davis.Ellison@dtaa.com,,21516,0
{Y8F8-L7NA86TV-2218FCJH},2010-08-31 10:52:48.0,HDE0756,Edward.Hu.Pickett@dtaa.com,,,Hector.Davis.Ellison@dtaa.com,,43410,0
{S9J2-H1JT69HB-1977BOQO},2010-08-31 10:58:05.0,HDE0756,Curran.Yoshio.Mcknight@dtaa.com;Edan.Colton.Richards@dtaa.com,,,Hector.Davis.Ellison@dtaa.com,,33200,0
{E9Q0-F3BU04JG-2282YKUS},2010-08-31 12:22:56.0,HDE0756,Grant.Kadeem.Hale@charter.net,,,Hector.Davis.Ellison@dtaa.com,,27717,0
{C8Y5-B5TO62CR-4024UIBG},2010-09-01 10:17:00.0,HDE0756,Cole.Thor.Manning@dtaa.com;Keefe.Ralph.Peterson@verizon.net,,,Hector.Davis.Ellison@dtaa.com,,21848,1
{X2S8-X6EE95XF-0104UDXH},2010-09-02 09:51:18.0,HDE0756,Prescott.Chase.Lowe@dtaa.com;Edward.Hu.Pickett@dtaa.com,,,Hector.Davis.Ellison@dtaa.com,,33544,0
{L9C1-K3HL37TC-6683BQLN},2010-09-02 11:11:34.0,HDE0756,Chadwick.Sebastian.Mcclain@dtaa.com;Halee.Tallulah.Wynn@dtaa.com,,,Hector.Davis.Ellison@dtaa.com,,27579,0
{C7P3-Y6UB69OE-3463WKTI},2010-09-02 13:09:35.0,HDE0756,Gisela.Jeanette.Watkins@dtaa.com;Chadwick.Sebastian.Mcclain@dtaa.com;Allen.Conan.Winters@dtaa.com,,,Hector.Davis.Ellison@dtaa.com,,26966,0
{U9J5-F9US00JS-8892LCWK},2010-09-03 10:37:36.0,HDE0756,Genevieve.Rhoda.Barber@dtaa.com,,,Hector.Davis.Ellison@dtaa.com,,25556,0
{B2W4-Q1ET95NW-4454OPFM},2010-09-03 12:09:37.0,HDE0756,Halee.Tallulah.Wynn@dtaa.com,,,Hector.Davis.Ellison@dtaa.com,,26977,0
{M7W7-G3DO63AM-0435EIZV},2010-09-07 12:23:50.0,HDE0756,Shaeleigh.Melinda.Diaz@dtaa.com;Keefe.Ralph.Peterson@verizon.net,,,Hector.Davis.Ellison@dtaa.com,,16947,1
{E7Y1-B8KU00VY-4118SRHS},2010-09-07 12:26:14.0,HDE0756,Chase.Lane.Booth@dtaa.com,,,Hector.Davis.Ellison@dtaa.com,,19763,0
{O1O8-S6LO21UP-9209UWPX},2010-09-08 13:41:47.0,HDE0756,Eden.Ahmed.Fitzgerald@dtaa.com,,,Hector.Davis.Ellison@dtaa.com,,18980,0
{U9P5-F2ET52LF-3985FQYJ},2010-09-08 13:52:22.0,HDE0756,Shaeleigh.Melinda.Diaz@dtaa.com,,,Hector.Davis.Ellison@dtaa.com,,37944,0
{N7S3-U4UZ15GL-5743QNIW},2010-09-08 14:39:50.0,HDE0756,Edan.Colton.Richards@dtaa.com;Ross.Tanner.Clements@dtaa.com;Kasper.Zeph.Moran@dtaa.com,,,Hector.Davis.Ellison@dtaa.com,,33499,1
{Z6M4-M3TU42DV-1963ETFZ},2010-09-09 08:30:07.0,HDE0756,Xavier.Owen.Huff@dtaa.com,,,Hector.Davis.Ellison@dtaa.com,,36745,0
{N2R1-M5ZR77NN-0718LJVJ},2010-09-10 08:21:29.0,HDE0756,Chadwick.Sebastian.Mcclain@dtaa.com,,,Hector.Davis.Ellison@dtaa.com,,24981,0
{A5P4-D3ZB38EY-0895WMTT},2010-09-10 10:41:07.0,HDE0756,Eden.Ahmed.Fitzgerald@dtaa.com,,,Hector.Davis.Ellison@dtaa.com,,31457,2
{E4S0-F1AD62LC-0159EIJY},2010-09-10 12:06:31.0,HDE0756,Allegra.Brianna.Stanton@dtaa.com,,,Hector.Davis.Ellison@dtaa.com,,30524,0
{B4P7-N5UG57AA-7606DGDV},2010-09-13 08:19:18.0,HDE0756,Rina.Bianca.Velasquez@dtaa.com,,,Hector.Davis.Ellison@dtaa.com,,28117,0
{J7T0-W4VO05IN-2083LOWT},2010-09-13 09:30:22.0,HDE0756,Kato.Rafael.Hubbard@dtaa.com;Cole.Thor.Manning@dtaa.com,,,Hector.Davis.Ellison@dtaa.com,,40726,1
{Q8S4-J0YX83SC-6848YRWN},2010-09-13 13:35:50.0,HDE0756,Ivy.Inez.Sharpe@dtaa.com;Julian.Ulysses.Davidson@dtaa.com;Chadwick.Sebastian.Mcclain@dtaa.com,,,Hector.Davis.Ellison@dtaa.com,,42426,1
{D7I6-A0FX08ZG-4478YSWS},2010-09-14 09:58:57.0,HDE0756,Eden.Ahmed.Fitzgerald@dtaa.com,,,Hector.Davis.Ellison@dtaa.com,,25731,0
{C9L0-Z1AC21DC-5862JRJE},2010-09-14 10:22:55.0,HDE0756,Reagan.Shafira.Castaneda@dtaa.com,,,Hector.Davis.Ellison@dtaa.com,,28945,2
{X1P9-E0JK34GO-9303GDVD},2010-09-14 13:48:36.0,HDE0756,Shaeleigh.Melinda.Diaz@dtaa.com;Edward.Hu.Pickett@dtaa.com,,,Hector.Davis.Ellison@dtaa.com,,21853,0
{X7T1-V4HA67OK-2588YJNI},2010-09-15 08:49:12.0,HDE0756,Natalie.Kendall.Riggs@dtaa.com,,,Hector.Davis.Ellison@dtaa.com,,39578,0
{K1M7-K4IB44VE-5213DKRR},2010-09-15 09:00:34.0,HDE0756,Hall.Curran.Hood@dtaa.com,,,Hector.Davis.Ellison@dtaa.com,,16675,3
{H9H9-F7KA12FP-8661CDMT},2010-09-16 09:00:46.0,HDE0756,Keefe.Ralph.Peterson@verizon.net,,,Hector.Davis.Ellison@dtaa.com,,26609,1
{X8Z5-M1KV71AM-9857ACIN},2010-09-16 09:41:57.0,HDE0756,Tucker.Kenneth.Weeks@dtaa.com;Keefe.Ralph.Peterson@verizon.net,,,Hector.Davis.Ellison@dtaa.com,,21389,0
{H0O9-Q0BO67XA-5397IXGD},2010-09-16 12:53:15.0,HDE0756,Caleb.Leroy.Mccoy@dtaa.com;Keefe.Ralph.Peterson@verizon.net,,,Hector.Davis.Ellison@dtaa.com,,30451,0
{Q0M8-P6RG15LT-8446TZJA},2010-09-17 09:34:40.0,HDE0756,Kato.Rafael.Hubbard@dtaa.com,,,Hector.Davis.Ellison@dtaa.com,,85904,0
{O9X6-H1MP90IO-3112IUGU},2010-09-17 12:46:27.0,HDE0756,Kasper.Zeph.Moran@dtaa.com;Julian.Ulysses.Davidson@dtaa.com,,,Hector.Davis.Ellison@dtaa.com,,30977,0
{K4D9-G5VM55ON-7627HDCK},2010-09-20 13:06:19.0,HDE0756,Chadwick.Sebastian.Mcclain@dtaa.com;Avram.Nasim.Roach@dtaa.com;Keefe.Ralph.Peterson@verizon.net,,,Hector.Davis.Ellison@dtaa.com,,12724,1
{G3T3-D9LW42AM-8053GCJS},2010-09-20 14:53:49.0,HDE0756,Ivy.Inez.Sharpe@dtaa.com,,,Hector.Davis.Ellison@dtaa.com,,27191,0
{Q9W5-C7LL87MI-9318RMTK},2010-09-20 14:59:07.0,HDE0756,Denise.Lacy.Harmon@dtaa.com;Gisela.Jeanette.Watkins@dtaa.com;Rina.Bianca.Velasquez@dtaa.com,,,Hector.Davis.Ellison@dtaa.com,,21320,1
{V0I0-I4AQ73FL-5745COMU},2010-09-21 10:23:56.0,HDE0756,Kamal.Judah.Fox@dtaa.com,,,Hector.Davis.Ellison@dtaa.com,,21023,0
{P3X1-W7FI50BK-4714HAYR},2010-09-21 10:32:46.0,HDE0756,Ross.Tanner.Clements@dtaa.com,,,Hector.Davis.Ellison@dtaa.com,,23503,0
{U5X1-C6PN94DX-1906FXMM},2010-09-21 12:52:21.0,HDE0756,Prescott.Chase.Lowe@dtaa.com,,,Hector.Davis.Ellison@dtaa.com,,31471,0
{X7X0-D9UR62DN-5793YFCG},2010-09-22 08:56:48.0,HDE0756,Jerome.Levi.Mcclain@dtaa.com;Jonathan.Gary.Casey@dtaa.com,,,Hector.Davis.Ellison@dtaa.com,,31060,4
{H0R5-K0ZL20FB-9491TZYU},2010-09-22 10:17:18.0,HDE0756,Jennifer.Yetta.Gibbs@dtaa.com;Barclay.Lamar.Mclaughlin@dtaa.com;Keefe.Ralph.Peterson@verizon.net,,,Hector.Davis.Ellison@dtaa.com,,25554,4
{Z2F8-P1PS80RZ-9720YJNG},2010-09-23 08:36:09.0,HDE0756,Keefe.Ralph.Peterson@verizon.net,,,Hector.Davis.Ellison@dtaa.com,,27811,0
{Q9O8-R2JA72JC-3261IEFC},2010-09-23 14:15:07.0,HDE0756,Laura.Aspen.Dunlap@dtaa.com,,,Hector.Davis.Ellison@dtaa.com,,36500,1
{U8M1-B3FR12NY-2116ZOPY},2010-09-24 11:42:58.0,HDE0756,Denise.Lacy.Harmon@dtaa.com,,,Hector.Davis.Ellison@dtaa.com,,33816,0
{R0S7-V3UG78II-1244URYV},2010-09-24 15:10:53.0,HDE0756,Curran.Yoshio.Mcknight@dtaa.com,,,Hector.Davis.Ellison@dtaa.com,,17356,0
{C8T4-H9WV00PD-4463LAEC},2010-09-27 10:55:25.0,HDE0756,Kasper.Zeph.Moran@dtaa.com,,,Hector.Davis.Ellison@dtaa.com,,37667,0
{J4R8-P0FR24TF-5986PBAJ},2010-09-27 11:37:41.0,HDE0756,Avram.Nasim.Roach@dtaa.com;Chadwick.Sebastian.Mcclain@dtaa.com,,,Hector.Davis.Ellison@dtaa.com,,23177,0
{Z6I3-L3UB18ZZ-5141PEPI},2010-09-28 08:48:01.0,HDE0756,Maxwell.Mason.Osborne@dtaa.com,,,Hector.Davis.Ellison@dtaa.com,,25300,0
{Y4M2-Z2LH46OE-5932HTKT},2010-09-28 13:49:21.0,HDE0756,Keefe.Ralph.Peterson@verizon.net,,,Hector.Davis.Ellison@dtaa.com,,41125,1
{S9J7-C8VV09ZL-9385CEZX},2010-09-28 14:06:01.0,HDE0756,Shaeleigh.Melinda.Diaz@dtaa.com,,,Hector.Davis.Ellison@dtaa.com,,27958,0
{U1J4-P4BX74YT-2368HFMK},2010-09-29 08:29:49.0,HDE0756,Rina.Bianca.Velasquez@dtaa.com;Brianna.Ruby.Bender@dtaa.com;Brenden.Rahim.Sweeney@dtaa.com,,,Hector.Davis.Ellison@dtaa.com,,27505,1
{W7I1-L5HC50KF-0233TLWU},2010-09-30 09:09:18.0,HDE0756,Shaeleigh.Melinda.Diaz@dtaa.com;Kasper.Zeph.Moran@dtaa.com,,,Hector.Davis.Ellison@dtaa.com,,34514,1
{R8E9-O1BU32OB-8242VRZP},2010-09-30 09:14:30.0,HDE0756,Leo.Edward.Hopkins@dtaa.com;Suki.Noelle.Savage@dtaa.com,,,Hector.Davis.Ellison@dtaa.com,,29093,0
{Z2G8-E2AY78HI-3921KWWN},2010-10-01 10:31:02.0,HDE0756,Nicole.Roary.Roberts@dtaa.com,,,Hector.Davis.Ellison@dtaa.com,,47814,0
{P9E0-M5IS95JZ-7163FRKT},2010-10-01 13:50:10.0,HDE0756,Avram.Nasim.Roach@dtaa.com;Eden.Ahmed.Fitzgerald@dtaa.com;Deirdre.Hayley.Stein@dtaa.com,,,Hector.Davis.Ellison@dtaa.com,,49533,1
{Z6V7-A6SV77UN-1770VVEP},2010-10-04 11:50:10.0,HDE0756,Rina.Bianca.Velasquez@dtaa.com,,,Hector.Davis.Ellison@dtaa.com,,27370,0
{Y7Q3-K9XT52EM-3139WUIR},2010-10-04 14:45:40.0,HDE0756,Moses.Quincy.Finch@dtaa.com,,,Hector.Davis.Ellison@dtaa.com,,21519,0
{I7M4-B4VV16YG-7394WIDA},2010-10-05 08:26:08.0,HDE0756,Amanda.Beatrice.Wall@dtaa.com,,,Hector.Davis.Ellison@dtaa.com,,25957,0
{A7H2-A8GJ28SC-8809YGWB},2010-10-05 09:20:44.0,HDE0756,Keefe.Ralph.Peterson@verizon.net,,,Hector.Davis.Ellison@dtaa.com,,21094,5
{Q3A7-H6XP96TU-5915SOGR},2010-10-06 10:49:13.0,HDE0756,Eden.Ahmed.Fitzgerald@dtaa.com;Chadwick.Sebastian.Mcclain@dtaa.com;Brianna.Ruby.Bender@dtaa.com,,,Hector.Davis.Ellison@dtaa.com,,26551,1
{I2J5-A3RF68DP-9017CILP},2010-10-06 11:40:05.0,HDE0756,Chadwick.Valentine.Roy@dtaa.com,,,Hector.Davis.Ellison@dtaa.com,,46591,1
{R6O1-V1YS67RI-3078QDKG},2010-10-07 08:56:03.0,HDE0756,Allen.Conan.Winters@dtaa.com;Prescott.Chase.Lowe@dtaa.com,,,Hector.Davis.Ellison@dtaa.com,,21190,1
{S6Q4-Q4WW39YC-3770BUJK},2010-10-07 10:12:21.0,HDE0756,Allen.Conan.Winters@dtaa.com;Halee.Tallulah.Wynn@dtaa.com,,,Hector.Davis.Ellison@dtaa.com,,49985,0
{K4T8-Y6CO03RL-4533ORXV},2010-10-07 14:25:57.0,HDE0756,Edward.Hu.Pickett@dtaa.com;Shaeleigh.Melinda.Diaz@dtaa.com,,,Hector.Davis.Ellison@dtaa.com,,24582,0
{D1U8-X5SD43FF-6746CCSO},2010-10-08 09:33:12.0,HDE0756,Brianna.Ruby.Bender@dtaa.com,,,Hector.Davis.Ellison@dtaa.com,,39650,0
{P6J6-T7WZ31DZ-0275BSXK},2010-10-08 10:11:14.0,HDE0756,Edward.Hu.Pickett@dtaa.com;Chadwick.Sebastian.Mcclain@dtaa.com;Lilah.Hermione.Parrish@dtaa.com,,,Hector.Davis.Ellison@dtaa.com,,19558,0
{W4R1-R9LS51MW-9578OKXT},2010-10-08 14:37:30.0,HDE0756,Edan.Colton.Richards@dtaa.com,,,Hector.Davis.Ellison@dtaa.com,,26140,0
{Z5I6-F5XM62YG-7904EIDZ},2010-10-11 10:48:15.0,HDE0756,Julian.Ulysses.Davidson@dtaa.com,,,Hector.Davis.Ellison@dtaa.com,,32439,0
{L2W8-B1CO36ZV-2323ABSA},2010-10-11 12:24:16.0,HDE0756,Keefe.Ralph.Peterson@verizon.net,,,Hector.Davis.Ellison@dtaa.com,,32142,0
{S7A6-Y7NN78ME-5953JDVP},2010-10-12 12:13:16.0,HDE0756,Eden.Ahmed.Fitzgerald@dtaa.com,,,Hector.Davis.Ellison@dtaa.com,,26997,0
{N2K2-E0QY45MB-2749ZJSQ},2010-10-12 12:22:40.0,HDE0756,Jeanette.Vera.Carlson@dtaa.com,,,Hector.Davis.Ellison@dtaa.com,,32707,0
{M6J1-D4WZ58CF-5530YBTU},2010-10-13 13:27:02.0,HDE0756,Jeanette.Vera.Carlson@dtaa.com;Keefe.Ralph.Peterson@verizon.net,,,Hector.Davis.Ellison@dtaa.com,,28471,0
{Y1X3-W9KW91OD-9296YQHV},2010-10-13 15:12:34.0,HDE0756,Avram.Nasim.Roach@dtaa.com;Allen.Conan.Winters@dtaa.com;Rowan.Yael.Leon@dtaa.com,,,Hector.Davis.Ellison@dtaa.com,,21823,1
{Q4L7-J6WU48IY-6010MIOG},2010-10-14 08:32:29.0,HDE0756,Moses.Quincy.Finch@dtaa.com,,,Hector.Davis.Ellison@dtaa.com,,28883,0
{M4Z1-B2HE99XN-4574GJSG},2010-10-14 10:55:03.0,HDE0756,Joel.Ezra.Parks@dtaa.com;Avram.Nasim.Roach@dtaa.com,,,Hector.Davis.Ellison@dtaa.com,,20645,0
{V6I5-S4QX44UH-8170MKRN},2010-10-15 08:56:41.0,HDE0756,Matthew.Lyle.Manning@dtaa.com,,,Hector.Davis.Ellison@dtaa.com,,37324,0
{C0F5-X6HC52WN-0999PHZU},2010-10-15 12:53:52.0,HDE0756,Cole.Thor.Manning@dtaa.com,,,Hector.Davis.Ellison@dtaa.com,,45398,2
{V2R6-Y8EF01QG-7314WMJB},2010-10-18 08:18:49.0,HDE0756,Keefe.Ralph.Peterson@verizon.net,,,Hector.Davis.Ellison@dtaa.com,,35657,1
{R4N0-H5TG40ZC-3415DCGP},2010-10-18 13:58:52.0,HDE0756,Ulla.Madaline.Donaldson@verizon.net,,,Hector.Davis.Ellison@dtaa.com,,38494,0
{K6N7-A6PN45AY-0882VEMG},2010-10-20 10:05:05.0,HDE0756,Cole.Thor.Manning@dtaa.com,,,Hector.Davis.Ellison@dtaa.com,,22788,0
{E7R3-T1WS35OV-8616FKFJ},2010-10-20 13:37:35.0,HDE0756,Kato.Rafael.Hubbard@dtaa.com;Ciaran.Casey.Fuller@dtaa.com;Edan.Colton.Richards@dtaa.com,,,Hector.Davis.Ellison@dtaa.com,,23299,1
{S4D2-V1SM47LW-3793SCEI},2010-10-21 10:34:37.0,HDE0756,Ross.Tanner.Clements@dtaa.com;Brianna.Ruby.Bender@dtaa.com;Sigourney.Erin.Gilbert@dtaa.com,,,Hector.Davis.Ellison@dtaa.com,,27242,1
{A4M7-L0UI28HY-6776HBWX},2010-10-21 10:36:03.0,HDE0756,Prescott.Chase.Lowe@dtaa.com,,,Hector.Davis.Ellison@dtaa.com,,15853,7
{V2I5-H1WO35CU-3293EXQB},2010-10-22 09:49:36.0,HDE0756,Kasper.Zeph.Moran@dtaa.com,,,Hector.Davis.Ellison@dtaa.com,,33734,0
{X1N1-W2BV84PF-2285OENV},2010-10-22 13:50:38.0,HDE0756,Gisela.Jeanette.Watkins@dtaa.com,,,Hector.Davis.Ellison@dtaa.com,,21091,0
{X7O6-H4IY25HX-2927BHFD},2010-10-25 10:14:16.0,HDE0756,Denise.Lacy.Harmon@dtaa.com;Chadwick.Sebastian.Mcclain@dtaa.com,,,Hector.Davis.Ellison@dtaa.com,,28426,0
{J4K2-A3JI03ZB-6101FFGQ},2010-10-25 11:36:10.0,HDE0756,Joel.Ezra.Parks@dtaa.com;Allen.Conan.Winters@dtaa.com,,,Hector.Davis.Ellison@dtaa.com,,31552,0
{X9F4-Y0EK58ZJ-0921VTQA},2010-10-26 14:50:45.0,HDE0756,Kato.Rafael.Hubbard@dtaa.com,,,Hector.Davis.Ellison@dtaa.com,,25747,0
{Q2M5-S4WK63SG-6292SILO},2010-10-26 14:56:08.0,HDE0756,Keefe.Ralph.Peterson@verizon.net,,,Hector.Davis.Ellison@dtaa.com,,35029,1
{B1W7-P3QN05UB-9076BDFI},2010-10-27 10:49:33.0,HDE0756,Moses.Quincy.Finch@dtaa.com,,,Hector.Davis.Ellison@dtaa.com,,27291,1
{O4Q0-M4JO88ZI-0298COQS},2010-10-27 12:52:17.0,HDE0756,Rebekah.Orla.Moreno@dtaa.com;Ross.Tanner.Clements@dtaa.com;Keefe.Ralph.Peterson@verizon.net,,,Hector.Davis.Ellison@dtaa.com,,33251,0
{S0X0-L2HK35RD-1313KBPG},2010-10-27 14:29:25.0,HDE0756,Eden.Ahmed.Fitzgerald@dtaa.com;Lamar.Oleg.Donaldson@dtaa.com,,,Hector.Davis.Ellison@dtaa.com,,27677,4
{G9E3-R4XW64GI-6330UYXM},2010-10-28 10:46:08.0,HDE0756,Moses.Quincy.Finch@dtaa.com;Keefe.Ralph.Peterson@verizon.net,,,Hector.Davis.Ellison@dtaa.com,,37373,7
{T6H6-U6IV72CI-0540QLIP},2010-10-28 11:51:06.0,HDE0756,Jennifer.Abigail.Ortega@dtaa.com,,,Hector.Davis.Ellison@dtaa.com,,36054,1
{C1J2-H0GI58RY-3035SYGG},2010-10-28 14:02:37.0,HDE0756,Jennifer.Abigail.Ortega@dtaa.com,,,Hector.Davis.Ellison@dtaa.com,,15128,0
{H3T5-W1LC25UY-3797DCEW},2010-10-29 11:27:45.0,HDE0756,Edan.Colton.Richards@dtaa.com,,,Hector.Davis.Ellison@dtaa.com,,43292,1
{Z3X8-S3EI63FH-6296NDYC},2010-11-01 08:37:42.0,HDE0756,Joel.Ezra.Parks@dtaa.com;Keefe.Ralph.Peterson@verizon.net,,,Hector.Davis.Ellison@dtaa.com,,29573,0
{I1S9-H0AY84MN-5443OISU},2010-11-01 11:25:25.0,HDE0756,Rina.Bianca.Velasquez@dtaa.com;Fay.Tatum.Pierce@dtaa.com,,,Hector.Davis.Ellison@dtaa.com,,21768,0
{W3P1-T8EM02XQ-8350YKGU},2010-11-02 08:25:45.0,HDE0756,Kasper.Zeph.Moran@dtaa.com;Keefe.Ralph.Peterson@verizon.net,,,Hector.Davis.Ellison@dtaa.com,,24999,1
{B5S7-J1ES24AD-2815OTWK},2010-11-02 09:16:24.0,HDE0756,Kitra.Montana.Henderson@dtaa.com,,,Hector.Davis.Ellison@dtaa.com,,20188,0
{R3Q3-V5KO32HF-8243USEB},2010-11-02 11:08:27.0,HDE0756,Kasper.Zeph.Moran@dtaa.com,,,Hector.Davis.Ellison@dtaa.com,,51780,0
{K6X0-X1YB62ET-2549ZMHW},2010-11-03 10:21:52.0,HDE0756,Prescott.Chase.Lowe@dtaa.com,,,Hector.Davis.Ellison@dtaa.com,,26611,0
{E7T6-Z8ZW21BZ-5700CDKG},2010-11-03 13:29:04.0,HDE0756,Keefe.Ralph.Peterson@verizon.net,,,Hector.Davis.Ellison@dtaa.com,,25998,0
{W5I6-P7VZ19AF-6226GRMP},2010-11-04 08:27:51.0,HDE0756,Brenden.Rahim.Sweeney@dtaa.com,,,Hector.Davis.Ellison@dtaa.com,,44112,0
{S8P5-I1MT45SE-0883TKGE},2010-11-04 09:54:38.0,HDE0756,Benjamin.Griffin.Mclaughlin@dtaa.com,,,Hector.Davis.Ellison@dtaa.com,,27418,0
{I6U3-H0QH56FD-9824ZNIB},2010-11-05 08:51:57.0,HDE0756,Leo.Edward.Hopkins@dtaa.com,,,Hector.Davis.Ellison@dtaa.com,,36983,1
{I6U1-S3SW36WR-4671GCAO},2010-11-05 10:55:41.0,HDE0756,Joy.Brynne.Reese@dtaa.com,,,Hector.Davis.Ellison@dtaa.com,,23847,2
{G6K3-Q1NI66OP-1665HPQO},2010-11-05 13:10:52.0,HDE0756,Kasper.Zeph.Moran@dtaa.com;Cole.Thor.Manning@dtaa.com,,,Hector.Davis.Ellison@dtaa.com,,15129,0
{N1A9-B6SK14LA-9669OJHU},2010-11-08 09:35:14.0,HDE0756,Kasper.Zeph.Moran@dtaa.com,,,Hector.Davis.Ellison@dtaa.com,,21922,0
{I6A0-W5XD57ZR-4916UHOV},2010-11-08 11:39:28.0,HDE0756,Shaeleigh.Melinda.Diaz@dtaa.com,,,Hector.Davis.Ellison@dtaa.com,,28744,0
{H3R1-Q9RR81GU-0767HWWF},2010-11-09 08:30:55.0,HDE0756,Jennifer.Abigail.Ortega@dtaa.com,,,Hector.Davis.Ellison@dtaa.com,,35738,0
{V6L4-P1LQ98KQ-4353KEJQ},2010-11-09 10:33:32.0,HDE0756,Chase.Castor.Rush@dtaa.com;Keefe.Ralph.Peterson@verizon.net,,,Hector.Davis.Ellison@dtaa.com,,26860,0
{C1R1-K8BL44TO-6765FTDY},2010-11-09 11:51:33.0,HDE0756,Keefe.Ralph.Peterson@verizon.net,,,Hector.Davis.Ellison@dtaa.com,,38880,0
{Q0J6-K6KM38WX-7172QQLK},2010-11-10 11:53:47.0,HDE0756,Kylan.Pamela.Barry@dtaa.com;Keefe.Ralph.Peterson@verizon.net,,,Hector.Davis.Ellison@dtaa.com,,61256,0
{E0J0-E3CU11NE-8749HZUR},2010-11-11 08:40:30.0,HDE0756,Kato.Rafael.Hubbard@dtaa.com,,,Hector.Davis.Ellison@dtaa.com,,28083,0
{N5S8-O3HR74HI-7402CPWI},2010-11-11 10:18:07.0,HDE0756,Cole.Thor.Manning@dtaa.com;Lilah.Hermione.Parrish@dtaa.com,,,Hector.Davis.Ellison@dtaa.com,,27857,0
{B1P2-E5MS45AY-8726VAXG},2010-11-12 13:48:37.0,HDE0756,Edan.Colton.Richards@dtaa.com,,,Hector.Davis.Ellison@dtaa.com,,29753,0
{O7I9-S4DT03ZQ-4648YXLS},2010-11-15 11:15:49.0,HDE0756,Brenden.Rahim.Sweeney@dtaa.com,,,Hector.Davis.Ellison@dtaa.com,,43982,0
{K8T5-S9PE26DE-3973USOG},2010-11-15 11:54:18.0,HDE0756,Yvonne.Stacy.Jordan@dtaa.com;Kasper.Zeph.Moran@dtaa.com;Keefe.Ralph.Peterson@verizon.net,,,Hector.Davis.Ellison@dtaa.com,,32604,6
{X5P1-H4RX76SG-0250RRMA},2010-11-16 09:37:20.0,HDE0756,Keefe.Ralph.Peterson@verizon.net,,,Hector.Davis.Ellison@dtaa.com,,33303,0
{D7I1-R5ON56GJ-2745VBWL},2010-11-16 11:10:42.0,HDE0756,Julian.Ulysses.Davidson@dtaa.com,,,Hector.Davis.Ellison@dtaa.com,,34879,0
{G6A8-G0SH93NP-2338PMXR},2010-11-16 15:19:27.0,HDE0756,Brenden.Rahim.Sweeney@dtaa.com,,,Hector.Davis.Ellison@dtaa.com,,19637,0
{I6P8-Y0DZ88RD-3582EHYU},2010-11-18 09:31:37.0,HDE0756,Denise.Lacy.Harmon@dtaa.com,,,Hector.Davis.Ellison@dtaa.com,,21679,0
{W2T8-O2SC33VO-7314PJPM},2010-11-18 12:28:47.0,HDE0756,Yetta.Chava.Harvey@dtaa.com,,,Hector.Davis.Ellison@dtaa.com,,25638,0
{J7K0-N9IP52HW-1693DDAN},2010-11-19 08:35:57.0,HDE0756,Ivy.Inez.Sharpe@dtaa.com,,,Hector.Davis.Ellison@dtaa.com,,39632,0
{U7B5-C5MK23QB-0049BCQY},2010-11-19 09:18:26.0,HDE0756,Edan.Colton.Richards@dtaa.com,,,Hector.Davis.Ellison@dtaa.com,,35890,0
{Q4S4-K1JN30CI-1597SBZS},2010-11-19 10:25:47.0,HDE0756,Yetta.Chava.Harvey@dtaa.com;Sigourney.Erin.Gilbert@dtaa.com;Rebekah.Orla.Moreno@dtaa.com,,,Hector.Davis.Ellison@dtaa.com,,21856,0
{W2M1-U2DA26IY-9369SXAH},2010-11-22 09:17:54.0,HDE0756,Prescott.Chase.Lowe@dtaa.com;Keefe.Ralph.Peterson@verizon.net,,,Hector.Davis.Ellison@dtaa.com,,15775,1
{H2F2-G2YE84KR-1617XFSU},2010-11-22 14:26:23.0,HDE0756,Chase.Lane.Booth@dtaa.com;Keefe.Ralph.Peterson@verizon.net,,,Hector.Davis.Ellison@dtaa.com,,43658,1
{U0R9-B9YJ11FC-9346QPOF},2010-11-22 14:29:06.0,HDE0756,Avram.Nasim.Roach@dtaa.com,,,Hector.Davis.Ellison@dtaa.com,,18501,0
{Q8Y9-O6RU45PD-0120GLYW},2010-11-23 12:32:45.0,HDE0756,Madaline.Pamela.Mcknight@dtaa.com,,,Hector.Davis.Ellison@dtaa.com,,33046,1
{V9Z1-J6LK15WN-0699CGEN},2010-11-23 12:49:06.0,HDE0756,Shaeleigh.Melinda.Diaz@dtaa.com;Lilah.Hermione.Parrish@dtaa.com,,,Hector.Davis.Ellison@dtaa.com,,17667,0
{M7P7-E0SD30LR-2536IJMB},2010-11-24 11:56:21.0,HDE0756,Halee.Tallulah.Wynn@dtaa.com;Gisela.Jeanette.Watkins@dtaa.com,,,Hector.Davis.Ellison@dtaa.com,,22499,3
{Z6V2-F5KH02HX-4838RGTP},2010-11-24 13:55:10.0,HDE0756,Leo.Edward.Hopkins@dtaa.com,,,Hector.Davis.Ellison@dtaa.com,,33589,0
{A7Q5-V4IY88PU-4743RUGL},2010-11-24 14:26:16.0,HDE0756,Ivy.Inez.Sharpe@dtaa.com,,,Hector.Davis.Ellison@dtaa.com,,24954,0
{W0L3-P7QE50AT-1151RXPE},2010-11-29 12:32:00.0,HDE0756,Kasper.Zeph.Moran@dtaa.com,,,Hector.Davis.Ellison@dtaa.com,,30138,0
{T6Z7-C8DO36OF-6724YARA},2010-11-30 10:48:48.0,HDE0756,Kato.Rafael.Hubbard@dtaa.com,,,Hector.Davis.Ellison@dtaa.com,,28647,2
{S5D7-K5EG80ZR-9497ILUJ},2010-11-30 12:51:35.0,HDE0756,Leo.Edward.Hopkins@dtaa.com,,,Hector.Davis.Ellison@dtaa.com,,24753,0
{Z9I7-N8TS42LZ-1994TVLL},2010-12-01 08:24:32.0,HDE0756,Lane.Jonathan.Bridges@dtaa.com,,,Hector.Davis.Ellison@dtaa.com,,27815,1
{I1T9-B1VV38FN-1407JGXN},2010-12-01 14:14:00.0,HDE0756,Anthony.Bruce.Graham@dtaa.com,,,Hector.Davis.Ellison@dtaa.com,,19987,0
{F1Q0-Y6SS03QP-5355ABQZ},2010-12-01 14:44:04.0,HDE0756,Halee.Tallulah.Wynn@dtaa.com,,,Hector.Davis.Ellison@dtaa.com,,25415,0
{N2O1-U3XR98YU-5084CUFY},2010-12-02 12:20:08.0,HDE0756,Leo.Edward.Hopkins@dtaa.com,,,Hector.Davis.Ellison@dtaa.com,,13520,0
{P3O2-S1VL20AP-2361PQKE},2010-12-02 12:43:39.0,HDE0756,Rina.Bianca.Velasquez@dtaa.com;Desiree.Jillian.Church@verizon.net,,,Hector.Davis.Ellison@dtaa.com,,45377,0
{X0K3-O7KG02ML-8293NIZY},2010-12-03 14:36:42.0,HDE0756,Julian.Ulysses.Davidson@dtaa.com;Lucius.Cullen.Gallagher@dtaa.com,,,Hector.Davis.Ellison@dtaa.com,,48172,4
{I1U6-W5NV80IQ-5505OUJB},2010-12-06 08:49:57.0,HDE0756,Cole.Thor.Manning@dtaa.com;Thomas.Ryder.Wolfe@dtaa.com,,,Hector.Davis.Ellison@dtaa.com,,57982,0
{R5Y8-C6HQ40GZ-6193EWGV},2010-12-06 08:58:55.0,HDE0756,Jeanette.Vera.Carlson@dtaa.com,,,Hector.Davis.Ellison@dtaa.com,,24032,0
{H8O1-O8AM67OQ-4615QLQQ},2010-12-06 13:45:24.0,HDE0756,Prescott.Chase.Lowe@dtaa.com;Chadwick.Sebastian.Mcclain@dtaa.com;Keefe.Ralph.Peterson@verizon.net,,,Hector.Davis.Ellison@dtaa.com,,29349,0
{J5W0-J0BT68CE-3065IZIM},2010-12-07 09:50:50.0,HDE0756,Keefe.Ralph.Peterson@verizon.net,,,Hector.Davis.Ellison@dtaa.com,,31729,1
{V9T4-C7LL26GP-8713LRKB},2010-12-07 13:35:26.0,HDE0756,Brenden.Rahim.Sweeney@dtaa.com;Edan.Colton.Richards@dtaa.com,,,Hector.Davis.Ellison@dtaa.com,,26660,0
{R8M2-D1QR80XP-3443XKTU},2010-12-07 13:59:17.0,HDE0756,Prescott.Chase.Lowe@dtaa.com,,,Hector.Davis.Ellison@dtaa.com,,43164,0
{C4K8-H4MN85AV-1713HHPR},2010-12-08 11:07:16.0,HDE0756,Ross.Tanner.Clements@dtaa.com,,,Hector.Davis.Ellison@dtaa.com,,35115,0
{T2P0-A6OJ77AV-5849UGCV},2010-12-08 13:33:12.0,HDE0756,Edward.Hu.Pickett@dtaa.com,,,Hector.Davis.Ellison@dtaa.com,,60039,0
{M5Z8-G1MX98YH-8175ZOTE},2010-12-09 11:48:45.0,HDE0756,Sigourney.Erin.Gilbert@dtaa.com;Denise.Lacy.Harmon@dtaa.com,,,Hector.Davis.Ellison@dtaa.com,,23649,0
{F9G0-S5AO37SR-1550ZYWL},2010-12-10 09:28:30.0,HDE0756,Ross.Tanner.Clements@dtaa.com,,,Hector.Davis.Ellison@dtaa.com,,34281,0
{J9D1-W2TW95LG-4732WKMM},2010-12-10 13:49:51.0,HDE0756,Eden.Ahmed.Fitzgerald@dtaa.com,,,Hector.Davis.Ellison@dtaa.com,,49161,1
{O8H6-R1XZ29CH-8157LBBI},2010-12-10 14:41:59.0,HDE0756,Keefe.Ralph.Peterson@verizon.net,,,Hector.Davis.Ellison@dtaa.com,,16143,0
{E1G0-Q7WK25FY-9470SBIO},2010-12-13 10:19:42.0,HDE0756,Avram.Nasim.Roach@dtaa.com,,,Hector.Davis.Ellison@dtaa.com,,40288,0
{I5X5-U9SD71ZO-9283XMDY},2010-12-13 14:06:40.0,HDE0756,Keefe.Ralph.Peterson@verizon.net,,,Hector.Davis.Ellison@dtaa.com,,34814,0
{Z3V9-Y3SU44IG-0534KGYY},2010-12-14 13:18:35.0,HDE0756,Jeanette.Vera.Carlson@dtaa.com,,,Hector.Davis.Ellison@dtaa.com,,57213,0
{Q5B7-W6VQ81FK-1185KMOZ},2010-12-14 13:31:33.0,HDE0756,Shaeleigh.Melinda.Diaz@dtaa.com;Anastasia.Tamekah.Gaines@dtaa.com,,,Hector.Davis.Ellison@dtaa.com,,33350,0
{V7B5-F1SI13IH-9570YFWN},2010-12-14 15:09:28.0,HDE0756,Avram.Nasim.Roach@dtaa.com,,,Hector.Davis.Ellison@dtaa.com,,31665,0
{M6A9-V7QN80NF-8410OPMM},2010-12-15 08:35:51.0,HDE0756,Jeanette.Vera.Carlson@dtaa.com;Rebekah.Orla.Moreno@dtaa.com,,,Hector.Davis.Ellison@dtaa.com,,20636,1
{I2P9-I1FN51NJ-2780UJQV},2010-12-15 14:34:37.0,HDE0756,Curran.Yoshio.Mcknight@dtaa.com,,,Hector.Davis.Ellison@dtaa.com,,31020,1
{P6S0-R4IO17OA-4455PGRQ},2010-12-16 12:11:56.0,HDE0756,Rebekah.Orla.Moreno@dtaa.com,,,Hector.Davis.Ellison@dtaa.com,,36959,0
{P1Y1-P1QX44ZL-5580LIKI},2010-12-16 14:05:25.0,HDE0756,Yetta.Chava.Harvey@dtaa.com;Keefe.Ralph.Peterson@verizon.net,,,Hector.Davis.Ellison@dtaa.com,,25352,0
{S6B1-A8ZA98IM-5428JJKS},2010-12-17 12:42:42.0,HDE0756,Kasper.Zeph.Moran@dtaa.com,,,Hector.Davis.Ellison@dtaa.com,,21135,0
{Z6A7-G1SA60DP-8943KKFW},2010-12-17 13:15:33.0,HDE0756,Yetta.Chava.Harvey@dtaa.com,,,Hector.Davis.Ellison@dtaa.com,,44796,0
{B7K4-Z6BR38KZ-3951WLRT},2010-12-20 11:09:42.0,HDE0756,Eden.Ahmed.Fitzgerald@dtaa.com,,,Hector.Davis.Ellison@dtaa.com,,41037,0
{I8U1-Q4ZL48BC-9003YXDU},2010-12-20 11:23:55.0,HDE0756,Jeanette.Vera.Carlson@dtaa.com,,,Hector.Davis.Ellison@dtaa.com,,24609,0
{M3P2-F8NJ66UI-3663DSXB},2010-12-20 14:08:28.0,HDE0756,Keefe.Ralph.Peterson@verizon.net,,,Hector.Davis.Ellison@dtaa.com,,42128,0
{T9W3-H3OE08QA-8308OMKD},2010-12-21 10:55:35.0,HDE0756,Joel.Ezra.Parks@dtaa.com;Kasper.Zeph.Moran@dtaa.com;Curran.Yoshio.Mcknight@dtaa.com;Maxwell.Driscoll.Gross@dtaa.com,,,Hector.Davis.Ellison@dtaa.com,,21172,1
{B7D7-H5SL37QB-6956JOSP},2010-12-22 11:08:37.0,HDE0756,Rebekah.Orla.Moreno@dtaa.com;Destiny.Kelsie.Fletcher@dtaa.com,,,Hector.Davis.Ellison@dtaa.com,,52804,1
{I9C8-T3OP46MZ-7110AOJF},2010-12-27 08:21:16.0,HDE0756,Jennifer.Abigail.Ortega@dtaa.com,,,Hector.Davis.Ellison@dtaa.com,,14354,0
{U1V7-W1XK81QT-7016PVDV},2010-12-27 14:29:54.0,HDE0756,Denise.Lacy.Harmon@dtaa.com,,,Hector.Davis.Ellison@dtaa.com,,21360,0
{X5Q0-E4SR31DJ-2936SXFS},2010-12-28 08:53:49.0,HDE0756,Keefe.Ralph.Peterson@verizon.net,,,Hector.Davis.Ellison@dtaa.com,,37716,0
{A7D1-J6ZK61CN-5940VSYT},2010-12-28 13:52:44.0,HDE0756,Shaeleigh.Melinda.Diaz@dtaa.com;Jeanette.Vera.Carlson@dtaa.com,,,Hector.Davis.Ellison@dtaa.com,,27795,0
{L7W2-W0RN07PW-8944TYML},2010-12-28 14:32:23.0,HDE0756,Curran.Yoshio.Mcknight@dtaa.com,,,Hector.Davis.Ellison@dtaa.com,,14567,0
{G5N2-G5EH72VP-7135CJQZ},2010-12-29 08:32:13.0,HDE0756,Joel.Ezra.Parks@dtaa.com,,,Hector.Davis.Ellison@dtaa.com,,30670,0
{E8H4-J7RW23FH-8026DTAR},2010-12-29 10:43:38.0,HDE0756,Moses.Quincy.Finch@dtaa.com;Brenden.Rahim.Sweeney@dtaa.com;Lee.Griffin.Rasmussen@dtaa.com,,,Hector.Davis.Ellison@dtaa.com,,19906,0
{J2G5-E1MS74PR-9164HGKN},2010-12-30 09:04:15.0,HDE0756,Prescott.Chase.Lowe@dtaa.com;Kirk.Cade.Franks@dtaa.com,,,Hector.Davis.Ellison@dtaa.com,,30285,0
{N8V9-O8CC52VU-0794AOUL},2010-12-30 11:04:28.0,HDE0756,Kasper.Zeph.Moran@dtaa.com;Brianna.Ruby.Bender@dtaa.com;Keefe.Ralph.Peterson@verizon.net,,,Hector.Davis.Ellison@dtaa.com,,18493,0
{V9X5-K5QB83HH-9851LIZC},2010-12-30 14:54:45.0,HDE0756,Prescott.Chase.Lowe@dtaa.com,,,Hector.Davis.Ellison@dtaa.com,,34082,0
{N7N5-N2WS58ZH-7816KZFB},2011-01-03 09:26:28.0,HDE0756,Gisela.Jeanette.Watkins@dtaa.com,,,Hector.Davis.Ellison@dtaa.com,,16931,1
{G8D7-Z2LP76AF-0362BCQA},2011-01-03 15:06:34.0,HDE0756,Halee.Tallulah.Wynn@dtaa.com,,,Hector.Davis.Ellison@dtaa.com,,24648,8
{G0W4-N7PZ70ZP-4144GWXK},2011-01-04 08:59:13.0,HDE0756,Jeanette.Vera.Carlson@dtaa.com,,,Hector.Davis.Ellison@dtaa.com,,34930,0
{E1V3-V2CS32ZH-3441EYCE},2011-01-04 10:36:25.0,HDE0756,Kasper.Zeph.Moran@dtaa.com,,,Hector.Davis.Ellison@dtaa.com,,26460,0
{N0R8-U3QN03ZB-5214DKEH},2011-01-04 13:01:49.0,HDE0756,Blaine.Nora.Brown@dtaa.com,,,Hector.Davis.Ellison@dtaa.com,,54803,0
{O4K6-C1TK78WU-5137BKJJ},2011-01-05 10:32:30.0,HDE0756,Eden.Ahmed.Fitzgerald@dtaa.com,,,Hector.Davis.Ellison@dtaa.com,,22758,0
{D9F1-G2CM21YH-6114JMAJ},2011-01-06 08:18:28.0,HDE0756,Jonas.Blaine.Barr@dtaa.com,,,Hector.Davis.Ellison@dtaa.com,,24212,0
{P4T5-H7PW63IT-3648EQBR},2011-01-06 10:25:39.0,HDE0756,Brett.Aidan.Duke@dtaa.com;Xavier.Owen.Huff@dtaa.com;Jeanette.Vera.Carlson@dtaa.com,,,Hector.Davis.Ellison@dtaa.com,,23090,3
{U5H7-C7TI72SA-1770EDOZ},2011-01-07 11:22:47.0,HDE0756,Keefe.Ralph.Peterson@verizon.net,,,Hector.Davis.Ellison@dtaa.com,,29135,0
{I1B9-M5TO49PZ-4736XVPW},2011-01-07 11:35:20.0,HDE0756,Rebekah.Orla.Moreno@dtaa.com,,,Hector.Davis.Ellison@dtaa.com,,21570,0
{O1D5-D2VM73HF-1254LXLQ},2011-01-10 12:58:54.0,HDE0756,Shaeleigh.Melinda.Diaz@dtaa.com,,,Hector.Davis.Ellison@dtaa.com,,29441,0
{P3S4-I4RK15JI-0468WBJD},2011-01-10 15:06:26.0,HDE0756,Rebekah.Orla.Moreno@dtaa.com,,,Hector.Davis.Ellison@dtaa.com,,37860,0
{G7I7-V7VD68PU-8797NZZV},2011-01-12 12:45:27.0,HDE0756,Edan.Colton.Richards@dtaa.com;Jennifer.Abigail.Ortega@dtaa.com;Prescott.Chase.Lowe@dtaa.com,,,Hector.Davis.Ellison@dtaa.com,,25039,1
{M1K1-Q8YX67BT-1820XUME},2011-01-13 10:25:33.0,HDE0756,Cole.Thor.Manning@dtaa.com;Edward.Hu.Pickett@dtaa.com;Eden.Ahmed.Fitzgerald@dtaa.com,,,Hector.Davis.Ellison@dtaa.com,,30583,1
{B9N4-Y8QL08RB-8229RNYH},2011-01-13 13:27:43.0,HDE0756,Nolan.Richard.Blackburn@dtaa.com;Odessa.Mollie.Sawyer@dtaa.com;Amaya.Amy.Patterson@dtaa.com,,,Hector.Davis.Ellison@dtaa.com,,27050,2
{A4Y2-Z4BQ53CT-0074CTIN},2011-01-13 14:28:46.0,HDE0756,Keefe.Ralph.Peterson@verizon.net,,,Hector.Davis.Ellison@dtaa.com,,41227,0
{L9V2-Y0JM25LR-1100WTWU},2011-01-14 09:50:13.0,HDE0756,Brenden.Rahim.Sweeney@dtaa.com;Keefe.Ralph.Peterson@verizon.net,,,Hector.Davis.Ellison@dtaa.com,,25728,0
{E6Y1-G1BD07HV-9205ALKP},2011-01-17 08:29:39.0,HDE0756,Leo.Edward.Hopkins@dtaa.com,,,Hector.Davis.Ellison@dtaa.com,,25583,0
{X1P1-D1MY16IG-1993NIRX},2011-01-17 11:07:45.0,HDE0756,Moses.Quincy.Finch@dtaa.com,,,Hector.Davis.Ellison@dtaa.com,,15423,0
{I0S9-N1NU22HH-9482RIYV},2011-01-17 14:56:18.0,HDE0756,Joel.Ezra.Parks@dtaa.com;Kasper.Zeph.Moran@dtaa.com,,,Hector.Davis.Ellison@dtaa.com,,23218,0
{X3T9-M5RS34LA-1963YOMB},2011-01-18 13:16:23.0,HDE0756,Halee.Tallulah.Wynn@dtaa.com;Curran.Yoshio.Mcknight@dtaa.com,,,Hector.Davis.Ellison@dtaa.com,,46955,0
{X0D6-L6IU86CQ-6861TPQT},2011-01-18 14:51:22.0,HDE0756,Curran.Yoshio.Mcknight@dtaa.com,,,Hector.Davis.Ellison@dtaa.com,,35982,0
{Z4P8-I4QO14IC-6483MVDU},2011-01-18 15:07:07.0,HDE0756,Avram.Nasim.Roach@dtaa.com;Fatima.Savannah.Clemons@sbcglobal.net,,,Hector.Davis.Ellison@dtaa.com,,33669,0
{Y0N5-S9JO53GL-3928SGJX},2011-01-19 11:12:29.0,HDE0756,Curran.Yoshio.Mcknight@dtaa.com;Astra.Montana.Oliver@dtaa.com,,,Hector.Davis.Ellison@dtaa.com,,48389,0
{K7V6-J7GB40JD-3406QYGG},2011-01-19 14:33:11.0,HDE0756,Edan.Colton.Richards@dtaa.com;Keefe.Ralph.Peterson@verizon.net,,,Hector.Davis.Ellison@dtaa.com,,17678,2
{F7A5-W3TQ26SB-3122FWOI},2011-01-20 14:00:39.0,HDE0756,Maggy.Aspen.Pitts@dtaa.com;Burke.Rigel.Strong@dtaa.com,,,Hector.Davis.Ellison@dtaa.com,,27179,0
{D7B5-I6PT12RC-2589ABZX},2011-01-21 08:43:58.0,HDE0756,Curran.Yoshio.Mcknight@dtaa.com;Keefe.Ralph.Peterson@verizon.net,,,Hector.Davis.Ellison@dtaa.com,,17518,0
{P6A3-X6GH43FB-9933HZVC},2011-01-21 10:37:12.0,HDE0756,Evangeline.Chava.Curtis@dtaa.com,,,Hector.Davis.Ellison@dtaa.com,,23644,0
{C8Q5-Q3LF08LI-2072GLYL},2011-01-21 13:44:42.0,HDE0756,McKenzie.Unity.Tran@dtaa.com,,,Hector.Davis.Ellison@dtaa.com,,28518,0
{U5Y3-M8KY78CY-2429XPFO},2011-01-24 14:41:23.0,HDE0756,Lilah.Hermione.Parrish@dtaa.com,,,Hector.Davis.Ellison@dtaa.com,,48509,0
{A6O9-M7XM51TV-7945YNBH},2011-01-25 09:00:33.0,HDE0756,Moses.Quincy.Finch@dtaa.com;Daniel.Phillip.Bauer@dtaa.com,,,Hector.Davis.Ellison@dtaa.com,,24862,0
{Y6I7-S8CO37PJ-3611UNWC},2011-01-25 09:26:16.0,HDE0756,Julian.Ulysses.Davidson@dtaa.com,,,Hector.Davis.Ellison@dtaa.com,,18416,0
{J3P1-S3NC50DD-5412YFVI},2011-01-25 11:45:11.0,HDE0756,Brenden.Rahim.Sweeney@dtaa.com,,,Hector.Davis.Ellison@dtaa.com,,18943,0
{K2W7-A7BI86BO-8814WSTC},2011-01-26 10:28:47.0,HDE0756,Rebekah.Orla.Moreno@dtaa.com,,,Hector.Davis.Ellison@dtaa.com,,26738,0
{F1F7-P5HG64ET-5422EIAB},2011-01-26 13:46:09.0,HDE0756,Avram.Nasim.Roach@dtaa.com,,,Hector.Davis.Ellison@dtaa.com,,29249,0
{B9J2-Q7FY60BZ-6724XJPC},2011-01-26 14:01:11.0,HDE0756,Destiny.Hadassah.Mcclain@dtaa.com,,,Hector.Davis.Ellison@dtaa.com,,25246,0
{R9Q4-K1YQ90ZW-2854YBXU},2011-01-27 09:20:05.0,HDE0756,Eden.Ahmed.Fitzgerald@dtaa.com,,,Hector.Davis.Ellison@dtaa.com,,25133,0
{C1B8-K4VF36AH-9244OSVL},2011-01-27 10:12:08.0,HDE0756,Jeanette.Vera.Carlson@dtaa.com,,,Hector.Davis.Ellison@dtaa.com,,33666,0
{E3A1-N4RS83LQ-4856XQDE},2011-01-28 08:39:51.0,HDE0756,Allen.Conan.Winters@dtaa.com;Brianna.Ruby.Bender@dtaa.com,,,Hector.Davis.Ellison@dtaa.com,,18972,0
{S5F8-U8UZ44AL-8672HATZ},2011-01-28 08:40:12.0,HDE0756,Prescott.Chase.Lowe@dtaa.com,,,Hector.Davis.Ellison@dtaa.com,,30975,0
{A5C1-I6YD74XD-1103ROSH},2011-01-28 14:13:21.0,HDE0756,Brianna.Ruby.Bender@dtaa.com,,,Hector.Davis.Ellison@dtaa.com,,36936,0
{L0F8-H2GS83PW-2959UXRQ},2011-01-31 13:31:47.0,HDE0756,Edan.Colton.Richards@dtaa.com;Edward.Hu.Pickett@dtaa.com,,,Hector.Davis.Ellison@dtaa.com,,47577,0
{N4N1-B1DN78PZ-9277FDWM},2011-02-01 08:23:06.0,HDE0756,Perry.Griffin.Key@dtaa.com,,,Hector.Davis.Ellison@dtaa.com,,19363,3
{G1V2-N0EN11RW-1616BCUD},2011-02-01 14:28:09.0,HDE0756,Rebekah.Orla.Moreno@dtaa.com,,,Hector.Davis.Ellison@dtaa.com,,22250,0
{A2X7-K8YS45YG-9467PUJI},2011-02-02 12:58:45.0,HDE0756,Chadwick.Sebastian.Mcclain@dtaa.com;Jennifer.Abigail.Ortega@dtaa.com;Emi.Blossom.Richard@dtaa.com;Neil.Leonard.Rosales@dtaa.com,,,Hector.Davis.Ellison@dtaa.com,,20449,0
{A1V7-I4JS02BX-0923MYQB},2011-02-03 11:36:22.0,HDE0756,Keefe.Ralph.Peterson@verizon.net,,,Hector.Davis.Ellison@dtaa.com,,60793,1
{M6Y5-R9JM61TJ-2678XPBJ},2011-02-07 09:26:33.0,HDE0756,Buffy.Imogene.Robles@dtaa.com,,,Hector.Davis.Ellison@dtaa.com,,20631,0
{G0X7-Y6ES34LU-8087UUHX},2011-02-07 12:52:33.0,HDE0756,Julian.Ulysses.Davidson@dtaa.com,,,Hector.Davis.Ellison@dtaa.com,,34058,0
{H1I8-E5PB17KJ-5864LABC},2011-02-08 09:13:13.0,HDE0756,Nicholas.Bert.Pittman@dtaa.com,,,Hector.Davis.Ellison@dtaa.com,,23186,0
{G0X7-T9JZ29IS-1702OEZI},2011-02-09 09:03:36.0,HDE0756,Allen.Conan.Winters@dtaa.com,,,Hector.Davis.Ellison@dtaa.com,,30402,0
{B2T8-V8ZZ60LO-4050WSBL},2011-02-10 10:30:09.0,HDE0756,Ray.Norman.Morton@dtaa.com;Brianna.Ruby.Bender@dtaa.com,,,Hector.Davis.Ellison@dtaa.com,,17117,1
{G1R2-F5IS97RL-0267PQSW},2011-02-10 14:57:42.0,HDE0756,Jennifer.Abigail.Ortega@dtaa.com,,,Hector.Davis.Ellison@dtaa.com,,30025,0
{T4V2-Y3ER16VC-7478DHHO},2011-02-11 10:30:50.0,HDE0756,Rinah.Kiayada.Oconnor@dtaa.com,,,Hector.Davis.Ellison@dtaa.com,,15647,0
{F8U3-E5KU32KQ-1461GKOV},2011-02-14 10:45:26.0,HDE0756,Cameron.Jonathan.Thomas@dtaa.com,,,Hector.Davis.Ellison@dtaa.com,,23063,0
{K0X9-W7WI68XD-0884ZXIH},2011-02-15 11:54:18.0,HDE0756,Jeanette.Vera.Carlson@dtaa.com;Merrill.Samuel.Koch@dtaa.com;Keefe.Ralph.Peterson@verizon.net,,,Hector.Davis.Ellison@dtaa.com,,34919,0
{M5G4-F1YW26ZH-8378BQPZ},2011-02-15 14:30:47.0,HDE0756,Lilah.Hermione.Parrish@dtaa.com,,,Hector.Davis.Ellison@dtaa.com,,18407,0
{N6Z5-U6XA14ZP-0164EPPU},2011-02-16 08:29:10.0,HDE0756,Jennifer.Abigail.Ortega@dtaa.com;Keefe.Ralph.Peterson@verizon.net,,,Hector.Davis.Ellison@dtaa.com,,23719,1
{A4I8-A5IR28ZZ-2970LPEH},2011-02-16 09:46:02.0,HDE0756,Edward.Hu.Pickett@dtaa.com;Jennifer.Abigail.Ortega@dtaa.com,,,Hector.Davis.Ellison@dtaa.com,,27711,0
{M5A2-Z7WF23FG-2403PWSX},2011-02-17 09:14:40.0,HDE0756,Edward.Hu.Pickett@dtaa.com,,,Hector.Davis.Ellison@dtaa.com,,68446,0
{R7W1-D2EX95LB-3475QMQE},2011-02-17 12:33:35.0,HDE0756,Sigourney.Erin.Gilbert@dtaa.com,,,Hector.Davis.Ellison@dtaa.com,,29275,0
{X3M4-J3KC95BM-8719YSLP},2011-02-18 08:22:58.0,HDE0756,Rina.Bianca.Velasquez@dtaa.com,,,Hector.Davis.Ellison@dtaa.com,,17263,0
{R0S0-T1GL07OC-1616VNAA},2011-02-18 15:13:59.0,HDE0756,Edward.Hu.Pickett@dtaa.com;Ayanna.Stacey.Leblanc@dtaa.com,,,Hector.Davis.Ellison@dtaa.com,,23838,1
{Z4Q0-A5IR31QH-1581BVOM},2011-02-21 11:27:10.0,HDE0756,Kenyon.Carl.Bartlett@raytheon.com,,,Hector.Davis.Ellison@dtaa.com,,31984,0
{P4O8-I7GD02HS-9153VPEM},2011-02-21 11:27:14.0,HDE0756,Edward.Hu.Pickett@dtaa.com;Dante.Elmo.Weber@dtaa.com;Leo.Edward.Hopkins@dtaa.com,,,Hector.Davis.Ellison@dtaa.com,,45196,0
{Z5O4-O9HB74EL-6314VWKB},2011-02-22 08:33:28.0,HDE0756,Curran.Yoshio.Mcknight@dtaa.com,,,Hector.Davis.Ellison@dtaa.com,,25880,0
{L4A8-Y5VJ48WF-8445PNVH},2011-02-22 08:53:33.0,HDE0756,Ross.Tanner.Clements@dtaa.com,,,Hector.Davis.Ellison@dtaa.com,,38238,0
{S3P5-T5LP39LO-2929VEEP},2011-02-23 09:07:41.0,HDE0756,Serina.Idola.Douglas@dtaa.com,,,Hector.Davis.Ellison@dtaa.com,,27193,0
{R0R4-T8QH12HP-9517MFSA},2011-02-23 09:15:26.0,HDE0756,Gisela.Jeanette.Watkins@dtaa.com,,,Hector.Davis.Ellison@dtaa.com,,53681,0
{F2P7-Y0DS48OJ-5159SILX},2011-02-24 09:57:16.0,HDE0756,Prescott.Chase.Lowe@dtaa.com,,,Hector.Davis.Ellison@dtaa.com,,25026,4
{Q9V7-Y8GV75HI-2208WDXH},2011-02-24 14:30:48.0,HDE0756,Jeanette.Vera.Carlson@dtaa.com,,,Hector.Davis.Ellison@dtaa.com,,19350,0
{Q8W1-S9QI89AD-8771BIMK},2011-02-24 14:42:07.0,HDE0756,Leo.Edward.Hopkins@dtaa.com;Rina.Bianca.Velasquez@dtaa.com,,,Hector.Davis.Ellison@dtaa.com,,47394,1
{V9B8-O7AE91PT-9532DHJU},2011-02-25 08:25:51.0,HDE0756,Edward.Hu.Pickett@dtaa.com;Cole.Thor.Manning@dtaa.com;Ivy.Inez.Sharpe@dtaa.com,,,Hector.Davis.Ellison@dtaa.com,,15998,2
{I7M1-K2TN92UN-0484CBMM},2011-02-25 10:59:49.0,HDE0756,Cole.Thor.Manning@dtaa.com,,,Hector.Davis.Ellison@dtaa.com,,23533,4
{M6D0-F2UW08OJ-2521EIYS},2011-02-28 12:06:19.0,HDE0756,Edan.Colton.Richards@dtaa.com,,,Hector.Davis.Ellison@dtaa.com,,18108,0
{J5N9-Z1HG32YF-4737MAFH},2011-02-28 12:55:42.0,HDE0756,Jennifer.Abigail.Ortega@dtaa.com;Arden.Wayne.Riley@dtaa.com;Keefe.Ralph.Peterson@verizon.net;Aquila.Harper.Emerson@cox.net,,,Hector.Davis.Ellison@dtaa.com,,45626,0
{J7W7-I4OK75FI-4580ZLMS},2011-02-28 13:41:33.0,HDE0756,Brenden.Rahim.Sweeney@dtaa.com,,,Hector.Davis.Ellison@dtaa.com,,19180,0
{E4X7-W6IG92DN-9842YMRV},2011-03-01 11:36:39.0,HDE0756,Edan.Colton.Richards@dtaa.com;Keefe.Ralph.Peterson@verizon.net,,,Hector.Davis.Ellison@dtaa.com,,43216,0
{G9G5-Z0SG53XK-9820JIPR},2011-03-01 11:36:59.0,HDE0756,Jennifer.Yetta.Gibbs@dtaa.com,,,Hector.Davis.Ellison@dtaa.com,,27932,0
{M1F8-W4KQ61HT-4643YWWJ},2011-03-02 11:00:06.0,HDE0756,Edan.Colton.Richards@dtaa.com,,,Hector.Davis.Ellison@dtaa.com,,26621,1
{P9O9-K3JD18IW-9229VQWY},2011-03-02 11:04:55.0,HDE0756,Rina.Bianca.Velasquez@dtaa.com;Halee.Tallulah.Wynn@dtaa.com,,,Hector.Davis.Ellison@dtaa.com,,36200,0
{W9F1-W8HK71EW-3472VFIR},2011-03-03 10:21:44.0,HDE0756,Gisela.Jeanette.Watkins@dtaa.com;Shaeleigh.Stella.Chambers@dtaa.com,,,Hector.Davis.Ellison@dtaa.com,,36141,5
{J3Q9-H0AU56PO-4561SUFU},2011-03-03 10:27:42.0,HDE0756,Keefe.Ralph.Peterson@verizon.net,,,Hector.Davis.Ellison@dtaa.com,,23273,0
{P5N4-J6IR88PN-8585PDDS},2011-03-03 13:33:52.0,HDE0756,Kato.Rafael.Hubbard@dtaa.com,,,Hector.Davis.Ellison@dtaa.com,,35785,0
{W6E8-S3DA39KN-6125YGEB},2011-03-04 13:42:22.0,HDE0756,Rigel.Dominic.Bowman@dtaa.com,,,Hector.Davis.Ellison@dtaa.com,,18809,0
{F3G5-V4GW55DQ-5697YBPZ},2011-03-04 15:03:47.0,HDE0756,Rina.Bianca.Velasquez@dtaa.com,,,Hector.Davis.Ellison@dtaa.com,,23876,1
{D7I9-R3WS87AV-8944XBLW},2011-03-07 10:04:36.0,HDE0756,Edward.Hu.Pickett@dtaa.com,,,Hector.Davis.Ellison@dtaa.com,,32481,0
{X3O8-B3VA87NW-0294CEXD},2011-03-07 12:14:40.0,HDE0756,Joel.Ezra.Parks@dtaa.com;Avram.Nasim.Roach@dtaa.com;Moses.Quincy.Finch@dtaa.com;Brianna.Ruby.Bender@dtaa.com,,,Hector.Davis.Ellison@dtaa.com,,28167,2
{E9T2-T9KK34LW-3141XTQW},2011-03-08 11:10:51.0,HDE0756,Keefe.Ralph.Peterson@verizon.net,,,Hector.Davis.Ellison@dtaa.com,,28688,0
{M3E1-W7IH57VT-2550PXSJ},2011-03-09 14:22:12.0,HDE0756,Rebekah.Orla.Moreno@dtaa.com;Shaeleigh.Melinda.Diaz@dtaa.com,,,Hector.Davis.Ellison@dtaa.com,,33444,2
{L2Y9-V6IN77FU-8218AWBP},2011-03-10 09:54:58.0,HDE0756,Keefe.Ralph.Peterson@verizon.net,,,Hector.Davis.Ellison@dtaa.com,,42723,1
{R2O3-T1CK13DE-3648SXWP},2011-03-10 13:31:43.0,HDE0756,Rebekah.Orla.Moreno@dtaa.com,,,Hector.Davis.Ellison@dtaa.com,,21582,0
{C0U9-V5BA64EU-5455KIHN},2011-03-10 14:37:55.0,HDE0756,Chadwick.Sebastian.Mcclain@dtaa.com,,,Hector.Davis.Ellison@dtaa.com,,20829,0
{B0E0-H5BE09KR-3378CNYK},2011-03-11 11:03:50.0,HDE0756,Chadwick.Sebastian.Mcclain@dtaa.com,,,Hector.Davis.Ellison@dtaa.com,,31694,1
{C4C3-K8RT33CR-4278EAGE},2011-03-11 11:07:11.0,HDE0756,Lilah.Hermione.Parrish@dtaa.com,,,Hector.Davis.Ellison@dtaa.com,,50314,0
{W1M7-O7XZ82HW-3439DLRZ},2011-03-11 14:09:11.0,HDE0756,Hanae.Kiayada.Holder@dtaa.com,,,Hector.Davis.Ellison@dtaa.com,,23330,0
{N5M6-U7WL16RP-0455JBVT},2011-03-14 11:27:16.0,HDE0756,Prescott.Chase.Lowe@dtaa.com,,,Hector.Davis.Ellison@dtaa.com,,20005,0
{B2Y8-J5TJ80IH-0069DWYP},2011-03-15 12:40:58.0,HDE0756,Brianna.Ruby.Bender@dtaa.com,,,Hector.Davis.Ellison@dtaa.com,,18993,0
{W8M0-H9NJ03EH-9565TZGH},2011-03-15 14:43:04.0,HDE0756,Lilah.Hermione.Parrish@dtaa.com;Kasper.Zeph.Moran@dtaa.com,,,Hector.Davis.Ellison@dtaa.com,,15647,0
{G2S8-O7IB53SJ-3030SZHK},2011-03-16 14:17:07.0,HDE0756,Halee.Tallulah.Wynn@dtaa.com,,,Hector.Davis.Ellison@dtaa.com,,50777,0
{P5Z8-V3KO50BT-6352RPUT},2011-03-16 14:50:34.0,HDE0756,Gisela.Jeanette.Watkins@dtaa.com;Kato.Rafael.Hubbard@dtaa.com,,,Hector.Davis.Ellison@dtaa.com,,28830,0
{D5M0-R0RY24QN-6574YJQO},2011-03-17 09:08:40.0,HDE0756,Curran.Yoshio.Mcknight@dtaa.com,,,Hector.Davis.Ellison@dtaa.com,,23905,1
{P7A2-Y7DW43AG-5197QUNT},2011-03-17 11:48:36.0,HDE0756,Denise.Lacy.Harmon@dtaa.com,,,Hector.Davis.Ellison@dtaa.com,,45058,0
{O8C7-S5KY60BX-9360WLDE},2011-03-18 10:21:50.0,HDE0756,Jesse.Ciaran.Whitley@dtaa.com,,,Hector.Davis.Ellison@dtaa.com,,43773,2
{O2X6-N2KB64PT-2144VHUO},2011-03-18 15:13:14.0,HDE0756,Joel.Ezra.Parks@dtaa.com;Edan.Colton.Richards@dtaa.com;Kennan.Timon.Stein@juno.com,,,Hector.Davis.Ellison@dtaa.com,,24172,0
{P2Z4-K7RV56DB-3547UOQJ},2011-03-21 14:02:37.0,HDE0756,Jeanette.Vera.Carlson@dtaa.com;Jennifer.Abigail.Ortega@dtaa.com;Avram.Nasim.Roach@dtaa.com,,,Hector.Davis.Ellison@dtaa.com,,24074,0
{L4Z4-D1GI41MD-3908MSUB},2011-03-21 14:12:26.0,HDE0756,Cole.Thor.Manning@dtaa.com,,,Hector.Davis.Ellison@dtaa.com,,25532,0
{S6P1-E6GZ65RW-5649IWBH},2011-03-22 09:01:08.0,HDE0756,Joel.Ezra.Parks@dtaa.com;Sigourney.Erin.Gilbert@dtaa.com;Marny.Scarlett.Dean@dtaa.com,,,Hector.Davis.Ellison@dtaa.com,,24562,0
{P3Z1-K8JZ82PU-3197TLDQ},2011-03-22 13:16:41.0,HDE0756,Jennifer.Abigail.Ortega@dtaa.com;Keefe.Ralph.Peterson@verizon.net,,,Hector.Davis.Ellison@dtaa.com,,32198,1
{F8D8-Q1BQ70UQ-9396YIYB},2011-03-23 10:47:07.0,HDE0756,Yuri.Kylan.Weaver@dtaa.com;Kasper.Zeph.Moran@dtaa.com,,,Hector.Davis.Ellison@dtaa.com,,22564,0
{S1V2-W2AR28YH-3432SVVN},2011-03-23 13:38:06.0,HDE0756,Edan.Colton.Richards@dtaa.com,,,Hector.Davis.Ellison@dtaa.com,,23328,0
{Y0U6-J8PC66RF-0070GEJY},2011-03-24 12:52:50.0,HDE0756,Rebekah.Orla.Moreno@dtaa.com;Wallace.Mannix.Deleon@dtaa.com,,,Hector.Davis.Ellison@dtaa.com,,23632,0
{B2J8-X1OT74XT-0165VJUK},2011-03-24 15:19:35.0,HDE0756,Kato.Rafael.Hubbard@dtaa.com;Edan.Colton.Richards@dtaa.com,,,Hector.Davis.Ellison@dtaa.com,,50120,5
{Q9P6-P3IZ94LV-3959EZMJ},2011-03-25 11:38:52.0,HDE0756,Sylvester.Sawyer.Bennett@dtaa.com;Gisela.Jeanette.Watkins@dtaa.com,,,Hector.Davis.Ellison@dtaa.com,,25357,2
{W4M6-I3ND95OD-2165DBTG},2011-03-28 08:22:53.0,HDE0756,Hector.Jonah.Kim@dtaa.com;Eden.Ahmed.Fitzgerald@dtaa.com,,,Hector.Davis.Ellison@dtaa.com,,34917,3
{L1U4-Z7GO73CQ-7062MOVZ},2011-03-28 09:08:39.0,HDE0756,Keefe.Ralph.Peterson@verizon.net,,,Hector.Davis.Ellison@dtaa.com,,19990,0
{I6U9-O5RH73ZV-4992EBAV},2011-03-28 11:44:46.0,HDE0756,Nina.Daphne.Jensen@boeing.com,,,Hector.Davis.Ellison@dtaa.com,,19165,0
{M0V2-G0IJ65FD-0577CYCV},2011-03-30 11:57:12.0,HDE0756,Shellie.Eugenia.Chavez@boeing.com,,,Hector.Davis.Ellison@dtaa.com,,27984,0
{X9U6-Q9OU16GQ-4747XYDY},2011-03-30 14:15:50.0,HDE0756,Rebekah.Orla.Moreno@dtaa.com,,,Hector.Davis.Ellison@dtaa.com,,17496,0
{Q6S3-W0AC70MV-5613KIOU},2011-03-31 11:50:14.0,HDE0756,Sigourney.Erin.Gilbert@dtaa.com;Desiree.Claudia.Booth@dtaa.com;Curran.Yoshio.Mcknight@dtaa.com,,,Hector.Davis.Ellison@dtaa.com,,60256,1
{T6K9-Y5QB89XM-8216REPZ},2011-04-01 09:56:21.0,HDE0756,Uta.Adele.Powers@dtaa.com,,,Hector.Davis.Ellison@dtaa.com,,33568,1
{K4L6-N9ZY13HT-3843WWES},2011-04-01 12:49:15.0,HDE0756,Halee.Tallulah.Wynn@dtaa.com;Joel.Ezra.Parks@dtaa.com;Ivy.Inez.Sharpe@dtaa.com,,,Hector.Davis.Ellison@dtaa.com,,38459,2
{O5D6-Z1RD64KK-7326EZPZ},2011-04-01 13:01:56.0,HDE0756,Shaeleigh.Melinda.Diaz@dtaa.com,,,Hector.Davis.Ellison@dtaa.com,,28129,1
{R4W1-P7RW24EI-5300LFEX},2011-04-04 08:23:55.0,HDE0756,Halee.Tallulah.Wynn@dtaa.com;Jennifer.Abigail.Ortega@dtaa.com,,,Hector.Davis.Ellison@dtaa.com,,23309,6
{P1G3-B0WS70HQ-1341LPDH},2011-04-04 13:46:02.0,HDE0756,Maxwell.Mason.Osborne@dtaa.com,,,Hector.Davis.Ellison@dtaa.com,,47609,0
{K5F7-X8YC41VW-7782DWBQ},2011-04-05 13:01:17.0,HDE0756,Brianna.Ruby.Bender@dtaa.com;Maryam.Althea.Bird@dtaa.com,,,Hector.Davis.Ellison@dtaa.com,,19273,0
{G9O3-P2TD52HM-8495XKYE},2011-04-07 09:23:15.0,HDE0756,Lane.Jonathan.Bridges@dtaa.com,,,Hector.Davis.Ellison@dtaa.com,,19660,2
{I6K6-H0JK45EM-6015CFMG},2011-04-07 13:05:21.0,HDE0756,Edan.Colton.Richards@dtaa.com,,,Hector.Davis.Ellison@dtaa.com,,25467,0
{I1W5-E7SO47VG-9434HANQ},2011-04-08 12:19:03.0,HDE0756,Rina.Bianca.Velasquez@dtaa.com;Keefe.Ralph.Peterson@verizon.net,,,Hector.Davis.Ellison@dtaa.com,,20908,0
{C6Q5-O8LJ91LB-5887UUCX},2011-04-11 10:18:27.0,HDE0756,Cameron.Jonathan.Thomas@dtaa.com,,,Hector.Davis.Ellison@dtaa.com,,25569,0
{Q3U7-X5FF97LA-6237MJXJ},2011-04-11 10:26:56.0,HDE0756,Jameson.William.Schultz@dtaa.com;Jennifer.Abigail.Ortega@dtaa.com,,,Hector.Davis.Ellison@dtaa.com,,41039,0
{U8Z5-K7GZ18UD-4686OATK},2011-04-11 11:35:37.0,HDE0756,Edward.Hu.Pickett@dtaa.com,,,Hector.Davis.Ellison@dtaa.com,,20636,0
{Z4Z8-E0IN15HF-1933IQSZ},2011-04-12 10:20:10.0,HDE0756,Chadwick.Sebastian.Mcclain@dtaa.com,,,Hector.Davis.Ellison@dtaa.com,,59462,2
{Q1E1-T0XP64OL-2061DEMT},2011-04-12 11:12:36.0,HDE0756,Ross.Tanner.Clements@dtaa.com,,,Hector.Davis.Ellison@dtaa.com,,31869,0
{C5Z1-H9PJ56XV-5026AIKN},2011-04-13 08:27:58.0,HDE0756,Lilah.Hermione.Parrish@dtaa.com,,,Hector.Davis.Ellison@dtaa.com,,35468,3
{W4Q1-G1FE79AS-4158FDWJ},2011-04-13 09:50:07.0,HDE0756,Joel.Ezra.Parks@dtaa.com,,,Hector.Davis.Ellison@dtaa.com,,25890,0
{W3Z0-S8XG62GF-7219JXLK},2011-04-13 10:26:39.0,HDE0756,Gisela.Jeanette.Watkins@dtaa.com,,,Hector.Davis.Ellison@dtaa.com,,25419,0
{F0Q1-H4GH52WA-7876PDCN},2011-04-14 10:08:49.0,HDE0756,Sigourney.Erin.Gilbert@dtaa.com,,,Hector.Davis.Ellison@dtaa.com,,29608,0
{B2Y5-C1UZ78LQ-4906UYMF},2011-04-14 14:19:46.0,HDE0756,Leo.Edward.Hopkins@dtaa.com,,,Hector.Davis.Ellison@dtaa.com,,28285,1
{C9F6-I1KK27ZM-5633RGCJ},2011-04-15 09:20:56.0,HDE0756,Haviva.Riley.Nelson@dtaa.com,,,Hector.Davis.Ellison@dtaa.com,,33599,0
{G3R4-Q8XA67SY-4672JRQN},2011-04-15 12:16:13.0,HDE0756,Cadman.Hop.Hayes@dtaa.com,,,Hector.Davis.Ellison@dtaa.com,,18162,0
{O7K8-J7YH88AI-5660LITU},2011-04-18 10:42:32.0,HDE0756,Ferris.Samuel.Weiss@dtaa.com;Cole.Thor.Manning@dtaa.com,,,Hector.Davis.Ellison@dtaa.com,,27583,0
{Q6H0-R8WF79HJ-0407KCLQ},2011-04-18 14:27:41.0,HDE0756,Prescott.Chase.Lowe@dtaa.com,,,Hector.Davis.Ellison@dtaa.com,,28688,0
{H6M1-C6OV60UK-4228PXZW},2011-04-18 14:49:34.0,HDE0756,Rina.Bianca.Velasquez@dtaa.com;Moses.Quincy.Finch@dtaa.com,,,Hector.Davis.Ellison@dtaa.com,,17528,0
{G2Z9-P9VS77KU-8183VVPL},2011-04-19 08:39:05.0,HDE0756,Kato.Rafael.Hubbard@dtaa.com;Brianna.Ruby.Bender@dtaa.com,,,Hector.Davis.Ellison@dtaa.com,,33447,5
{V8Y0-Y0UY35OP-2167RLPQ},2011-04-19 09:33:50.0,HDE0756,Keefe.Ralph.Peterson@verizon.net,,,Hector.Davis.Ellison@dtaa.com,,22087,0
{O8L8-W3FP30DM-2011FODO},2011-04-20 12:48:42.0,HDE0756,Brianna.Ruby.Bender@dtaa.com,,,Hector.Davis.Ellison@dtaa.com,,38274,0
{M2P3-K8OC24RC-0934TWHQ},2011-04-20 13:23:02.0,HDE0756,Eden.Ahmed.Fitzgerald@dtaa.com;Suki.Ginger.Estes@dtaa.com,,,Hector.Davis.Ellison@dtaa.com,,25180,0
{W7L4-E0TR78HP-4058BWNL},2011-04-20 13:42:19.0,HDE0756,Brianna.Ruby.Bender@dtaa.com;Halee.Tallulah.Wynn@dtaa.com,,,Hector.Davis.Ellison@dtaa.com,,25137,0
{N6U3-T1IS05AR-9477DTKE},2011-04-21 11:39:29.0,HDE0756,Joel.Ezra.Parks@dtaa.com;Brenden.Rahim.Sweeney@dtaa.com;Allen.Conan.Winters@dtaa.com,,,Hector.Davis.Ellison@dtaa.com,,38184,0
{T6L4-D1OR49PZ-7307GAPQ},2011-04-21 13:08:25.0,HDE0756,Rachel.Jeanette.Levine@dtaa.com,,,Hector.Davis.Ellison@dtaa.com,,32058,0
{C6N4-B2BA70ND-8548CIAT},2011-04-25 08:18:52.0,HDE0756,Kato.Rafael.Hubbard@dtaa.com;Yetta.Chava.Harvey@dtaa.com,,,Hector.Davis.Ellison@dtaa.com,,34159,1
{W8D0-P5AU25MX-6614UEHH},2011-04-25 12:20:21.0,HDE0756,Avram.Nasim.Roach@dtaa.com,,,Hector.Davis.Ellison@dtaa.com,,18112,0
{P2L3-G3UL43WK-3671DCQS},2011-04-26 11:40:35.0,HDE0756,Ivy.Inez.Sharpe@dtaa.com;Joel.Ezra.Parks@dtaa.com;Allen.Conan.Winters@dtaa.com,,,Hector.Davis.Ellison@dtaa.com,,45683,0
{H2B5-M3NY16NM-3666HIYG},2011-04-26 13:13:51.0,HDE0756,Jennifer.Abigail.Ortega@dtaa.com,,,Hector.Davis.Ellison@dtaa.com,,19926,0
{G7D0-H0AU00UI-7521PAYO},2011-04-27 10:05:53.0,HDE0756,Brenden.Rahim.Sweeney@dtaa.com,,,Hector.Davis.Ellison@dtaa.com,,21237,1
{C7N5-X6ZG83RL-1066EPAW},2011-04-27 10:11:50.0,HDE0756,Halee.Tallulah.Wynn@dtaa.com,,,Hector.Davis.Ellison@dtaa.com,,31284,0
{U6F8-Q7JR74PP-1868GEKD},2011-04-27 13:12:48.0,HDE0756,Prescott.Chase.Lowe@dtaa.com,,,Hector.Davis.Ellison@dtaa.com,,28882,0
{K4C6-S5RG15CV-3922FJOD},2011-04-28 08:31:53.0,HDE0756,Rina.Bianca.Velasquez@dtaa.com,,,Hector.Davis.Ellison@dtaa.com,,24267,0
{Q4H0-L9NX91CV-4381XDKA},2011-04-28 13:07:30.0,HDE0756,Brenden.Rahim.Sweeney@dtaa.com,,,Hector.Davis.Ellison@dtaa.com,,23976,0
{P7L3-V5JM57QS-4834UFGT},2011-04-28 13:43:58.0,HDE0756,Keefe.Ralph.Peterson@verizon.net,,,Hector.Davis.Ellison@dtaa.com,,59253,0
{G2I2-V3TA35KK-2661CERS},2011-04-29 08:17:46.0,HDE0756,Jennifer.Abigail.Ortega@dtaa.com;Ann.Hannah.Dickerson@dtaa.com;Yetta.Chava.Harvey@dtaa.com,,,Hector.Davis.Ellison@dtaa.com,,19772,5
{B2Z0-X9FG79CX-2459QUCW},2011-05-02 12:23:43.0,HDE0756,Prescott.Chase.Lowe@dtaa.com,,,Hector.Davis.Ellison@dtaa.com,,36433,0
{E4M8-Y4LG35EU-6291FMDZ},2011-05-02 13:55:48.0,HDE0756,Keefe.Ralph.Peterson@verizon.net,,,Hector.Davis.Ellison@dtaa.com,,33007,0
{F8J8-V3KN14VI-3019TEJZ},2011-05-03 08:20:55.0,HDE0756,Ivy.Inez.Sharpe@dtaa.com,,,Hector.Davis.Ellison@dtaa.com,,42246,0
{Q5E8-C3LS94WA-2243SGII},2011-05-03 11:23:34.0,HDE0756,Carol.Reagan.Mcmillan@dtaa.com,,,Hector.Davis.Ellison@dtaa.com,,26178,0
{B1H3-S1LY22VH-2177IKGU},2011-05-04 08:27:20.0,HDE0756,Zeus.Edward.Dawson@dtaa.com,,,Hector.Davis.Ellison@dtaa.com,,17398,0
{T8X6-I0CA91XJ-2533VBRG},2011-05-04 10:15:27.0,HDE0756,Kasper.Zeph.Moran@dtaa.com;Denise.Lacy.Harmon@dtaa.com,,,Hector.Davis.Ellison@dtaa.com,,17178,0
{X1O9-A3AK18KA-0949ZBEE},2011-05-05 11:51:54.0,HDE0756,Halee.Tallulah.Wynn@dtaa.com,,,Hector.Davis.Ellison@dtaa.com,,28323,0
{H7H8-D5GP60HO-5047INLS},2011-05-05 13:10:11.0,HDE0756,Gisela.Jeanette.Watkins@dtaa.com;Rachel.Jeanette.Levine@dtaa.com,,,Hector.Davis.Ellison@dtaa.com,,12094,0
{Z1A5-N5YS71EG-7098JGXZ},2011-05-06 11:21:26.0,HDE0756,Curran.Yoshio.Mcknight@dtaa.com,,,Hector.Davis.Ellison@dtaa.com,,39662,0
{S5K7-T1JV88BY-8554EEZZ},2011-05-06 14:05:26.0,HDE0756,Cole.Thor.Manning@dtaa.com,,,Hector.Davis.Ellison@dtaa.com,,28895,0
{Y8M1-Y7PR92RE-1254QFEG},2011-05-09 11:56:20.0,HDE0756,Avram.Nasim.Roach@dtaa.com,,,Hector.Davis.Ellison@dtaa.com,,16398,0
{O5P0-K6SN93RN-0170ALTF},2011-05-10 09:53:34.0,HDE0756,Rina.Bianca.Velasquez@dtaa.com,,,Hector.Davis.Ellison@dtaa.com,,25843,9
{S5H0-G6CQ06OL-7275YQBA},2011-05-10 15:06:09.0,HDE0756,Avram.Nasim.Roach@dtaa.com,,,Hector.Davis.Ellison@dtaa.com,,30790,0
{X0V4-Z8BL72LM-4842WMOD},2011-05-10 15:07:20.0,HDE0756,Brenden.Rahim.Sweeney@dtaa.com,,,Hector.Davis.Ellison@dtaa.com,,24166,0
{K3N6-C4XM15MO-9318NKPN},2011-05-11 14:00:19.0,HDE0756,Jeanette.Vera.Carlson@dtaa.com,,,Hector.Davis.Ellison@dtaa.com,,29079,0
{G6V4-Z7RI95FT-6709VGQR},2011-05-12 09:53:49.0,HDE0756,Marsden.Paul.Wong@dtaa.com;Nicole.Roary.Roberts@dtaa.com,,,Hector.Davis.Ellison@dtaa.com,,48367,0
{H5V4-A0EU47CN-3123GHNS},2011-05-12 14:35:44.0,HDE0756,Kato.Rafael.Hubbard@dtaa.com,,,Hector.Davis.Ellison@dtaa.com,,42373,0
{G6D3-Q5JU68NC-7666UMOG},2011-05-13 12:25:26.0,HDE0756,Rina.Bianca.Velasquez@dtaa.com,,,Hector.Davis.Ellison@dtaa.com,,26089,0
{M9G9-T1NG13YV-2231KDER},2011-05-13 14:57:35.0,HDE0756,Kato.Rafael.Hubbard@dtaa.com,,,Hector.Davis.Ellison@dtaa.com,,31039,0
