{I9C9-M6NG93WK-5927OYKM},2010-01-04 09:54:24.0,HJK0496,Jena.Karleigh.Fuentes@sbcglobal.net,,,Hector.Jonah.Kim@dtaa.com,,22828,0
{F7T4-A0OG11BP-2224HEAI},2010-01-04 16:51:50.0,HJK0496,Ayanna.Yolanda.Nielsen@dtaa.com,,,Hector.Jonah.Kim@dtaa.com,,23398,3
{D4B9-N7TY99PQ-9425IVYS},2010-01-05 10:36:01.0,HJK0496,Sybill.Mercedes.Golden@dtaa.com,,,Hector.Jonah.Kim@dtaa.com,,21232,0
{H6F4-C7ZC99FN-8071MZBO},2010-01-05 12:47:20.0,HJK0496,Ferdinand.Leonard.Roth@dtaa.com,,,Hector.Jonah.Kim@dtaa.com,,34817,1
{C3R4-H1ZK36ZO-8140TQWM},2010-01-05 14:41:58.0,HJK0496,Jena.Karleigh.Fuentes@sbcglobal.net,,,Hector.Jonah.Kim@dtaa.com,,21124,0
{U6T2-E3JC73XD-5308FNUJ},2010-01-06 10:44:24.0,HJK0496,Ferdinand.Leonard.Roth@dtaa.com;Ruth.Daphne.Carver@dtaa.com,,,Hector.Jonah.Kim@dtaa.com,,31060,1
{P7G1-I7GQ35FT-3259XLFN},2010-01-06 14:21:09.0,HJK0496,Merritt.Abbot.Salinas@dtaa.com;Jena.Karleigh.Fuentes@sbcglobal.net,,,Hector.Jonah.Kim@dtaa.com,,42409,9
{Y0R9-H7TX05VO-8520CVLJ},2010-01-06 17:34:45.0,HJK0496,William.Vernon.Booth@dtaa.com,,,Hector.Jonah.Kim@dtaa.com,,30045,0
{G3V0-O4AP10ZQ-1244CABQ},2010-01-07 09:57:07.0,HJK0496,William.Vernon.Booth@dtaa.com;Ayanna.Yolanda.Nielsen@dtaa.com,,,Hector.Jonah.Kim@dtaa.com,,23182,1
{K0U2-G4AK60JP-9074ISFO},2010-01-07 12:34:17.0,HJK0496,Rinah.Kiayada.Oconnor@dtaa.com,,,Hector.Jonah.Kim@dtaa.com,,30307,0
{F0U4-B0LE54YN-9895BBHH},2010-01-08 09:28:59.0,HJK0496,Malachi.Jakeem.Rush@dtaa.com;Kane.Julian.Burgess@dtaa.com;Cheryl.Iliana.Snyder@gmail.com,,,Hector.Jonah.Kim@dtaa.com,,53799,1
{W8F9-B0ZK41GY-1470HGZS},2010-01-08 15:56:21.0,HJK0496,Davis.Gareth.Cote@dtaa.com,,,Hector.Jonah.Kim@dtaa.com,,35299,0
{D1A0-U4PL95BQ-3786WSLE},2010-01-08 15:58:16.0,HJK0496,Malachi.Jakeem.Rush@dtaa.com,,,Hector.Jonah.Kim@dtaa.com,,25510,0
{P0C3-T6GM21KN-7139SALA},2010-01-11 11:50:42.0,HJK0496,Fritz.Buckminster.Patton@dtaa.com,,,Hector.Jonah.Kim@dtaa.com,,16010,1
{Z1S6-E0ND06XF-5239UXML},2010-01-11 15:10:51.0,HJK0496,Bruce.Keegan.Durham@msn.com,,,Hector.Jonah.Kim@dtaa.com,,27011,3
{W8G4-J8NT90XS-2852KRCL},2010-01-12 10:46:13.0,HJK0496,Kane.Julian.Burgess@dtaa.com;Cheryl.Iliana.Snyder@gmail.com,,,Hector.Jonah.Kim@dtaa.com,,28779,1
{C2R5-D8SA81UK-9271NJTM},2010-01-12 15:34:16.0,HJK0496,Abigail.Brianna.Terrell@dtaa.com,,,Hector.Jonah.Kim@dtaa.com,,33987,0
{V9C0-L7IP42GP-5974AJZK},2010-01-13 17:48:10.0,HJK0496,Jena.Karleigh.Fuentes@sbcglobal.net,,,Hector.Jonah.Kim@dtaa.com,,23154,0
{Q0C9-R0GJ41UO-7678ZUEJ},2010-01-14 15:32:38.0,HJK0496,William.Vernon.Booth@dtaa.com,,,Hector.Jonah.Kim@dtaa.com,,24524,0
{K9H7-P3DE92AU-8555RMVI},2010-01-14 16:11:17.0,HJK0496,Kane.Julian.Burgess@dtaa.com,,,Hector.Jonah.Kim@dtaa.com,,14719,0
{O9R0-W6OB83CK-9350IAFO},2010-01-14 18:21:06.0,HJK0496,Quyn.Tara.Patterson@dtaa.com;Shellie.Medge.Jefferson@dtaa.com,,,Hector.Jonah.Kim@dtaa.com,,24467,0
{S1T4-Q4WV35UJ-5061OECZ},2010-01-15 12:49:59.0,HJK0496,Jena.Karleigh.Fuentes@sbcglobal.net,,,Hector.Jonah.Kim@dtaa.com,,25512,0
{T6E8-D7LO41UX-3147HYFL},2010-01-15 16:58:03.0,HJK0496,Tamekah.Jena.Raymond@dtaa.com;Bruce.Keegan.Durham@msn.com,,,Hector.Jonah.Kim@dtaa.com,,35768,4
{T7L7-R4RV46CV-9906ULAC},2010-01-18 09:46:22.0,HJK0496,Bruce.Keegan.Durham@msn.com,,,Hector.Jonah.Kim@dtaa.com,,46342,2
{C6B5-B6WL92LW-8227HDPE},2010-01-18 16:16:49.0,HJK0496,Hedwig.Casey.Farmer@dtaa.com;Molly.Eliana.Suarez@dtaa.com;Jena.Karleigh.Fuentes@sbcglobal.net,,,Hector.Jonah.Kim@dtaa.com,,42362,2
{W7N6-C5WV00FV-7277AACN},2010-01-19 09:57:15.0,HJK0496,Davis.Gareth.Cote@dtaa.com;Jena.Karleigh.Fuentes@sbcglobal.net,,,Hector.Jonah.Kim@dtaa.com,,36815,3
{X7G9-U1XV83CN-0770EFAM},2010-01-19 16:10:43.0,HJK0496,Elvis.Hamilton.Sandoval@dtaa.com;Bruce.Keegan.Durham@msn.com,,,Hector.Jonah.Kim@dtaa.com,,64466,3
{K7H2-A6AZ64YG-8382TRGU},2010-01-21 12:49:48.0,HJK0496,Davis.Gareth.Cote@dtaa.com,,,Hector.Jonah.Kim@dtaa.com,,31074,0
{W9U5-I6PR20II-7506GOLR},2010-01-21 15:22:35.0,HJK0496,Kane.Julian.Burgess@dtaa.com,,,Hector.Jonah.Kim@dtaa.com,,22377,0
{S3V9-P0HN40LS-7799TUCO},2010-01-21 16:40:46.0,HJK0496,Davis.Gareth.Cote@dtaa.com;Bruce.Keegan.Durham@msn.com;Cheryl.Iliana.Snyder@gmail.com,,,Hector.Jonah.Kim@dtaa.com,,21025,5
{X2M5-X5HQ02PE-8296ODQF},2010-01-22 14:40:21.0,HJK0496,Molly.Eliana.Suarez@dtaa.com,,,Hector.Jonah.Kim@dtaa.com,,33428,0
{B3N5-D7KO59DQ-7694PMWB},2010-01-22 15:22:51.0,HJK0496,Ferdinand.Leonard.Roth@dtaa.com,,,Hector.Jonah.Kim@dtaa.com,,24616,1
{H6I0-V8NY48HB-6299VNTS},2010-01-25 17:26:29.0,HJK0496,Astra.Montana.Oliver@dtaa.com,,,Hector.Jonah.Kim@dtaa.com,,14753,1
{V3L8-G7DE08IX-8589SCVJ},2010-01-25 19:02:11.0,HJK0496,Sybill.Mercedes.Golden@dtaa.com;Serina.Idola.Douglas@dtaa.com,,,Hector.Jonah.Kim@dtaa.com,,44448,8
{U5P0-K9ZA24LF-4770IHJY},2010-01-26 14:38:52.0,HJK0496,Shellie.Medge.Jefferson@dtaa.com;Bruce.Keegan.Durham@msn.com,,,Hector.Jonah.Kim@dtaa.com,,42939,1
{A7A1-Z5PD08DV-8628PCVF},2010-01-26 17:18:25.0,HJK0496,Molly.Eliana.Suarez@dtaa.com;Cheryl.Iliana.Snyder@gmail.com,,,Hector.Jonah.Kim@dtaa.com,,30900,1
{S6C1-P6ND30YY-9353CBHW},2010-01-26 19:13:50.0,HJK0496,Glenna.Leah.Holman@dtaa.com,,,Hector.Jonah.Kim@dtaa.com,,20893,0
{T1P0-S6JJ47HZ-9055OSTO},2010-01-27 09:42:26.0,HJK0496,Kane.Julian.Burgess@dtaa.com,,,Hector.Jonah.Kim@dtaa.com,,16125,1
{J7A5-Y6GU61UW-6812CUFF},2010-01-27 11:20:50.0,HJK0496,Ayanna.Yolanda.Nielsen@dtaa.com,,,Hector.Jonah.Kim@dtaa.com,,20846,0
{E5L2-O2GV46WV-0949QATN},2010-01-27 18:11:14.0,HJK0496,Elvis.Hamilton.Sandoval@dtaa.com;Robert.Leonard.Hernandez@dtaa.com,,,Hector.Jonah.Kim@dtaa.com,,28102,0
{Z3C2-E8QQ42LF-5488MRLH},2010-01-28 09:29:28.0,HJK0496,Jena.Karleigh.Fuentes@sbcglobal.net,,,Hector.Jonah.Kim@dtaa.com,,27944,1
{K9B1-Z8FS01YV-9286YRRC},2010-01-28 14:20:25.0,HJK0496,Denise.Lacy.Harmon@dtaa.com;Chaney.Sean.Fuentes@dtaa.com;Jena.Karleigh.Fuentes@sbcglobal.net,,,Hector.Jonah.Kim@dtaa.com,,24560,1
{O0T1-Q7ST63ZJ-6907IMRM},2010-01-28 18:13:16.0,HJK0496,Ferdinand.Leonard.Roth@dtaa.com,,,Hector.Jonah.Kim@dtaa.com,,18494,0
{R8I3-N5UC40QK-1108XWKU},2010-01-29 16:19:56.0,HJK0496,Kane.Julian.Burgess@dtaa.com,,,Hector.Jonah.Kim@dtaa.com,,37493,1
{K9X5-F0VL32XJ-0199ZNYC},2010-01-29 17:13:48.0,HJK0496,Aiko.Candace.Brock@dtaa.com,,,Hector.Jonah.Kim@dtaa.com,,30325,0
{G0G5-M0FY05QG-4834YDME},2010-02-01 11:23:39.0,HJK0496,Keefe.Darius.Duran@dtaa.com,,,Hector.Jonah.Kim@dtaa.com,,48339,4
{Q8Z7-Y5QS24OQ-7319QKXM},2010-02-01 11:55:24.0,HJK0496,Avram.Nasim.Roach@dtaa.com,,,Hector.Jonah.Kim@dtaa.com,,37346,0
{N7O0-U5AI51RT-8600JAJG},2010-02-01 15:47:51.0,HJK0496,Jaden.Alisa.Waller@dtaa.com,,,Hector.Jonah.Kim@dtaa.com,,15514,0
{J4G9-X4UV93BU-4913FDQJ},2010-02-02 11:03:40.0,HJK0496,Ferdinand.Leonard.Roth@dtaa.com;Quyn.Tara.Patterson@dtaa.com;William.Vernon.Booth@dtaa.com;Jena.Karleigh.Fuentes@sbcglobal.net,,,Hector.Jonah.Kim@dtaa.com,,23714,5
{P6R9-K2IH70BR-1430CKXT},2010-02-02 11:59:41.0,HJK0496,Sybill.Mercedes.Golden@dtaa.com;William.Vernon.Booth@dtaa.com,,,Hector.Jonah.Kim@dtaa.com,,19250,1
{J0J4-V6JQ29NM-8418IXRD},2010-02-03 10:09:51.0,HJK0496,Ferdinand.Leonard.Roth@dtaa.com;Cheryl.Iliana.Snyder@gmail.com,,,Hector.Jonah.Kim@dtaa.com,,28958,2
{V4D5-Q3YC55BI-7100BWQO},2010-02-03 10:49:05.0,HJK0496,Bruce.Keegan.Durham@msn.com,,,Hector.Jonah.Kim@dtaa.com,,23981,0
{R7Y9-T9RV52QJ-6878RNWR},2010-02-04 10:25:01.0,HJK0496,William.Vernon.Booth@dtaa.com,,,Hector.Jonah.Kim@dtaa.com,,27781,0
{M8N3-Y3HO39NF-3381JRZA},2010-02-04 10:46:34.0,HJK0496,Callum.Gray.Farley@dtaa.com;Ferdinand.Leonard.Roth@dtaa.com,,,Hector.Jonah.Kim@dtaa.com,,27097,2
{A9A6-S5KC66AX-8479OKAH},2010-02-04 10:47:04.0,HJK0496,Elvis.Hamilton.Sandoval@dtaa.com,,,Hector.Jonah.Kim@dtaa.com,,25161,2
{S8E8-W5MS39BV-8488KMQA},2010-02-05 10:58:07.0,HJK0496,Jena.Karleigh.Fuentes@sbcglobal.net,,,Hector.Jonah.Kim@dtaa.com,,31401,2
{A3W6-M6KV56QD-7737OMSO},2010-02-05 14:22:54.0,HJK0496,Merritt.Abbot.Salinas@dtaa.com,,,Hector.Jonah.Kim@dtaa.com,,29155,0
{M3F0-F0JH81PW-8813JFQG},2010-02-08 15:35:23.0,HJK0496,Jermaine.Denton.Jacobs@harris.com,,,Hector.Jonah.Kim@dtaa.com,,47695,0
{P1N8-I4FQ24UL-2610KZGQ},2010-02-08 16:18:45.0,HJK0496,Jena.Karleigh.Fuentes@sbcglobal.net,,,Hector.Jonah.Kim@dtaa.com,,26643,0
{M7C8-M0US59OE-1862IDHU},2010-02-08 17:24:59.0,HJK0496,William.Vernon.Booth@dtaa.com,,,Hector.Jonah.Kim@dtaa.com,,38259,0
{C2Q2-F6YV10VH-3454ACTB},2010-02-09 13:43:40.0,HJK0496,Ferdinand.Leonard.Roth@dtaa.com,,,Hector.Jonah.Kim@dtaa.com,,20353,1
{H0G8-E6OV12UW-9680BILO},2010-02-09 18:40:34.0,HJK0496,Melissa.Ruby.Knight@dtaa.com,,,Hector.Jonah.Kim@dtaa.com,,15295,0
{A3U6-I4LA77SP-2541DPJK},2010-02-10 11:02:14.0,HJK0496,Merritt.Abbot.Salinas@dtaa.com,,,Hector.Jonah.Kim@dtaa.com,,59907,0
{C0Y0-U5WT50YX-9380LDSL},2010-02-10 18:20:51.0,HJK0496,Quyn.Tara.Patterson@dtaa.com,,,Hector.Jonah.Kim@dtaa.com,,23028,1
{P8U4-X5GH93YN-5091BVII},2010-02-10 19:05:28.0,HJK0496,Quyn.Tara.Patterson@dtaa.com;Elvis.Hamilton.Sandoval@dtaa.com,,,Hector.Jonah.Kim@dtaa.com,,25474,1
{I3D9-S6YH66XU-6706TXFH},2010-02-11 10:28:52.0,HJK0496,Quyn.Tara.Patterson@dtaa.com,,,Hector.Jonah.Kim@dtaa.com,,23662,0
{A8E0-U1XW31HH-2661JIJU},2010-02-11 16:38:39.0,HJK0496,Ferdinand.Leonard.Roth@dtaa.com,,,Hector.Jonah.Kim@dtaa.com,,27625,0
{G3S7-E4AW55IF-0873KGRQ},2010-02-12 13:10:06.0,HJK0496,Jena.Karleigh.Fuentes@sbcglobal.net,,,Hector.Jonah.Kim@dtaa.com,,20346,0
{U1V8-P9SO05AU-3708ZFMW},2010-02-15 13:19:56.0,HJK0496,Malachi.Jakeem.Rush@dtaa.com;Elvis.Hamilton.Sandoval@dtaa.com,,,Hector.Jonah.Kim@dtaa.com,,16890,1
{X9G9-W9NO66MH-2908ZEPO},2010-02-16 10:20:31.0,HJK0496,William.Vernon.Booth@dtaa.com,,,Hector.Jonah.Kim@dtaa.com,,47346,0
{K3T8-L5YP95GZ-8285IVSG},2010-02-16 13:57:12.0,HJK0496,Quyn.Tara.Patterson@dtaa.com;Xenos.Benjamin.Byers@dtaa.com,,,Hector.Jonah.Kim@dtaa.com,,22780,1
{U2Y7-R3TU57DD-1591UYWF},2010-02-16 16:21:46.0,HJK0496,Davis.Gareth.Cote@dtaa.com;Jena.Karleigh.Fuentes@sbcglobal.net,,,Hector.Jonah.Kim@dtaa.com,,40716,1
{B5L5-N1IF67RM-8378AGOP},2010-02-17 10:04:56.0,HJK0496,Ferdinand.Leonard.Roth@dtaa.com;Molly.Eliana.Suarez@dtaa.com;Davis.Gareth.Cote@dtaa.com,,,Hector.Jonah.Kim@dtaa.com,,32904,3
{O2D9-W2NV15TC-1115JKGW},2010-02-17 13:30:55.0,HJK0496,William.Vernon.Booth@dtaa.com,,,Hector.Jonah.Kim@dtaa.com,,62134,1
{Q5V7-V0TP93AM-9625QRHV},2010-02-18 15:57:06.0,HJK0496,Jena.Karleigh.Fuentes@sbcglobal.net,,,Hector.Jonah.Kim@dtaa.com,,25210,0
{O0W6-P7HV38KV-6616MWSU},2010-02-19 09:38:53.0,HJK0496,Malachi.Jakeem.Rush@dtaa.com,,,Hector.Jonah.Kim@dtaa.com,,29523,1
{O3L5-N5JR97UB-0366FUYE},2010-02-19 18:17:15.0,HJK0496,Sybill.Mercedes.Golden@dtaa.com;Molly.Eliana.Suarez@dtaa.com;Jena.Karleigh.Fuentes@sbcglobal.net,,,Hector.Jonah.Kim@dtaa.com,,36441,5
{R2D1-K0HK38HR-9860ZEYO},2010-02-22 17:14:10.0,HJK0496,Raja.Holmes.Tyler@dtaa.com;Bruce.Keegan.Durham@msn.com,,,Hector.Jonah.Kim@dtaa.com,,35007,0
{O7K8-G6NI82SZ-0075HIOM},2010-02-22 17:58:01.0,HJK0496,Jena.Karleigh.Fuentes@sbcglobal.net,,,Hector.Jonah.Kim@dtaa.com,,23255,2
{W7Q9-F4AU97UT-6081DDBJ},2010-02-22 18:15:41.0,HJK0496,Ayanna.Yolanda.Nielsen@dtaa.com;Jena.Karleigh.Fuentes@sbcglobal.net,,,Hector.Jonah.Kim@dtaa.com,,21883,0
{D5Y2-D8NT64MN-4800VJKV},2010-02-23 09:12:49.0,HJK0496,Candice.Maxine.Stone@verizon.net,,,Hector.Jonah.Kim@dtaa.com,,25974,0
{N7W0-G8ND00ZW-8668HRKH},2010-02-23 10:35:00.0,HJK0496,Miranda.Natalie.Tate@dtaa.com,,,Hector.Jonah.Kim@dtaa.com,,32386,1
{H6N4-E3HP72MU-8347XPAL},2010-02-23 12:44:03.0,HJK0496,Callie.Emerald.Jordan@dtaa.com,,,Hector.Jonah.Kim@dtaa.com,,19972,2
{O6J1-U4QM94PH-9295UCKH},2010-02-24 12:00:13.0,HJK0496,Malachi.Jakeem.Rush@dtaa.com,,,Hector.Jonah.Kim@dtaa.com,,34177,0
{D9V0-V3XL05ZM-9100QOML},2010-02-24 16:55:31.0,HJK0496,Jena.Karleigh.Fuentes@sbcglobal.net,,,Hector.Jonah.Kim@dtaa.com,,17217,7
{S9A4-O2FW06FP-9368NMVR},2010-02-24 17:16:18.0,HJK0496,Bruce.Keegan.Durham@msn.com,,,Hector.Jonah.Kim@dtaa.com,,27753,2
{I7P1-Q6CX59NZ-6741AKCO},2010-02-25 11:17:26.0,HJK0496,Jena.Karleigh.Fuentes@sbcglobal.net,,,Hector.Jonah.Kim@dtaa.com,,19193,0
{U3K4-U9NE50NA-1404FHDS},2010-02-25 12:16:56.0,HJK0496,Davis.Gareth.Cote@dtaa.com,,,Hector.Jonah.Kim@dtaa.com,,31758,0
{W7I7-O1AX18ID-2999KKDZ},2010-02-25 15:58:18.0,HJK0496,Jack.Dexter.Hester@dtaa.com,,,Hector.Jonah.Kim@dtaa.com,,33509,0
{U0V2-I9KA32QK-3865FDOX},2010-02-26 18:22:57.0,HJK0496,Ferdinand.Leonard.Roth@dtaa.com,,,Hector.Jonah.Kim@dtaa.com,,24574,2
{V1C5-Z0OX70OJ-5892UXKL},2010-02-26 18:54:03.0,HJK0496,Shellie.Medge.Jefferson@dtaa.com;William.Vernon.Booth@dtaa.com;Quyn.Tara.Patterson@dtaa.com;Cheryl.Iliana.Snyder@gmail.com,,,Hector.Jonah.Kim@dtaa.com,,27478,1
{B1O1-C2QN52HE-0209YYGZ},2010-03-01 10:00:33.0,HJK0496,Sybill.Savannah.Ellis@dtaa.com,,,Hector.Jonah.Kim@dtaa.com,,26298,0
{W5M8-H7RS04BU-0275JAMT},2010-03-01 16:12:25.0,HJK0496,William.Vernon.Booth@dtaa.com,,,Hector.Jonah.Kim@dtaa.com,,22854,1
{O4P8-P7LM26IL-6117FHSP},2010-03-02 11:42:29.0,HJK0496,Sybill.Mercedes.Golden@dtaa.com;Jena.Karleigh.Fuentes@sbcglobal.net,,,Hector.Jonah.Kim@dtaa.com,,34307,4
{W7S8-D3PG16PG-2054VZSQ},2010-03-03 10:51:41.0,HJK0496,Molly.Eliana.Suarez@dtaa.com;Cheryl.Iliana.Snyder@gmail.com,,,Hector.Jonah.Kim@dtaa.com,,17414,1
{J0I0-G5TH83GM-9084KUNX},2010-03-03 19:09:17.0,HJK0496,Bruce.Keegan.Durham@msn.com,,,Hector.Jonah.Kim@dtaa.com,,37937,2
{A9L8-C3AX50TQ-9960MGKL},2010-03-04 16:13:44.0,HJK0496,Molly.Eliana.Suarez@dtaa.com,,,Hector.Jonah.Kim@dtaa.com,,40041,0
{E7J2-A7UQ51FM-2537LHKZ},2010-03-04 17:46:18.0,HJK0496,Cheryl.Iliana.Snyder@gmail.com,,,Hector.Jonah.Kim@dtaa.com,,20698,3
{A1T8-E1PC12MB-4332JLSS},2010-03-05 09:33:03.0,HJK0496,Arden.Chaim.Cohen@dtaa.com,,,Hector.Jonah.Kim@dtaa.com,,37538,0
{K8G2-A9BV03LD-0394DNEW},2010-03-05 15:58:34.0,HJK0496,Bruce.Keegan.Durham@msn.com,,,Hector.Jonah.Kim@dtaa.com,,37402,0
{N0U1-I7MF17PJ-3171SLMZ},2010-03-08 11:42:00.0,HJK0496,Ferdinand.Leonard.Roth@dtaa.com,,,Hector.Jonah.Kim@dtaa.com,,26855,0
{A9C9-J9FD04NY-0003VPNQ},2010-03-08 15:00:58.0,HJK0496,Elvis.Hamilton.Sandoval@dtaa.com;Abigail.Brianna.Terrell@dtaa.com;Molly.Eliana.Suarez@dtaa.com;Jena.Karleigh.Fuentes@sbcglobal.net,,,Hector.Jonah.Kim@dtaa.com,,25585,0
{F9U5-F5JZ69SU-8613NZAT},2010-03-08 16:08:38.0,HJK0496,Cheryl.Iliana.Snyder@gmail.com,,,Hector.Jonah.Kim@dtaa.com,,30575,0
{V4I3-W2UC29XA-9726EDLM},2010-03-09 10:36:45.0,HJK0496,Shellie.Medge.Jefferson@dtaa.com,,,Hector.Jonah.Kim@dtaa.com,,37311,1
{R0K5-T7SF14CM-5205JVKO},2010-03-09 12:31:53.0,HJK0496,Cadman.Hop.Hayes@dtaa.com,,,Hector.Jonah.Kim@dtaa.com,,32013,1
{G3V2-K3GY47IZ-6369GZRV},2010-03-09 15:50:38.0,HJK0496,Ayanna.Yolanda.Nielsen@dtaa.com,,,Hector.Jonah.Kim@dtaa.com,,43058,0
{U2S0-P3MK50PG-5439YDSR},2010-03-10 10:53:44.0,HJK0496,Ferdinand.Leonard.Roth@dtaa.com,,,Hector.Jonah.Kim@dtaa.com,,27293,0
{K1U9-G1KN94OC-6681VCNY},2010-03-10 16:08:22.0,HJK0496,Bruce.Keegan.Durham@msn.com,,,Hector.Jonah.Kim@dtaa.com,,33229,0
{G7K0-V0RE29KY-4583CWIJ},2010-03-10 17:40:10.0,HJK0496,Ferdinand.Leonard.Roth@dtaa.com,,,Hector.Jonah.Kim@dtaa.com,,37040,0
{G7L7-S3RD56XK-1804RVVN},2010-03-11 12:48:40.0,HJK0496,Ferdinand.Leonard.Roth@dtaa.com;Jena.Karleigh.Fuentes@sbcglobal.net,,,Hector.Jonah.Kim@dtaa.com,,31060,1
{P3I3-C0YW06HF-3696DOOY},2010-03-12 13:09:21.0,HJK0496,Cyrus.Jin.Park@dtaa.com,,,Hector.Jonah.Kim@dtaa.com,,29953,0
{K9G4-S0JP32DW-4636SCGZ},2010-03-12 15:47:28.0,HJK0496,Molly.Eliana.Suarez@dtaa.com;Ayanna.Yolanda.Nielsen@dtaa.com,,,Hector.Jonah.Kim@dtaa.com,,28089,4
{T4Q5-I8BQ98RI-0941LQEJ},2010-03-15 13:27:31.0,HJK0496,Abigail.Brianna.Terrell@dtaa.com,,,Hector.Jonah.Kim@dtaa.com,,19918,0
{N6X5-B6TH83WI-8976WPBL},2010-03-16 14:33:10.0,HJK0496,Abigail.Brianna.Terrell@dtaa.com,,,Hector.Jonah.Kim@dtaa.com,,24745,2
{S4O0-R7UC36MG-2432HKUG},2010-03-16 18:54:16.0,HJK0496,Sybill.Mercedes.Golden@dtaa.com;Bruce.Keegan.Durham@msn.com,,,Hector.Jonah.Kim@dtaa.com,,14821,0
{I7H7-E7OS77CS-4425WTSH},2010-03-17 15:07:51.0,HJK0496,Elvis.Hamilton.Sandoval@dtaa.com,,,Hector.Jonah.Kim@dtaa.com,,31840,0
{Q5T2-E3ZZ20XA-2499YJRG},2010-03-17 17:20:43.0,HJK0496,William.Vernon.Booth@dtaa.com,,,Hector.Jonah.Kim@dtaa.com,,31146,0
{G1Z0-E5AW93ZS-9531YCLA},2010-03-18 10:23:07.0,HJK0496,Rhona.Aretha.Sykes@dtaa.com;Sybill.Mercedes.Golden@dtaa.com;Quyn.Tara.Patterson@dtaa.com,,,Hector.Jonah.Kim@dtaa.com,,26220,1
{D9L0-L5JK57RN-8205CZYD},2010-03-18 11:11:35.0,HJK0496,Molly.Eliana.Suarez@dtaa.com,,,Hector.Jonah.Kim@dtaa.com,,34655,3
{Z7Q6-X2MF31BM-2897XCPO},2010-03-18 14:05:01.0,HJK0496,Quyn.Tara.Patterson@dtaa.com,,,Hector.Jonah.Kim@dtaa.com,,34639,0
{Y5C4-F1SX90UX-3903FANO},2010-03-19 10:16:50.0,HJK0496,Kane.Julian.Burgess@dtaa.com,,,Hector.Jonah.Kim@dtaa.com,,32413,0
{P1K4-W6GJ43EK-4771NAQP},2010-03-19 14:53:59.0,HJK0496,Sybill.Mercedes.Golden@dtaa.com,,,Hector.Jonah.Kim@dtaa.com,,28675,0
{I8R4-A6NY79UE-1703OVBG},2010-03-19 17:34:23.0,HJK0496,Elvis.Hamilton.Sandoval@dtaa.com;Davis.Gareth.Cote@dtaa.com,,,Hector.Jonah.Kim@dtaa.com,,30888,2
{N7F9-O0SB75SA-5212BUYP},2010-03-22 12:37:46.0,HJK0496,Abigail.Brianna.Terrell@dtaa.com,,,Hector.Jonah.Kim@dtaa.com,,10856,0
{J1L2-H5AC41FY-3530KHZL},2010-03-23 12:11:28.0,HJK0496,Molly.Eliana.Suarez@dtaa.com,,,Hector.Jonah.Kim@dtaa.com,,21998,0
{W9P2-Z7NC91CJ-0792ZBDR},2010-03-23 14:27:39.0,HJK0496,William.Vernon.Booth@dtaa.com,,,Hector.Jonah.Kim@dtaa.com,,29161,2
{G9N8-U0CN04SI-4691HUSI},2010-03-23 18:51:17.0,HJK0496,Shellie.Medge.Jefferson@dtaa.com,,,Hector.Jonah.Kim@dtaa.com,,47668,0
{W5I7-R6TV84MZ-6844ETOW},2010-03-24 13:39:48.0,HJK0496,Cheryl.Iliana.Snyder@gmail.com,,,Hector.Jonah.Kim@dtaa.com,,63728,0
{U4Z6-B8SB37YX-0853NDGS},2010-03-24 15:29:48.0,HJK0496,William.Vernon.Booth@dtaa.com,,,Hector.Jonah.Kim@dtaa.com,,55292,0
{R4P1-U7PR19XX-3028XXXV},2010-03-24 15:37:36.0,HJK0496,Quyn.Tara.Patterson@dtaa.com;Wallace.Mannix.Deleon@dtaa.com,,,Hector.Jonah.Kim@dtaa.com,,48166,0
{W6I5-F0CZ76YO-0229KBOZ},2010-03-25 13:05:39.0,HJK0496,Bruce.Keegan.Durham@msn.com,,,Hector.Jonah.Kim@dtaa.com,,24184,1
{U5W0-X4LE48LQ-8476YMAN},2010-03-25 18:26:15.0,HJK0496,William.Vernon.Booth@dtaa.com,,,Hector.Jonah.Kim@dtaa.com,,19113,0
{J5X8-L6BF67VF-7312INSB},2010-03-26 12:21:40.0,HJK0496,William.Vernon.Booth@dtaa.com,,,Hector.Jonah.Kim@dtaa.com,,26301,5
{O8I3-O2LE30YE-9582KPRE},2010-03-26 13:35:06.0,HJK0496,Hanae.Kiayada.Holder@dtaa.com,,,Hector.Jonah.Kim@dtaa.com,,12369,0
{J3H6-O8NY11VR-8773TVUX},2010-03-26 13:36:35.0,HJK0496,Kai.Susan.Chaney@dtaa.com;Elvis.Hamilton.Sandoval@dtaa.com,,,Hector.Jonah.Kim@dtaa.com,,24372,0
{S6B8-L9QW17VG-7154QGWC},2010-03-29 14:35:56.0,HJK0496,Uriel.Kermit.Wall@dtaa.com;Davis.Gareth.Cote@dtaa.com,,,Hector.Jonah.Kim@dtaa.com,,20604,1
{I8V2-W1AH22VG-2774CXBN},2010-03-29 14:43:24.0,HJK0496,Malachi.Jakeem.Rush@dtaa.com,,,Hector.Jonah.Kim@dtaa.com,,28457,0
{X7M7-S6NR34TT-0222BFAV},2010-03-29 16:57:34.0,HJK0496,Davis.Gareth.Cote@dtaa.com,,,Hector.Jonah.Kim@dtaa.com,,31407,2
{G8Q2-N4IY86AY-0389KFTN},2010-03-30 17:54:40.0,HJK0496,Molly.Eliana.Suarez@dtaa.com,,,Hector.Jonah.Kim@dtaa.com,,21310,0
{A5N3-L4UB50VU-9705HGFI},2010-03-30 18:28:34.0,HJK0496,Elvis.Hamilton.Sandoval@dtaa.com,,,Hector.Jonah.Kim@dtaa.com,,32058,0
{C8H9-K5BN46OY-0392GGNB},2010-03-30 19:13:42.0,HJK0496,Kane.Julian.Burgess@dtaa.com,,,Hector.Jonah.Kim@dtaa.com,,27722,0
{G9P5-V1HR99GB-6821RSCY},2010-03-31 09:47:00.0,HJK0496,Bruce.Keegan.Durham@msn.com,,,Hector.Jonah.Kim@dtaa.com,,20389,2
{S9V0-X1VS47UF-2478FUHM},2010-03-31 12:34:53.0,HJK0496,William.Vernon.Booth@dtaa.com;Kane.Julian.Burgess@dtaa.com;Bruce.Keegan.Durham@msn.com,,,Hector.Jonah.Kim@dtaa.com,,21657,1
{E2N4-Z0IU42AH-6901GNMT},2010-03-31 13:14:45.0,HJK0496,Ayanna.Yolanda.Nielsen@dtaa.com;Kenyon.Arthur.Kent@dtaa.com,,,Hector.Jonah.Kim@dtaa.com,,26884,1
{V0S4-W4RS27RS-8288MKLY},2010-04-01 10:09:50.0,HJK0496,Abigail.Brianna.Terrell@dtaa.com,,,Hector.Jonah.Kim@dtaa.com,,50075,0
{L5O1-U0CY38BI-5226VGLD},2010-04-01 10:31:41.0,HJK0496,Shellie.Medge.Jefferson@dtaa.com;Howard.Connor.Sutton@dtaa.com;Merritt.Abbot.Salinas@dtaa.com,,,Hector.Jonah.Kim@dtaa.com,,43674,5
{Z9Z2-D0RP20ZC-6449IQVY},2010-04-05 12:13:33.0,HJK0496,Merritt.Abbot.Salinas@dtaa.com;Kane.Julian.Burgess@dtaa.com,,,Hector.Jonah.Kim@dtaa.com,,30668,1
{M4W8-W3GN24XY-6072YELR},2010-04-07 10:44:12.0,HJK0496,Sybill.Mercedes.Golden@dtaa.com;William.Vernon.Booth@dtaa.com;Cynthia.Cheyenne.Melton@dtaa.com,,,Hector.Jonah.Kim@dtaa.com,,37239,5
{K5Z3-S4BY18CM-3474DTJB},2010-04-07 10:47:42.0,HJK0496,Abigail.Brianna.Terrell@dtaa.com;Jena.Karleigh.Fuentes@sbcglobal.net,,,Hector.Jonah.Kim@dtaa.com,,29385,1
{O2C3-J3PE41TO-5709IWIO},2010-04-07 17:12:41.0,HJK0496,Abigail.Brianna.Terrell@dtaa.com,,,Hector.Jonah.Kim@dtaa.com,,20319,1
{I6C9-Q3DH78GR-1136AXID},2010-04-08 14:20:38.0,HJK0496,Tanek.Zeph.Dorsey@dtaa.com,,,Hector.Jonah.Kim@dtaa.com,,27322,1
{Q3Y8-M0OF51LO-8620ZZTU},2010-04-08 14:35:46.0,HJK0496,Malachi.Jakeem.Rush@dtaa.com;Quyn.Tara.Patterson@dtaa.com,,,Hector.Jonah.Kim@dtaa.com,,24283,1
{B7D2-G0CA23CB-9657FJJX},2010-04-08 19:00:38.0,HJK0496,Abigail.Brianna.Terrell@dtaa.com,,,Hector.Jonah.Kim@dtaa.com,,20975,1
{K9D9-L8TI89JC-6321XXVB},2010-04-09 14:34:07.0,HJK0496,Quyn.Tara.Patterson@dtaa.com;Quon.Rana.Flynn@dtaa.com;Kane.Julian.Burgess@dtaa.com,,,Hector.Jonah.Kim@dtaa.com,,14144,1
{L8I5-B7BW42TE-8667POET},2010-04-09 18:27:55.0,HJK0496,Bruce.Keegan.Durham@msn.com,,,Hector.Jonah.Kim@dtaa.com,,29570,0
{V1Z5-X4GC15TK-0161JGEV},2010-04-12 11:30:26.0,HJK0496,Quyn.Tara.Patterson@dtaa.com,,,Hector.Jonah.Kim@dtaa.com,,24548,3
{K9G0-Q6BY48OV-1838AEWT},2010-04-12 17:14:28.0,HJK0496,Sybill.Mercedes.Golden@dtaa.com,,,Hector.Jonah.Kim@dtaa.com,,22711,2
{W8L1-K3CO80VP-8189YUEQ},2010-04-13 18:53:38.0,HJK0496,Abigail.Brianna.Terrell@dtaa.com;Jena.Karleigh.Fuentes@sbcglobal.net,,,Hector.Jonah.Kim@dtaa.com,,24174,2
{U3Y2-P5ED61ZK-8807HFHB},2010-04-14 17:14:18.0,HJK0496,Molly.Eliana.Suarez@dtaa.com;Davis.Gareth.Cote@dtaa.com;Sybill.Mercedes.Golden@dtaa.com;Merritt.Abbot.Salinas@dtaa.com,,,Hector.Jonah.Kim@dtaa.com,,42569,1
{O3Q7-O0IL95RS-4678PFXJ},2010-04-14 18:56:36.0,HJK0496,Alexis.Wanda.Conway@juno.com,,,Hector.Jonah.Kim@dtaa.com,,24167,0
{Y4X5-G3IO03FZ-7623YQOD},2010-04-15 12:51:38.0,HJK0496,Davis.Gareth.Cote@dtaa.com;Shellie.Medge.Jefferson@dtaa.com;Bruce.Keegan.Durham@msn.com,,,Hector.Jonah.Kim@dtaa.com,,21577,4
{V6I7-O2PB21XX-8973JKPV},2010-04-15 15:40:02.0,HJK0496,Donna.Carissa.Herrera@dtaa.com;Molly.Eliana.Suarez@dtaa.com,,,Hector.Jonah.Kim@dtaa.com,,38348,1
{M7L5-E8CN92AO-2022BPBQ},2010-04-16 12:38:48.0,HJK0496,Cheryl.Iliana.Snyder@gmail.com,,,Hector.Jonah.Kim@dtaa.com,,27774,8
{T0W7-E9CV21JS-6693OLHA},2010-04-16 18:13:02.0,HJK0496,Abigail.Brianna.Terrell@dtaa.com;Jena.Karleigh.Fuentes@sbcglobal.net,,,Hector.Jonah.Kim@dtaa.com,,28463,2
{W7U4-W7OR78ND-7113GNLU},2010-04-16 18:54:30.0,HJK0496,Abigail.Brianna.Terrell@dtaa.com,,,Hector.Jonah.Kim@dtaa.com,,33291,0
{Y0Z7-E3MR55TY-1277MGDT},2010-04-19 10:06:22.0,HJK0496,Ayanna.Yolanda.Nielsen@dtaa.com;Molly.Eliana.Suarez@dtaa.com,,,Hector.Jonah.Kim@dtaa.com,,24647,1
{C3J0-N0BV56EK-3435NEGC},2010-04-19 14:26:56.0,HJK0496,Malachi.Jakeem.Rush@dtaa.com,,,Hector.Jonah.Kim@dtaa.com,,36034,2
{G0M1-O4LQ84YV-6073ILPU},2010-04-20 09:26:54.0,HJK0496,William.Vernon.Booth@dtaa.com,,,Hector.Jonah.Kim@dtaa.com,,29253,0
{G8A4-R6UO38AG-7673ILPO},2010-04-20 18:24:57.0,HJK0496,Kane.Julian.Burgess@dtaa.com;Mollie.Jemima.Roth@dtaa.com,,,Hector.Jonah.Kim@dtaa.com,,16388,2
{R3W3-S3FR59IQ-9115HJYW},2010-04-21 11:55:29.0,HJK0496,William.Vernon.Booth@dtaa.com;Kane.Julian.Burgess@dtaa.com,,,Hector.Jonah.Kim@dtaa.com,,23876,0
{G2H9-T4VV66EM-2365EVAG},2010-04-21 13:07:54.0,HJK0496,Kane.Julian.Burgess@dtaa.com,,,Hector.Jonah.Kim@dtaa.com,,46687,0
{U1O7-H2CQ28HM-9011QWZT},2010-04-21 19:04:22.0,HJK0496,Elvis.Hamilton.Sandoval@dtaa.com,,,Hector.Jonah.Kim@dtaa.com,,31638,5
{L2T5-P1LQ17KH-5438RLJG},2010-04-22 16:19:39.0,HJK0496,Kane.Julian.Burgess@dtaa.com,,,Hector.Jonah.Kim@dtaa.com,,30393,0
{R5C3-R9VX90VV-6940JATR},2010-04-22 17:13:39.0,HJK0496,Ferdinand.Leonard.Roth@dtaa.com;Zachery.Ashton.Stewart@dtaa.com,,,Hector.Jonah.Kim@dtaa.com,,12127,1
{T0S8-B3LL57LG-8493AITZ},2010-04-23 10:28:33.0,HJK0496,Malachi.Jakeem.Rush@dtaa.com;Ayanna.Yolanda.Nielsen@dtaa.com,,,Hector.Jonah.Kim@dtaa.com,,19819,2
{O7U2-M4VD56XF-2018CQGA},2010-04-23 12:21:21.0,HJK0496,Elvis.Hamilton.Sandoval@dtaa.com;Ayanna.Yolanda.Nielsen@dtaa.com;Griffin.Ishmael.Moore@dtaa.com,,,Hector.Jonah.Kim@dtaa.com,,45694,2
{N4I1-D2QX55PW-8816AWHV},2010-04-23 18:47:06.0,HJK0496,Quyn.Tara.Patterson@dtaa.com,,,Hector.Jonah.Kim@dtaa.com,,18669,0
{S6T5-J8WD64FY-2110XOZY},2010-04-26 14:08:30.0,HJK0496,William.Vernon.Booth@dtaa.com,,,Hector.Jonah.Kim@dtaa.com,,20802,4
{L2V9-C4GF04DB-4161TOUY},2010-04-26 16:21:43.0,HJK0496,Ayanna.Yolanda.Nielsen@dtaa.com,,,Hector.Jonah.Kim@dtaa.com,,45938,0
{V4V6-B6GM43IC-8021KSQO},2010-04-27 13:22:34.0,HJK0496,Kane.Julian.Burgess@dtaa.com;Shellie.Medge.Jefferson@dtaa.com;Jena.Karleigh.Fuentes@sbcglobal.net,,,Hector.Jonah.Kim@dtaa.com,,23877,1
{C1J7-P2LW39XD-1896CGGS},2010-04-27 16:55:10.0,HJK0496,Shellie.Medge.Jefferson@dtaa.com,,,Hector.Jonah.Kim@dtaa.com,,15647,0
{R4P1-R9IW48CF-8389AUAJ},2010-04-28 13:41:05.0,HJK0496,Quyn.Tara.Patterson@dtaa.com,,,Hector.Jonah.Kim@dtaa.com,,31497,0
{G5B9-Q2JA02RV-8285GKIE},2010-04-28 18:08:43.0,HJK0496,Neil.Leonard.Rosales@dtaa.com,,,Hector.Jonah.Kim@dtaa.com,,22074,0
{O0I5-I1TC88SQ-2047FZZQ},2010-04-29 09:11:37.0,HJK0496,William.Vernon.Booth@dtaa.com;Ayanna.Yolanda.Nielsen@dtaa.com,,,Hector.Jonah.Kim@dtaa.com,,49286,2
{L5T2-D6XY19LA-1922BTYX},2010-04-29 13:37:05.0,HJK0496,Abigail.Brianna.Terrell@dtaa.com,,,Hector.Jonah.Kim@dtaa.com,,21249,0
{J6F5-L5HR41FG-8814TRRI},2010-04-29 18:23:44.0,HJK0496,Ayanna.Yolanda.Nielsen@dtaa.com,,,Hector.Jonah.Kim@dtaa.com,,50530,0
{K5A9-G0QI56CF-1597WLLA},2010-04-30 13:03:17.0,HJK0496,Sybill.Mercedes.Golden@dtaa.com,,,Hector.Jonah.Kim@dtaa.com,,37455,0
{Q7I8-O7KK09DA-3308MQRP},2010-05-03 11:34:17.0,HJK0496,Malachi.Jakeem.Rush@dtaa.com,,,Hector.Jonah.Kim@dtaa.com,,32597,0
{F9E1-H6VA74SF-9918OUET},2010-05-03 12:50:52.0,HJK0496,Bruce.Keegan.Durham@msn.com,,,Hector.Jonah.Kim@dtaa.com,,32836,0
{X0X0-X0IQ08AO-3047NFZU},2010-05-03 19:27:48.0,HJK0496,Abigail.Brianna.Terrell@dtaa.com,,,Hector.Jonah.Kim@dtaa.com,,22447,0
{Q7A1-U2BG87YA-4210DIRZ},2010-05-04 11:38:20.0,HJK0496,Kane.Julian.Burgess@dtaa.com,,,Hector.Jonah.Kim@dtaa.com,,20027,0
{P0U7-H0YN67FO-4034VWTR},2010-05-04 12:54:17.0,HJK0496,Sybill.Mercedes.Golden@dtaa.com;Kane.Julian.Burgess@dtaa.com,,,Hector.Jonah.Kim@dtaa.com,,13805,2
{E3E6-A3OL99DU-7410SYCW},2010-05-04 16:45:09.0,HJK0496,Malachi.Jakeem.Rush@dtaa.com,,,Hector.Jonah.Kim@dtaa.com,,31299,0
{V6Z3-U9OV36PG-7761FYOT},2010-05-05 13:40:26.0,HJK0496,Elvis.Hamilton.Sandoval@dtaa.com,,,Hector.Jonah.Kim@dtaa.com,,17409,0
{R7W0-K5TN07YA-2335ENXW},2010-05-05 13:59:40.0,HJK0496,Jena.Karleigh.Fuentes@sbcglobal.net,,,Hector.Jonah.Kim@dtaa.com,,31061,0
{O1U5-S1DV30PB-0644DVOS},2010-05-05 15:05:05.0,HJK0496,Shellie.Medge.Jefferson@dtaa.com,,,Hector.Jonah.Kim@dtaa.com,,46716,0
{D4D9-X7XH33KH-4472RBLM},2010-05-06 10:34:11.0,HJK0496,Joshua.Jamal.Bowen@dtaa.com,,,Hector.Jonah.Kim@dtaa.com,,28666,0
{R9S5-X3BB49DL-0224XUST},2010-05-06 10:44:35.0,HJK0496,Davis.Gareth.Cote@dtaa.com;Malachi.Jakeem.Rush@dtaa.com,,,Hector.Jonah.Kim@dtaa.com,,37228,0
{U1Y3-U2NH81PC-3274YYDC},2010-05-06 15:09:56.0,HJK0496,Nyssa.Zephr.Tyler@dtaa.com;Molly.Eliana.Suarez@dtaa.com,,,Hector.Jonah.Kim@dtaa.com,,20692,3
{P6G1-O0YR12PV-2984COAU},2010-05-07 11:31:32.0,HJK0496,Ayanna.Yolanda.Nielsen@dtaa.com;Kane.Julian.Burgess@dtaa.com,,,Hector.Jonah.Kim@dtaa.com,,22123,0
{G4T1-O7MK37GM-7533OQQP},2010-05-07 16:55:50.0,HJK0496,Jena.Karleigh.Fuentes@sbcglobal.net,,,Hector.Jonah.Kim@dtaa.com,,27835,0
{G4G3-Q8BY02TO-2505NEVY},2010-05-11 12:19:39.0,HJK0496,Cheryl.Iliana.Snyder@gmail.com,,,Hector.Jonah.Kim@dtaa.com,,25665,1
{R8H3-V2OB88FF-0253VYKP},2010-05-12 12:06:37.0,HJK0496,Kane.Julian.Burgess@dtaa.com;Ferdinand.Leonard.Roth@dtaa.com;Quyn.Tara.Patterson@dtaa.com,,,Hector.Jonah.Kim@dtaa.com,,29188,5
{B1T9-X9DO61VI-4694AFRE},2010-05-12 13:06:01.0,HJK0496,Calvin.Asher.Nguyen@dtaa.com;Merritt.Abbot.Salinas@dtaa.com;Bruce.Keegan.Durham@msn.com,,,Hector.Jonah.Kim@dtaa.com,,19407,0
{O7Q2-R1PS00VT-2992QLPI},2010-05-12 16:42:53.0,HJK0496,William.Vernon.Booth@dtaa.com,,,Hector.Jonah.Kim@dtaa.com,,28605,0
{U2Y8-O8OZ71LO-4360RMWM},2010-05-13 11:32:32.0,HJK0496,Nelle.Jade.Mcdowell@dtaa.com,,,Hector.Jonah.Kim@dtaa.com,,25490,3
{S9O1-T8IV45KY-2212NNSE},2010-05-13 11:54:12.0,HJK0496,William.Vernon.Booth@dtaa.com,,,Hector.Jonah.Kim@dtaa.com,,29002,4
{T0N3-O5DQ46IK-0103DEDQ},2010-05-13 15:05:01.0,HJK0496,Jena.Karleigh.Fuentes@sbcglobal.net,,,Hector.Jonah.Kim@dtaa.com,,21057,0
{I6F1-Z2XS33NV-3158ASRK},2010-05-14 11:31:42.0,HJK0496,Chiquita.Fallon.Burris@dtaa.com,,,Hector.Jonah.Kim@dtaa.com,,18672,0
{J7J3-B0YU77IP-3280XPFG},2010-05-14 16:24:55.0,HJK0496,Merritt.Abbot.Salinas@dtaa.com,,,Hector.Jonah.Kim@dtaa.com,,28516,1
{H6P7-F6AR00LN-6138JMNY},2010-05-14 17:04:03.0,HJK0496,Quyn.Tara.Patterson@dtaa.com,,,Hector.Jonah.Kim@dtaa.com,,33887,0
{Y8N3-S4HH67TC-5765VEYQ},2010-05-17 09:31:56.0,HJK0496,Kelsie.Mia.Humphrey@dtaa.com,,,Hector.Jonah.Kim@dtaa.com,,24405,0
{Z4H7-F2OA25ZK-5643XGTX},2010-05-17 09:35:18.0,HJK0496,Molly.Eliana.Suarez@dtaa.com,,,Hector.Jonah.Kim@dtaa.com,,19868,0
{E4W5-X8SH85EG-1246EUDI},2010-05-17 13:59:12.0,HJK0496,Quyn.Tara.Patterson@dtaa.com;Elvis.Hamilton.Sandoval@dtaa.com,,,Hector.Jonah.Kim@dtaa.com,,20767,2
{O7Z8-A0AC78XG-8548QVYJ},2010-05-18 18:21:51.0,HJK0496,Ferdinand.Leonard.Roth@dtaa.com,,,Hector.Jonah.Kim@dtaa.com,,28294,3
{T4H8-Z4RA90RZ-5469ZWKQ},2010-05-19 15:55:05.0,HJK0496,Ferdinand.Leonard.Roth@dtaa.com,,,Hector.Jonah.Kim@dtaa.com,,38596,0
{O2E3-F9HD55KG-4344CYGJ},2010-05-19 18:45:14.0,HJK0496,Ferdinand.Leonard.Roth@dtaa.com,,,Hector.Jonah.Kim@dtaa.com,,28739,1
{C8J6-M3NU96AG-4777JDWO},2010-05-20 11:50:18.0,HJK0496,Shellie.Medge.Jefferson@dtaa.com,,,Hector.Jonah.Kim@dtaa.com,,37737,0
{K7W6-S9FJ97LY-8458VIEM},2010-05-20 15:58:43.0,HJK0496,Robert.Harrison.Richard@dtaa.com,,,Hector.Jonah.Kim@dtaa.com,,40161,0
{P5T9-P2UI92KL-8087LJKB},2010-05-20 17:26:55.0,HJK0496,Quyn.Tara.Patterson@dtaa.com;Sybill.Mercedes.Golden@dtaa.com,,,Hector.Jonah.Kim@dtaa.com,,34555,1
{K2O6-U4KF54XU-4949YWTK},2010-05-21 16:24:20.0,HJK0496,Jena.Karleigh.Fuentes@sbcglobal.net;Bruce.Keegan.Durham@msn.com,,,Hector.Jonah.Kim@dtaa.com,,42005,1
{I3C4-X9DC50FA-1376HTDF},2010-05-24 18:29:05.0,HJK0496,Davis.Gareth.Cote@dtaa.com,,,Hector.Jonah.Kim@dtaa.com,,26036,0
{K9M9-J5BB08VP-2962XUMN},2010-05-25 11:19:06.0,HJK0496,Micah.Lyle.Sloan@dtaa.com,,,Hector.Jonah.Kim@dtaa.com,,37811,1
{V8P5-V7AE28LU-9760KXDO},2010-05-26 16:31:53.0,HJK0496,Calvin.Asher.Nguyen@dtaa.com;Sybill.Mercedes.Golden@dtaa.com;Jena.Karleigh.Fuentes@sbcglobal.net,,,Hector.Jonah.Kim@dtaa.com,,18520,1
{O9C6-D3ZP32AK-2997SCJW},2010-05-26 18:10:24.0,HJK0496,Merritt.Abbot.Salinas@dtaa.com,,,Hector.Jonah.Kim@dtaa.com,,22208,0
{S7G0-D7UI81NG-7084QCFZ},2010-05-27 09:52:47.0,HJK0496,Shellie.Medge.Jefferson@dtaa.com,,,Hector.Jonah.Kim@dtaa.com,,50878,0
{W8V5-O1OO54GA-8611DOKP},2010-05-27 16:19:44.0,HJK0496,Merritt.Abbot.Salinas@dtaa.com,,,Hector.Jonah.Kim@dtaa.com,,29115,0
{C4Y9-B1PV40MN-0977YACM},2010-05-27 18:05:19.0,HJK0496,Jaquelyn.Rebekah.Valenzuela@dtaa.com,,,Hector.Jonah.Kim@dtaa.com,,22629,0
{A1B5-C4NK64EH-4109XJHP},2010-05-28 14:00:55.0,HJK0496,Shellie.Medge.Jefferson@dtaa.com,,,Hector.Jonah.Kim@dtaa.com,,35488,0
{Q0K6-P3ZK83HX-1603OZMI},2010-05-28 16:00:39.0,HJK0496,Davis.Gareth.Cote@dtaa.com;Merritt.Abbot.Salinas@dtaa.com,,,Hector.Jonah.Kim@dtaa.com,,23240,0
{M6I5-P2QJ27NE-0002XKSO},2010-05-28 17:59:14.0,HJK0496,Molly.Eliana.Suarez@dtaa.com;Kitra.Montana.Henderson@dtaa.com,,,Hector.Jonah.Kim@dtaa.com,,18573,0
{F3V8-R6DL42LD-8292SGTV},2010-06-01 10:47:29.0,HJK0496,Davis.Gareth.Cote@dtaa.com,,,Hector.Jonah.Kim@dtaa.com,,21752,0
{R6U7-A0HA37KS-9454EXTS},2010-06-01 15:03:05.0,HJK0496,Merritt.Abbot.Salinas@dtaa.com;Kane.Julian.Burgess@dtaa.com;Malachi.Jakeem.Rush@dtaa.com;Jena.Karleigh.Fuentes@sbcglobal.net,,,Hector.Jonah.Kim@dtaa.com,,15005,0
{H6T0-A8LI14QB-8080LAUL},2010-06-01 16:05:05.0,HJK0496,Kylynn.Charde.Ingram@hotmail.com,,,Hector.Jonah.Kim@dtaa.com,,59081,1
{F6E1-O3IN01JI-7566CLSM},2010-06-02 16:07:27.0,HJK0496,William.Vernon.Booth@dtaa.com,,,Hector.Jonah.Kim@dtaa.com,,18565,0
{R4N4-X1HN46ZW-0717IEOS},2010-06-02 17:59:18.0,HJK0496,Molly.Eliana.Suarez@dtaa.com,,,Hector.Jonah.Kim@dtaa.com,,20916,0
{C0Y9-Z9LQ94XP-2015MPKQ},2010-06-03 11:16:39.0,HJK0496,Abigail.Brianna.Terrell@dtaa.com,,,Hector.Jonah.Kim@dtaa.com,,32992,1
{A8R4-D3QY51DP-1051NXTA},2010-06-03 15:17:18.0,HJK0496,Jameson.William.Schultz@dtaa.com;Merritt.Abbot.Salinas@dtaa.com,,,Hector.Jonah.Kim@dtaa.com,,32171,1
{Q6W2-A7LT65MK-1841PJFT},2010-06-04 15:36:26.0,HJK0496,Davis.Gareth.Cote@dtaa.com,,,Hector.Jonah.Kim@dtaa.com,,19915,0
{L0X0-E7TB02HL-9532YOTF},2010-06-04 17:35:36.0,HJK0496,Allen.Garrison.Wright@dtaa.com;Abigail.Brianna.Terrell@dtaa.com,,,Hector.Jonah.Kim@dtaa.com,,29564,0
{U4B5-A7UC36JV-9689CGJN},2010-06-07 11:02:01.0,HJK0496,Davis.Gareth.Cote@dtaa.com,,,Hector.Jonah.Kim@dtaa.com,,31483,1
{X7E6-Z0QA97RZ-0878DMQL},2010-06-08 15:38:15.0,HJK0496,Ayanna.Yolanda.Nielsen@dtaa.com,,,Hector.Jonah.Kim@dtaa.com,,19078,0
{L9A8-S6NF57GW-9775IQTL},2010-06-09 14:35:23.0,HJK0496,Veronica.Alexa.David@dtaa.com,,,Hector.Jonah.Kim@dtaa.com,,27476,0
{W7B0-I4OP60QN-3639HVOF},2010-06-10 17:19:52.0,HJK0496,Malachi.Jakeem.Rush@dtaa.com;Kane.Julian.Burgess@dtaa.com,,,Hector.Jonah.Kim@dtaa.com,,37118,0
{N3S3-Y9BK46KZ-6190XYHQ},2010-06-11 10:24:23.0,HJK0496,Quyn.Tara.Patterson@dtaa.com,,,Hector.Jonah.Kim@dtaa.com,,29045,1
{J1N9-H2QM14KV-4734VGUX},2010-06-11 16:30:47.0,HJK0496,Merritt.Abbot.Salinas@dtaa.com,,,Hector.Jonah.Kim@dtaa.com,,34537,1
{F6A8-Q9PS99MZ-4246VPCE},2010-06-11 18:38:03.0,HJK0496,Shellie.Medge.Jefferson@dtaa.com,,,Hector.Jonah.Kim@dtaa.com,,45999,0
{P9K3-J3XA22ZA-7381GMPL},2010-06-14 12:55:40.0,HJK0496,Elvis.Hamilton.Sandoval@dtaa.com,,,Hector.Jonah.Kim@dtaa.com,,20496,0
{S7C9-Q5YV20ZQ-3612HKJS},2010-06-14 13:19:05.0,HJK0496,Merritt.Abbot.Salinas@dtaa.com,,,Hector.Jonah.Kim@dtaa.com,,16011,1
{G3Q7-Z7XR12TR-2172DQCB},2010-06-15 11:50:31.0,HJK0496,Elvis.Hamilton.Sandoval@dtaa.com,,,Hector.Jonah.Kim@dtaa.com,,28818,1
{Z5K2-Q8RT82FW-9666QCWW},2010-06-16 11:36:57.0,HJK0496,Abigail.Brianna.Terrell@dtaa.com,,,Hector.Jonah.Kim@dtaa.com,,32738,0
{L2P7-O2ZH52OB-2720AUVL},2010-06-16 17:04:09.0,HJK0496,Quyn.Tara.Patterson@dtaa.com,,,Hector.Jonah.Kim@dtaa.com,,22167,0
{O4D0-U9NT06VJ-4276LDVT},2010-06-16 17:44:39.0,HJK0496,William.Vernon.Booth@dtaa.com;Jena.Karleigh.Fuentes@sbcglobal.net,,,Hector.Jonah.Kim@dtaa.com,,29512,1
{I5T4-W5JB22AA-3278RRXM},2010-06-17 11:11:07.0,HJK0496,Karleigh.Gemma.Morales@dtaa.com;Jena.Karleigh.Fuentes@sbcglobal.net,,,Hector.Jonah.Kim@dtaa.com,,29828,1
{M5Y8-T8GR82ZX-3795AAQW},2010-06-17 16:08:09.0,HJK0496,Barclay.Adrian.Weiss@dtaa.com;Ayanna.Yolanda.Nielsen@dtaa.com;Merritt.Abbot.Salinas@dtaa.com,,,Hector.Jonah.Kim@dtaa.com,,33867,1
{R6B4-G9UM93OV-5566USSZ},2010-06-17 17:20:45.0,HJK0496,Drake.Ivan.Mejia@dtaa.com,,,Hector.Jonah.Kim@dtaa.com,,30923,0
{Q1W8-P6BS11XG-9095HVQE},2010-06-18 15:30:20.0,HJK0496,Bruce.Keegan.Durham@msn.com,,,Hector.Jonah.Kim@dtaa.com,,39110,1
{E5G9-G9GS24XW-1030GDMI},2010-06-21 11:00:40.0,HJK0496,Merritt.Abbot.Salinas@dtaa.com;Jena.Karleigh.Fuentes@sbcglobal.net,,,Hector.Jonah.Kim@dtaa.com,,25071,0
{X6H2-R9SC52AI-3115SHCV},2010-06-21 16:01:33.0,HJK0496,Kane.Julian.Burgess@dtaa.com;Jena.Karleigh.Fuentes@sbcglobal.net,,,Hector.Jonah.Kim@dtaa.com,,37835,0
{L5O6-Q7BL73JA-8625AFFI},2010-06-22 10:15:55.0,HJK0496,Sloane.John.Peters@dtaa.com,,,Hector.Jonah.Kim@dtaa.com,,30885,0
{E9F3-D6CY46IY-1722YSOK},2010-06-22 12:56:45.0,HJK0496,Shellie.Medge.Jefferson@dtaa.com;Malachi.Jakeem.Rush@dtaa.com,,,Hector.Jonah.Kim@dtaa.com,,40553,2
{B8K0-Y3GG48PR-7928RAXV},2010-06-22 15:50:52.0,HJK0496,Kiona.Alyssa.Gilmore@dtaa.com,,,Hector.Jonah.Kim@dtaa.com,,51044,1
{I9F1-V9AU30ZZ-3023KLHR},2010-06-23 10:15:22.0,HJK0496,Elvis.Hamilton.Sandoval@dtaa.com,,,Hector.Jonah.Kim@dtaa.com,,26552,0
{V0Q6-Z7RQ16LN-9235HLPZ},2010-06-23 19:03:01.0,HJK0496,Davis.Gareth.Cote@dtaa.com,,,Hector.Jonah.Kim@dtaa.com,,34631,0
{M8N4-V6LN49WT-7730FLEM},2010-06-25 17:34:03.0,HJK0496,Abigail.Brianna.Terrell@dtaa.com;Reagan.Shafira.Castaneda@dtaa.com,,,Hector.Jonah.Kim@dtaa.com,,23726,1
{K1F2-F1WV95HO-5799BYZC},2010-06-28 10:08:49.0,HJK0496,Ferdinand.Leonard.Roth@dtaa.com,,,Hector.Jonah.Kim@dtaa.com,,24929,0
{S3A4-K2PS29OL-2371UUPF},2010-06-28 10:22:07.0,HJK0496,William.Vernon.Booth@dtaa.com,,,Hector.Jonah.Kim@dtaa.com,,29824,1
{J0B8-R1CT52OP-0322GLAA},2010-06-28 18:45:43.0,HJK0496,Shellie.Medge.Jefferson@dtaa.com;Molly.Eliana.Suarez@dtaa.com,,,Hector.Jonah.Kim@dtaa.com,,17717,6
{P4M3-U2FC94HS-9362TSEA},2010-06-29 11:06:19.0,HJK0496,Sybill.Mercedes.Golden@dtaa.com,,,Hector.Jonah.Kim@dtaa.com,,16498,0
{O4R6-J5HQ61ON-6398UUHS},2010-06-29 18:23:15.0,HJK0496,Abraham.Perry.Reyes@dtaa.com;Jena.Karleigh.Fuentes@sbcglobal.net,,,Hector.Jonah.Kim@dtaa.com,,20943,1
{F7B7-Q7XH09SK-3758LGSK},2010-06-30 11:22:12.0,HJK0496,Quyn.Tara.Patterson@dtaa.com;Sybill.Mercedes.Golden@dtaa.com;Ayanna.Yolanda.Nielsen@dtaa.com,,,Hector.Jonah.Kim@dtaa.com,,34918,0
{Z9W0-X6UV29EG-7033AAEN},2010-06-30 14:45:35.0,HJK0496,Sybill.Mercedes.Golden@dtaa.com,,,Hector.Jonah.Kim@dtaa.com,,29565,1
{Q8V1-P1NI39ZS-0807IEAC},2010-07-01 09:45:06.0,HJK0496,Merritt.Abbot.Salinas@dtaa.com,,,Hector.Jonah.Kim@dtaa.com,,26698,0
{C6C2-W1EU86TN-2669RDUT},2010-07-01 17:52:32.0,HJK0496,Molly.Eliana.Suarez@dtaa.com,,,Hector.Jonah.Kim@dtaa.com,,28213,0
{Q1E6-Q2RB94PD-7388OBGE},2010-07-02 12:11:48.0,HJK0496,Bruce.Keegan.Durham@msn.com;Jena.Karleigh.Fuentes@sbcglobal.net,,,Hector.Jonah.Kim@dtaa.com,,21974,1
{G3W6-Y9QV55ES-7295SOVT},2010-07-02 12:14:39.0,HJK0496,Jena.Karleigh.Fuentes@sbcglobal.net,,,Hector.Jonah.Kim@dtaa.com,,35943,0
{E5Q2-A6XL74NB-7564KOMX},2010-07-02 17:21:29.0,HJK0496,Shellie.Medge.Jefferson@dtaa.com,,,Hector.Jonah.Kim@dtaa.com,,26521,3
{C7B2-X6GP33KY-5364ZNVX},2010-07-06 17:56:01.0,HJK0496,Jena.Karleigh.Fuentes@sbcglobal.net,,,Hector.Jonah.Kim@dtaa.com,,31627,1
{P2X4-Z8CP23FO-7894NVST},2010-07-07 12:48:30.0,HJK0496,Malachi.Jakeem.Rush@dtaa.com,,,Hector.Jonah.Kim@dtaa.com,,40302,0
{E1B3-U4XH11XH-0693LAUO},2010-07-07 13:50:15.0,HJK0496,Shellie.Medge.Jefferson@dtaa.com;Cheryl.Iliana.Snyder@gmail.com,,,Hector.Jonah.Kim@dtaa.com,,22552,9
{W6X8-Z3MZ79OC-8758XPRE},2010-07-08 11:59:00.0,HJK0496,Jena.Karleigh.Fuentes@sbcglobal.net,,,Hector.Jonah.Kim@dtaa.com,,32673,0
{V7S0-J2NL49QV-6603ODNK},2010-07-08 17:19:35.0,HJK0496,Merritt.Abbot.Salinas@dtaa.com,,,Hector.Jonah.Kim@dtaa.com,,16776,2
{C3Q8-U1SM47WW-1327ZJET},2010-07-09 09:52:15.0,HJK0496,Abigail.Brianna.Terrell@dtaa.com,,,Hector.Jonah.Kim@dtaa.com,,62897,0
{R7C8-W1VD67XX-1244PRVS},2010-07-09 13:52:16.0,HJK0496,Davis.Gareth.Cote@dtaa.com,,,Hector.Jonah.Kim@dtaa.com,,23642,1
{Z2Z7-U9PC35KI-2492SSUT},2010-07-09 17:17:57.0,HJK0496,Martin.Jonathan.Martin@dtaa.com,,,Hector.Jonah.Kim@dtaa.com,,30347,3
{I1Z0-R6NT34GB-9467LSZM},2010-07-13 18:09:19.0,HJK0496,Sybill.Mercedes.Golden@dtaa.com;Ferdinand.Leonard.Roth@dtaa.com,,,Hector.Jonah.Kim@dtaa.com,,17396,1
{J3O8-D3YL40FK-5120NBBH},2010-07-15 17:11:52.0,HJK0496,Emerald.Nomlanga.Wilkerson@dtaa.com;Malachi.Jakeem.Rush@dtaa.com,,,Hector.Jonah.Kim@dtaa.com,,32752,1
{G8N0-R5UP08IW-1166MJJK},2010-07-16 09:31:21.0,HJK0496,Ayanna.Yolanda.Nielsen@dtaa.com,,,Hector.Jonah.Kim@dtaa.com,,21704,1
{K6C0-H5DR76DM-5659MAHD},2010-07-16 16:07:43.0,HJK0496,Ayanna.Yolanda.Nielsen@dtaa.com,,,Hector.Jonah.Kim@dtaa.com,,25274,1
{F8S2-C5CT08PH-5250MOJL},2010-07-19 09:21:27.0,HJK0496,Shellie.Medge.Jefferson@dtaa.com;Quyn.Tara.Patterson@dtaa.com;Davis.Gareth.Cote@dtaa.com,,,Hector.Jonah.Kim@dtaa.com,,20227,1
{Q0Z7-J9JN24DK-1993JMHC},2010-07-19 11:27:14.0,HJK0496,Molly.Eliana.Suarez@dtaa.com;Sybill.Mercedes.Golden@dtaa.com,,,Hector.Jonah.Kim@dtaa.com,,23113,0
{R3O3-P6AO70UY-0875FADC},2010-07-20 09:25:56.0,HJK0496,Emmanuel.Casey.Wiggins@dtaa.com;Ferdinand.Leonard.Roth@dtaa.com;Quyn.Tara.Patterson@dtaa.com;Elvis.Hamilton.Sandoval@dtaa.com;Shellie.Medge.Jefferson@dtaa.com,,,Hector.Jonah.Kim@dtaa.com,,21680,0
{D4Y5-T7LD45NS-5017WYEW},2010-07-20 11:43:30.0,HJK0496,Sybill.Mercedes.Golden@dtaa.com,,,Hector.Jonah.Kim@dtaa.com,,16697,0
{Y7D3-T8WD72OU-8648WUSH},2010-07-21 09:40:40.0,HJK0496,Ferdinand.Leonard.Roth@dtaa.com,,,Hector.Jonah.Kim@dtaa.com,,26334,0
{F8A3-B7TG18FP-8120ZUFF},2010-07-21 12:48:48.0,HJK0496,Merritt.Abbot.Salinas@dtaa.com,,,Hector.Jonah.Kim@dtaa.com,,30051,0
{V1J7-R3NA67TK-0918QRRR},2010-07-21 14:39:00.0,HJK0496,Jena.Karleigh.Fuentes@sbcglobal.net,,,Hector.Jonah.Kim@dtaa.com,,39116,0
{F3U0-A7IU08SO-5171DCJO},2010-07-22 10:51:21.0,HJK0496,Malachi.Jakeem.Rush@dtaa.com,,,Hector.Jonah.Kim@dtaa.com,,29998,0
{I4C0-X5NG63GS-4663RTLS},2010-07-22 13:44:15.0,HJK0496,Molly.Eliana.Suarez@dtaa.com,,,Hector.Jonah.Kim@dtaa.com,,28826,0
{X2L5-C4XS45JW-8081MBOF},2010-07-23 12:53:56.0,HJK0496,Shellie.Medge.Jefferson@dtaa.com,,,Hector.Jonah.Kim@dtaa.com,,16602,0
{R2N2-W7GY99QM-2814EZWX},2010-07-23 15:51:26.0,HJK0496,Kyla.Katelyn.Calhoun@dtaa.com;John.Kareem.Mccullough@yahoo.com,,,Hector.Jonah.Kim@dtaa.com,,21112,2
{T3U0-Z3AI28WC-8303WGAR},2010-07-23 17:22:06.0,HJK0496,Jena.Karleigh.Fuentes@sbcglobal.net,,,Hector.Jonah.Kim@dtaa.com,,21342,0
{O1Y1-M1XR57WC-9152XQIM},2010-07-26 11:40:42.0,HJK0496,Abigail.Brianna.Terrell@dtaa.com;Malachi.Jakeem.Rush@dtaa.com;Quyn.Tara.Patterson@dtaa.com,,,Hector.Jonah.Kim@dtaa.com,,57318,2
{H4Y9-N5GJ82ZZ-5408HMMR},2010-07-26 12:27:50.0,HJK0496,Ayanna.Yolanda.Nielsen@dtaa.com,,,Hector.Jonah.Kim@dtaa.com,,29471,1
{O5W3-D1KK18ZC-5937OUDR},2010-07-26 18:02:28.0,HJK0496,Elvis.Hamilton.Sandoval@dtaa.com,,,Hector.Jonah.Kim@dtaa.com,,22955,0
{O6R8-S1VN58FG-3266AVDR},2010-07-27 16:57:09.0,HJK0496,Davis.Gareth.Cote@dtaa.com;Bruce.Keegan.Durham@msn.com,,,Hector.Jonah.Kim@dtaa.com,,34784,0
{E4K0-G7JP26TT-6128UCPL},2010-07-28 13:50:28.0,HJK0496,Sybill.Mercedes.Golden@dtaa.com;Elvis.Hamilton.Sandoval@dtaa.com,,,Hector.Jonah.Kim@dtaa.com,,21168,5
{U1A1-V1GO53XO-3167HKVT},2010-07-28 14:04:39.0,HJK0496,Merritt.Abbot.Salinas@dtaa.com,,,Hector.Jonah.Kim@dtaa.com,,24995,0
{M5Q6-S7UR54SI-8895XAOL},2010-07-29 10:57:03.0,HJK0496,William.Vernon.Booth@dtaa.com;Molly.Eliana.Suarez@dtaa.com,,,Hector.Jonah.Kim@dtaa.com,,17958,2
{A3U7-B0DW61OW-9083NVEG},2010-07-29 15:42:37.0,HJK0496,Teegan.Yael.Camacho@raytheon.com,,,Hector.Jonah.Kim@dtaa.com,,33211,1
{I7D4-T9NV20OG-9596OSUG},2010-07-29 17:05:11.0,HJK0496,Merritt.Abbot.Salinas@dtaa.com,,,Hector.Jonah.Kim@dtaa.com,,28637,0
{L2J0-V5OO54FF-9669ZESD},2010-07-30 09:52:06.0,HJK0496,Burke.Reed.Haynes@dtaa.com,,,Hector.Jonah.Kim@dtaa.com,,21730,0
{R0N1-L6IW23JG-7537KCRQ},2010-07-30 10:41:31.0,HJK0496,Aiko.Candace.Brock@dtaa.com;Conan.Burton.Blackburn@dtaa.com,,,Hector.Jonah.Kim@dtaa.com,,26010,2
{W6S7-H4HP55NQ-4173AFOH},2010-07-30 11:34:23.0,HJK0496,Molly.Eliana.Suarez@dtaa.com;Jena.Karleigh.Fuentes@sbcglobal.net;Flynn.Octavius.Chang@gmail.com,,,Hector.Jonah.Kim@dtaa.com,,32749,0
{H0S0-B2SI82LJ-3800VTFI},2010-08-02 10:36:27.0,HJK0496,Ferdinand.Leonard.Roth@dtaa.com;Alyssa.Kimberly.Pratt@dtaa.com,,,Hector.Jonah.Kim@dtaa.com,,33092,2
{J0K1-S8BO80CG-4537HWUE},2010-08-02 17:09:22.0,HJK0496,Shellie.Medge.Jefferson@dtaa.com;Cheryl.Iliana.Snyder@gmail.com,,,Hector.Jonah.Kim@dtaa.com,,12744,1
{U4U2-N0ZL25YU-7194MKSM},2010-08-03 14:48:53.0,HJK0496,William.Vernon.Booth@dtaa.com,,,Hector.Jonah.Kim@dtaa.com,,33880,0
{F7I0-R0YN31HA-6734CHUM},2010-08-03 15:49:08.0,HJK0496,Bruce.Keegan.Durham@msn.com,,,Hector.Jonah.Kim@dtaa.com,,35020,0
{E8R8-V7KT97QZ-8695VIRP},2010-08-03 16:58:44.0,HJK0496,Kitra.Montana.Henderson@dtaa.com;Jena.Karleigh.Fuentes@sbcglobal.net,,,Hector.Jonah.Kim@dtaa.com,,23749,1
{I7G4-W7MH19QC-4679JRUD},2010-08-04 11:17:26.0,HJK0496,Elvis.Hamilton.Sandoval@dtaa.com,,,Hector.Jonah.Kim@dtaa.com,,26078,1
{I9M2-A2EE53ED-1853JYNX},2010-08-04 14:23:01.0,HJK0496,Paki.Jason.Emerson@dtaa.com;Rogan.Sawyer.Ware@hotmail.com,,,Hector.Jonah.Kim@dtaa.com,,29549,1
{P5R6-T1HI91VD-0212WRLO},2010-08-05 10:59:29.0,HJK0496,Lavinia.Faith.Ratliff@dtaa.com;Bruce.Keegan.Durham@msn.com,,,Hector.Jonah.Kim@dtaa.com,,40342,2
{H4X9-R1GY84YQ-5123ZYXK},2010-08-06 13:21:04.0,HJK0496,Molly.Eliana.Suarez@dtaa.com;Sybill.Mercedes.Golden@dtaa.com;Roanna.Jillian.Johnson@dtaa.com,,,Hector.Jonah.Kim@dtaa.com,,29779,2
{V1S7-R8IT54YT-6612IIKK},2010-08-06 15:19:45.0,HJK0496,Kane.Julian.Burgess@dtaa.com,,,Hector.Jonah.Kim@dtaa.com,,43786,0
{X5B3-R1NZ22FY-2195MPTA},2010-08-09 11:12:46.0,HJK0496,Elvis.Hamilton.Sandoval@dtaa.com;Jena.Karleigh.Fuentes@sbcglobal.net,,,Hector.Jonah.Kim@dtaa.com,,33687,1
{J8V8-J6KJ49JP-1177FEIE},2010-08-09 14:48:11.0,HJK0496,Herrod.Len.Parker@dtaa.com,,,Hector.Jonah.Kim@dtaa.com,,34233,3
{L9I9-J0TU87GZ-6385OUTO},2010-08-10 09:29:24.0,HJK0496,Shellie.Medge.Jefferson@dtaa.com,,,Hector.Jonah.Kim@dtaa.com,,25254,2
{X6E2-Q1UN24YZ-7921MMUO},2010-08-10 18:16:38.0,HJK0496,Ferdinand.Leonard.Roth@dtaa.com;William.Vernon.Booth@dtaa.com;Jena.Karleigh.Fuentes@sbcglobal.net,,,Hector.Jonah.Kim@dtaa.com,,39241,1
{L7V4-W5SK21KO-0534PAVY},2010-08-11 11:44:32.0,HJK0496,Malachi.Jakeem.Rush@dtaa.com,,,Hector.Jonah.Kim@dtaa.com,,16789,0
{I4Z6-M9HE80UR-8305QBOU},2010-08-11 16:47:07.0,HJK0496,Ayanna.Yolanda.Nielsen@dtaa.com,,,Hector.Jonah.Kim@dtaa.com,,42723,0
{J8L7-P7NM09QZ-8007OZUH},2010-08-11 18:08:37.0,HJK0496,Davis.Gareth.Cote@dtaa.com,,,Hector.Jonah.Kim@dtaa.com,,22760,0
{R3G8-E4FD93HP-4354XSPP},2010-08-12 13:30:13.0,HJK0496,Shellie.Medge.Jefferson@dtaa.com,,,Hector.Jonah.Kim@dtaa.com,,28035,0
{A5U1-E2GY25FX-2787NFIA},2010-08-13 17:44:49.0,HJK0496,Kane.Julian.Burgess@dtaa.com,,,Hector.Jonah.Kim@dtaa.com,,24995,0
{W5Z6-V7GO44WX-6660IJPX},2010-08-13 18:49:58.0,HJK0496,Ayanna.Yolanda.Nielsen@dtaa.com;Bruce.Keegan.Durham@msn.com,,,Hector.Jonah.Kim@dtaa.com,,16441,0
{Q0A6-N9JW29VX-8107LUXU},2010-08-16 15:48:07.0,HJK0496,Davis.Gareth.Cote@dtaa.com,,,Hector.Jonah.Kim@dtaa.com,,31658,0
{O2F3-V4ME84XV-8969RBEV},2010-08-16 17:01:12.0,HJK0496,Elvis.Hamilton.Sandoval@dtaa.com;Jena.Karleigh.Fuentes@sbcglobal.net,,,Hector.Jonah.Kim@dtaa.com,,27860,2
{R3W9-B1WG63PK-5490AJQP},2010-08-17 10:41:46.0,HJK0496,Brynne.Irma.Britt@dtaa.com;Shellie.Medge.Jefferson@dtaa.com;Bruce.Keegan.Durham@msn.com,,,Hector.Jonah.Kim@dtaa.com,,35491,1
{P5F9-U0LE61ZM-7797NGRL},2010-08-17 11:47:53.0,HJK0496,Sopoline.Idola.Randolph@netzero.com,,,Hector.Jonah.Kim@dtaa.com,,29558,0
{M5V2-Z9GG21OD-2393XUBU},2010-08-17 15:18:16.0,HJK0496,Abigail.Brianna.Terrell@dtaa.com,,,Hector.Jonah.Kim@dtaa.com,,31225,0
{R9L5-B3MB37BW-3351AMJO},2010-08-18 13:13:25.0,HJK0496,Hector.Davis.Ellison@dtaa.com,,,Hector.Jonah.Kim@dtaa.com,,19159,0
{R1M2-W9TS51JB-8834ZMAY},2010-08-18 15:40:45.0,HJK0496,Abigail.Brianna.Terrell@dtaa.com,,,Hector.Jonah.Kim@dtaa.com,,27531,0
{N4Q4-M3DB00JJ-9158CTOS},2010-08-19 15:41:17.0,HJK0496,Davis.Gareth.Cote@dtaa.com,,,Hector.Jonah.Kim@dtaa.com,,17569,1
{A2Z1-R8NW04RV-7931RRDP},2010-08-19 17:45:25.0,HJK0496,Sybill.Mercedes.Golden@dtaa.com,,,Hector.Jonah.Kim@dtaa.com,,18170,0
{B4M6-Q5MZ61RV-5349VRFV},2010-08-20 12:11:23.0,HJK0496,Ayanna.Yolanda.Nielsen@dtaa.com;Quyn.Tara.Patterson@dtaa.com;Malachi.Jakeem.Rush@dtaa.com,,,Hector.Jonah.Kim@dtaa.com,,18989,1
{L4G5-Y4GA05FV-1248OULI},2010-08-20 17:53:17.0,HJK0496,Haviva.Jada.Molina@dtaa.com,,,Hector.Jonah.Kim@dtaa.com,,34471,0
{K4Q5-Y2QZ91JA-4895OQGY},2010-08-23 11:24:58.0,HJK0496,Jena.Karleigh.Fuentes@sbcglobal.net,,,Hector.Jonah.Kim@dtaa.com,,30434,0
{E6W5-T5WS99AA-9320VUDX},2010-08-23 14:09:23.0,HJK0496,Jena.Karleigh.Fuentes@sbcglobal.net,,,Hector.Jonah.Kim@dtaa.com,,25466,0
{U0H4-J6CR37BB-5258ZGCT},2010-08-23 15:51:55.0,HJK0496,Ryder.Ivan.Bowers@dtaa.com;Abigail.Brianna.Terrell@dtaa.com,,,Hector.Jonah.Kim@dtaa.com,,28747,1
{U7U6-N2QQ28AA-2841DOGC},2010-08-24 15:35:28.0,HJK0496,Molly.Eliana.Suarez@dtaa.com;Ayanna.Yolanda.Nielsen@dtaa.com,,,Hector.Jonah.Kim@dtaa.com,,27190,3
{E7Z4-H5LD73YS-1159TDPS},2010-08-24 17:20:47.0,HJK0496,Davis.Gareth.Cote@dtaa.com,,,Hector.Jonah.Kim@dtaa.com,,39657,0
{H1E1-X3CI64KD-6110PEHR},2010-08-24 18:56:09.0,HJK0496,Jena.Karleigh.Fuentes@sbcglobal.net,,,Hector.Jonah.Kim@dtaa.com,,43277,0
{E0Y5-C0EB44PH-5939NRDE},2010-08-25 16:32:38.0,HJK0496,Jena.Karleigh.Fuentes@sbcglobal.net,,,Hector.Jonah.Kim@dtaa.com,,26972,1
{S7X8-O4ZX98ZC-4363ZWYH},2010-08-26 17:50:27.0,HJK0496,Shellie.Medge.Jefferson@dtaa.com,,,Hector.Jonah.Kim@dtaa.com,,30522,0
{U6J5-A8QQ88AL-3882OUAO},2010-08-27 14:13:37.0,HJK0496,Jena.Karleigh.Fuentes@sbcglobal.net,,,Hector.Jonah.Kim@dtaa.com,,19733,0
{F3W5-R6VX53UG-6072HGJE},2010-08-27 14:29:16.0,HJK0496,Merritt.Abbot.Salinas@dtaa.com,,,Hector.Jonah.Kim@dtaa.com,,46409,0
{O6N2-A5GF57HV-1453HRVN},2010-08-30 10:25:25.0,HJK0496,Elvis.Hamilton.Sandoval@dtaa.com,,,Hector.Jonah.Kim@dtaa.com,,21516,0
{I2V1-I7KC39WI-4712YEXB},2010-08-31 14:32:11.0,HJK0496,Malachi.Jakeem.Rush@dtaa.com,,,Hector.Jonah.Kim@dtaa.com,,43410,0
{A8B0-P5BW19JX-4893ZHXH},2010-09-01 11:27:35.0,HJK0496,Virginia.Rama.Leach@dtaa.com;Quyn.Tara.Patterson@dtaa.com,,,Hector.Jonah.Kim@dtaa.com,,21848,1
{N9L1-M4UA43NT-5854BCSA},2010-09-01 15:31:06.0,HJK0496,William.Vernon.Booth@dtaa.com,,,Hector.Jonah.Kim@dtaa.com,,17912,0
{A6U7-O8TS98TQ-0609NOEM},2010-09-01 19:13:14.0,HJK0496,Jena.Karleigh.Fuentes@sbcglobal.net,,,Hector.Jonah.Kim@dtaa.com,,45593,0
{Z3G7-B2YE65OB-5366PMRL},2010-09-02 11:53:52.0,HJK0496,Jaden.Alisa.Waller@dtaa.com,,,Hector.Jonah.Kim@dtaa.com,,26966,0
{O1Z2-U8RI38OD-4306NVWA},2010-09-02 17:11:51.0,HJK0496,William.Vernon.Booth@dtaa.com;Ferdinand.Leonard.Roth@dtaa.com,,,Hector.Jonah.Kim@dtaa.com,,27579,0
{X7C5-T5LY16PV-6516YIBV},2010-09-02 18:24:48.0,HJK0496,Ayanna.Yolanda.Nielsen@dtaa.com,,,Hector.Jonah.Kim@dtaa.com,,33544,1
{C0R2-U0SZ95GA-8105LXGH},2010-09-03 09:44:15.0,HJK0496,Bo.Quemby.Durham@dtaa.com,,,Hector.Jonah.Kim@dtaa.com,,26977,1
{L2L6-H5XT09EF-7514JUHY},2010-09-03 12:35:38.0,HJK0496,Evangeline.Chava.Curtis@dtaa.com,,,Hector.Jonah.Kim@dtaa.com,,24075,0
{X2W8-M0RF34PO-4482PZGA},2010-09-03 13:39:49.0,HJK0496,Quyn.Tara.Patterson@dtaa.com,,,Hector.Jonah.Kim@dtaa.com,,25556,1
{S2P5-S1VM28AM-5747UUTO},2010-09-07 18:01:42.0,HJK0496,Bruce.Keegan.Durham@msn.com,,,Hector.Jonah.Kim@dtaa.com,,26117,0
{L6H2-L7NZ74OZ-5016CQOR},2010-09-08 12:31:28.0,HJK0496,Merritt.Abbot.Salinas@dtaa.com,,,Hector.Jonah.Kim@dtaa.com,,33499,0
{E5D5-Z8DJ18TB-8167UOSZ},2010-09-08 12:55:05.0,HJK0496,Davis.Gareth.Cote@dtaa.com,,,Hector.Jonah.Kim@dtaa.com,,37944,1
{C6I9-W6OA17DG-9207KXSG},2010-09-08 15:14:17.0,HJK0496,Quyn.Tara.Patterson@dtaa.com,,,Hector.Jonah.Kim@dtaa.com,,18980,0
{J7L4-A9ED38FW-2054VCMG},2010-09-09 15:58:25.0,HJK0496,Halee.Tallulah.Wynn@dtaa.com;Malachi.Jakeem.Rush@dtaa.com,,,Hector.Jonah.Kim@dtaa.com,,36539,2
{H0U7-Q4MG24IB-9636PCBC},2010-09-09 16:05:12.0,HJK0496,Shellie.Medge.Jefferson@dtaa.com,,,Hector.Jonah.Kim@dtaa.com,,14942,3
{M9Y3-C1LN29EC-0152LHWT},2010-09-09 17:05:56.0,HJK0496,Elvis.Hamilton.Sandoval@dtaa.com,,,Hector.Jonah.Kim@dtaa.com,,36745,0
{L5G8-M3MA21SA-1541LAYC},2010-09-10 09:55:01.0,HJK0496,Malachi.Jakeem.Rush@dtaa.com,,,Hector.Jonah.Kim@dtaa.com,,31457,2
{Q2I6-A1UM63BF-6389JYUO},2010-09-10 14:02:40.0,HJK0496,Davis.Gareth.Cote@dtaa.com,,,Hector.Jonah.Kim@dtaa.com,,24981,0
{J9J1-Y1NO19MK-0582JCHA},2010-09-10 18:19:28.0,HJK0496,Molly.Eliana.Suarez@dtaa.com,,,Hector.Jonah.Kim@dtaa.com,,30524,1
{W0W6-T5VT54IT-4249RURI},2010-09-13 11:08:34.0,HJK0496,Davis.Gareth.Cote@dtaa.com,,,Hector.Jonah.Kim@dtaa.com,,42426,0
{O9G6-X6CW26MP-9057PLSQ},2010-09-13 18:26:17.0,HJK0496,Jolene.Lavinia.Houston@dtaa.com,,,Hector.Jonah.Kim@dtaa.com,,28117,0
{W4J1-G8TL04JZ-9924RPMM},2010-09-14 14:47:38.0,HJK0496,Malachi.Jakeem.Rush@dtaa.com,,,Hector.Jonah.Kim@dtaa.com,,21853,0
{Q4S8-L3DY71BL-2932CXIP},2010-09-14 15:24:46.0,HJK0496,Shellie.Medge.Jefferson@dtaa.com,,,Hector.Jonah.Kim@dtaa.com,,25731,0
{P2V7-V9LI21UJ-3334OHFX},2010-09-14 15:39:19.0,HJK0496,William.Vernon.Booth@dtaa.com;Sybill.Mercedes.Golden@dtaa.com,,,Hector.Jonah.Kim@dtaa.com,,28945,7
{M9G1-G9EF21RL-3937NKTW},2010-09-15 10:58:02.0,HJK0496,Ayanna.Yolanda.Nielsen@dtaa.com,,,Hector.Jonah.Kim@dtaa.com,,39578,0
{R5B8-V6IV91AV-5723ILXQ},2010-09-16 16:33:42.0,HJK0496,Ayanna.Yolanda.Nielsen@dtaa.com,,,Hector.Jonah.Kim@dtaa.com,,26609,5
{V9N8-W9RY69XS-7193HAKY},2010-09-16 17:10:29.0,HJK0496,Kane.Julian.Burgess@dtaa.com;Malachi.Jakeem.Rush@dtaa.com,,,Hector.Jonah.Kim@dtaa.com,,30451,0
{V4R8-A9PO69QX-4161ISKG},2010-09-17 12:29:12.0,HJK0496,Jena.Karleigh.Fuentes@sbcglobal.net,,,Hector.Jonah.Kim@dtaa.com,,26877,1
{H4K8-P4QS23FV-6326ZIGH},2010-09-17 16:53:59.0,HJK0496,Merritt.Abbot.Salinas@dtaa.com,,,Hector.Jonah.Kim@dtaa.com,,30977,0
{O3O6-P4YY37ER-0336TCBN},2010-09-17 17:15:00.0,HJK0496,Malachi.Jakeem.Rush@dtaa.com;Abigail.Brianna.Terrell@dtaa.com,,,Hector.Jonah.Kim@dtaa.com,,85904,8
{Q9J1-T0LE37ZD-5002NOQI},2010-09-20 11:20:17.0,HJK0496,Ferdinand.Leonard.Roth@dtaa.com;Jena.Karleigh.Fuentes@sbcglobal.net,,,Hector.Jonah.Kim@dtaa.com,,21320,9
{V8V5-D8PQ46QC-2383AEGT},2010-09-20 13:57:02.0,HJK0496,Molly.Eliana.Suarez@dtaa.com;Jena.Karleigh.Fuentes@sbcglobal.net,,,Hector.Jonah.Kim@dtaa.com,,27191,2
{Y5K3-N9WU18YB-1702MXVS},2010-09-20 15:28:43.0,HJK0496,Cheryl.Iliana.Snyder@gmail.com,,,Hector.Jonah.Kim@dtaa.com,,12724,5
{Q2K3-I7XE71PN-3746WBYA},2010-09-21 09:57:14.0,HJK0496,William.Vernon.Booth@dtaa.com,,,Hector.Jonah.Kim@dtaa.com,,21023,3
{Z5Y5-V1XM40TN-1158CFQO},2010-09-21 15:34:49.0,HJK0496,Ferdinand.Leonard.Roth@dtaa.com,,,Hector.Jonah.Kim@dtaa.com,,31471,1
{N5Q7-M8YB09HF-8378KNRI},2010-09-21 18:01:40.0,HJK0496,Quyn.Tara.Patterson@dtaa.com,,,Hector.Jonah.Kim@dtaa.com,,23503,0
{T4J7-F3HJ16SP-6878JBVR},2010-09-22 13:25:08.0,HJK0496,Abigail.Brianna.Terrell@dtaa.com,,,Hector.Jonah.Kim@dtaa.com,,31060,5
{K2U4-P6KZ74EB-8169USWU},2010-09-22 14:30:33.0,HJK0496,Davis.Gareth.Cote@dtaa.com,,,Hector.Jonah.Kim@dtaa.com,,23659,0
{Q0L7-A0LK37XJ-9654MIVL},2010-09-22 18:08:08.0,HJK0496,Deirdre.Hayley.Stein@dtaa.com,,,Hector.Jonah.Kim@dtaa.com,,25554,1
{Z4K7-H6EC19AQ-8313GVQC},2010-09-23 12:39:57.0,HJK0496,Ayanna.Yolanda.Nielsen@dtaa.com;Malachi.Jakeem.Rush@dtaa.com,,,Hector.Jonah.Kim@dtaa.com,,36500,5
{S9S4-M5GJ95WC-5488VJBC},2010-09-23 12:43:50.0,HJK0496,Lucas.Grady.Wyatt@dtaa.com,,,Hector.Jonah.Kim@dtaa.com,,21943,0
{U2S0-E3GG44SU-9843DEXD},2010-09-23 14:42:28.0,HJK0496,William.Vernon.Booth@dtaa.com;Jena.Karleigh.Fuentes@sbcglobal.net,,,Hector.Jonah.Kim@dtaa.com,,27811,1
{D9E3-G3YT35ZA-6146NAVL},2010-09-24 12:29:42.0,HJK0496,Jessica.Nichole.Mayer@gmail.com,,,Hector.Jonah.Kim@dtaa.com,,33816,0
{O9L0-K0XP78MA-9837NOBP},2010-09-24 13:51:09.0,HJK0496,Sybill.Mercedes.Golden@dtaa.com;Cheryl.Iliana.Snyder@gmail.com,,,Hector.Jonah.Kim@dtaa.com,,25612,2
{N8W7-F6ZK32FR-8434HUKN},2010-09-24 17:58:14.0,HJK0496,Bruce.Keegan.Durham@msn.com,,,Hector.Jonah.Kim@dtaa.com,,17356,3
{F0J5-H2XK73KK-3385IPUN},2010-09-27 11:33:34.0,HJK0496,Jena.Karleigh.Fuentes@sbcglobal.net,,,Hector.Jonah.Kim@dtaa.com,,23177,1
{O9K6-O5WF71DV-7243ZNSP},2010-09-27 14:20:17.0,HJK0496,Trevor.Armand.Greene@dtaa.com,,,Hector.Jonah.Kim@dtaa.com,,25527,0
{T6K5-E6NY88CS-2354PTHG},2010-09-28 10:14:28.0,HJK0496,Kane.Julian.Burgess@dtaa.com;Jakeem.Brody.Moon@aol.com;Jena.Karleigh.Fuentes@sbcglobal.net,,,Hector.Jonah.Kim@dtaa.com,,41125,1
{E0Z7-M2UI24PM-7146OEHF},2010-09-28 14:50:18.0,HJK0496,Ella.Rhonda.Logan@dtaa.com;Sybill.Mercedes.Golden@dtaa.com,,,Hector.Jonah.Kim@dtaa.com,,27958,0
{O4M1-V9TC32QR-0440QRGT},2010-09-28 15:32:57.0,HJK0496,Ayanna.Yolanda.Nielsen@dtaa.com;Davis.Gareth.Cote@dtaa.com;Shellie.Medge.Jefferson@dtaa.com,,,Hector.Jonah.Kim@dtaa.com,,25300,1
{U2H7-Z1LQ30CU-4891XHXM},2010-09-29 09:43:56.0,HJK0496,Sybill.Mercedes.Golden@dtaa.com,,,Hector.Jonah.Kim@dtaa.com,,36974,2
{V1O4-L3DM42LA-6830AWMP},2010-09-29 18:27:55.0,HJK0496,Abigail.Brianna.Terrell@dtaa.com,,,Hector.Jonah.Kim@dtaa.com,,36458,0
{K9Z2-I6ZS85FV-7157SNOA},2010-09-30 10:30:25.0,HJK0496,Sybill.Mercedes.Golden@dtaa.com,,,Hector.Jonah.Kim@dtaa.com,,34514,0
{B9B2-C7SF31RV-6308GAKX},2010-09-30 10:35:12.0,HJK0496,Merritt.Abbot.Salinas@dtaa.com,,,Hector.Jonah.Kim@dtaa.com,,25303,0
{B7O2-D3HI95EO-8154DBLI},2010-09-30 10:35:25.0,HJK0496,Abigail.Brianna.Terrell@dtaa.com,,,Hector.Jonah.Kim@dtaa.com,,29093,2
{S3M0-V4VC87IC-9239ORKJ},2010-10-01 14:27:15.0,HJK0496,Ferdinand.Leonard.Roth@dtaa.com;Emerald.Camilla.Frazier@dtaa.com,,,Hector.Jonah.Kim@dtaa.com,,49533,1
{J1D7-R6DG18YK-1077HVEX},2010-10-01 16:54:24.0,HJK0496,Quyn.Tara.Patterson@dtaa.com,,,Hector.Jonah.Kim@dtaa.com,,47814,0
{X7I3-S3SL14RW-8070GZCO},2010-10-04 10:26:02.0,HJK0496,Tucker.William.Mosley@dtaa.com,,,Hector.Jonah.Kim@dtaa.com,,27370,0
{V1H5-G4SR87SY-2296UDAU},2010-10-04 16:33:08.0,HJK0496,Quyn.Tara.Patterson@dtaa.com,,,Hector.Jonah.Kim@dtaa.com,,21519,0
{Q5B9-J4TF97KJ-9802ZYHY},2010-10-05 17:10:57.0,HJK0496,Sage.Hanae.Long@dtaa.com,,,Hector.Jonah.Kim@dtaa.com,,25957,0
{P4E6-R5RX86TI-5052HSPL},2010-10-05 17:29:42.0,HJK0496,Malachi.Jakeem.Rush@dtaa.com;Jena.Karleigh.Fuentes@sbcglobal.net,,,Hector.Jonah.Kim@dtaa.com,,21094,5
{L7U4-D1PU66VQ-1017TTDH},2010-10-06 13:34:55.0,HJK0496,Ferdinand.Leonard.Roth@dtaa.com,,,Hector.Jonah.Kim@dtaa.com,,36674,0
{X4K7-E2TU04YC-4975GAEF},2010-10-06 18:34:33.0,HJK0496,Shellie.Medge.Jefferson@dtaa.com;Davis.Gareth.Cote@dtaa.com,,,Hector.Jonah.Kim@dtaa.com,,26551,1
{B4G6-G2GG52IC-9035IWLG},2010-10-07 11:15:10.0,HJK0496,Beverly.Cheryl.Sweet@dtaa.com,,,Hector.Jonah.Kim@dtaa.com,,49985,1
{B6R5-F8JI63BB-8925OEXC},2010-10-07 14:32:20.0,HJK0496,Kasper.Zeph.Moran@dtaa.com;Abigail.Brianna.Terrell@dtaa.com,,,Hector.Jonah.Kim@dtaa.com,,24582,0
{K1J0-O1ZT15YK-8096YEAP},2010-10-08 13:25:20.0,HJK0496,Shellie.Medge.Jefferson@dtaa.com,,,Hector.Jonah.Kim@dtaa.com,,39650,0
{G0Q9-C9HI95QR-6594KUCD},2010-10-08 15:10:03.0,HJK0496,Abigail.Brianna.Terrell@dtaa.com;Kane.Julian.Burgess@dtaa.com;Hadassah.Alma.Prince@dtaa.com;Jena.Karleigh.Fuentes@sbcglobal.net,,,Hector.Jonah.Kim@dtaa.com,,19558,1
{R4K6-O5TA82VO-1078SQMT},2010-10-11 09:41:14.0,HJK0496,Ferdinand.Leonard.Roth@dtaa.com,,,Hector.Jonah.Kim@dtaa.com,,32142,0
{T8R9-I1CW86UN-1487APLA},2010-10-11 11:08:22.0,HJK0496,Ayanna.Yolanda.Nielsen@dtaa.com,,,Hector.Jonah.Kim@dtaa.com,,31466,0
{U6Q6-X5KN48JZ-1672QMYN},2010-10-11 15:03:10.0,HJK0496,Quyn.Tara.Patterson@dtaa.com,,,Hector.Jonah.Kim@dtaa.com,,32439,0
{H1Y7-E1QN29VG-6660KJLI},2010-10-12 15:14:40.0,HJK0496,Ayanna.Yolanda.Nielsen@dtaa.com;Kaden.Tarik.Giles@dtaa.com,,,Hector.Jonah.Kim@dtaa.com,,21462,1
{U9P8-N3ZZ46HN-6409HRPG},2010-10-12 15:20:41.0,HJK0496,Malachi.Jakeem.Rush@dtaa.com;Joshua.Taylor.Sims@dtaa.com;Davis.Gareth.Cote@dtaa.com,,,Hector.Jonah.Kim@dtaa.com,,26997,3
{N5W4-L8MO06AM-8812REKO},2010-10-13 11:00:58.0,HJK0496,Ferdinand.Leonard.Roth@dtaa.com,,,Hector.Jonah.Kim@dtaa.com,,44733,0
{R4O8-Z0TN08HI-9155HUGH},2010-10-13 15:38:24.0,HJK0496,Amela.Hannah.Sweeney@dtaa.com;Kane.Julian.Burgess@dtaa.com,,,Hector.Jonah.Kim@dtaa.com,,21823,1
{P0H9-Y7TV53DM-6098OBUC},2010-10-14 18:29:30.0,HJK0496,Molly.Eliana.Suarez@dtaa.com,,,Hector.Jonah.Kim@dtaa.com,,20645,0
{J9S5-U7JQ26BO-8203ZYJK},2010-10-15 10:41:24.0,HJK0496,Jorden.Maris.Clemons@dtaa.com,,,Hector.Jonah.Kim@dtaa.com,,45398,1
{S1Y2-A7VF31PC-3690NCSS},2010-10-15 13:46:54.0,HJK0496,Jena.Karleigh.Fuentes@sbcglobal.net,,,Hector.Jonah.Kim@dtaa.com,,16925,0
{C6I5-J1UH18EQ-4173UVQP},2010-10-18 10:03:44.0,HJK0496,Abigail.Brianna.Terrell@dtaa.com;Ayanna.Yolanda.Nielsen@dtaa.com;Jena.Karleigh.Fuentes@sbcglobal.net,,,Hector.Jonah.Kim@dtaa.com,,35657,2
{P3A5-A2TC47BM-6830BTCW},2010-10-18 10:53:44.0,HJK0496,Jena.Karleigh.Fuentes@sbcglobal.net,,,Hector.Jonah.Kim@dtaa.com,,20190,0
{Q8U6-O8AA14EB-3321CNLQ},2010-10-18 17:29:22.0,HJK0496,Sybill.Mercedes.Golden@dtaa.com,,,Hector.Jonah.Kim@dtaa.com,,38494,0
{S2S7-X7WR67MN-0359XFDV},2010-10-19 13:28:58.0,HJK0496,Molly.Eliana.Suarez@dtaa.com;Quyn.Tara.Patterson@dtaa.com;William.Vernon.Booth@dtaa.com,,,Hector.Jonah.Kim@dtaa.com,,33191,0
{J6G9-U8VS70WR-1453YCOZ},2010-10-20 11:55:04.0,HJK0496,Sybill.Mercedes.Golden@dtaa.com,,,Hector.Jonah.Kim@dtaa.com,,34721,0
{E4E4-H8FN37RD-3575EREW},2010-10-20 12:43:38.0,HJK0496,Quyn.Tara.Patterson@dtaa.com,,,Hector.Jonah.Kim@dtaa.com,,23299,1
{B5F0-Q9DK86LU-4729BIWQ},2010-10-20 16:31:07.0,HJK0496,Quyn.Tara.Patterson@dtaa.com,,,Hector.Jonah.Kim@dtaa.com,,22788,0
{F0X7-H0DT68YP-5677OKXP},2010-10-21 13:04:14.0,HJK0496,Merritt.Abbot.Salinas@dtaa.com,,,Hector.Jonah.Kim@dtaa.com,,27242,1
{Y2H0-O4KK30VU-3526LUYO},2010-10-21 15:09:15.0,HJK0496,Jena.Karleigh.Fuentes@sbcglobal.net,,,Hector.Jonah.Kim@dtaa.com,,47680,0
{S5Q9-C0EF77KA-6381SXOP},2010-10-22 10:00:19.0,HJK0496,Ayanna.Yolanda.Nielsen@dtaa.com,,,Hector.Jonah.Kim@dtaa.com,,33734,1
{O3J6-G5GK00CE-1483HXSB},2010-10-22 17:34:48.0,HJK0496,Molly.Eliana.Suarez@dtaa.com,,,Hector.Jonah.Kim@dtaa.com,,19308,0
{C9T5-H2QG73RI-0338ZPFP},2010-10-25 09:28:17.0,HJK0496,Molly.Eliana.Suarez@dtaa.com,,,Hector.Jonah.Kim@dtaa.com,,31552,1
{M7L0-W9VJ05CT-0259VPUC},2010-10-25 12:55:53.0,HJK0496,Davis.Gareth.Cote@dtaa.com;Ayanna.Yolanda.Nielsen@dtaa.com;Jena.Karleigh.Fuentes@sbcglobal.net,,,Hector.Jonah.Kim@dtaa.com,,28426,1
{R3S5-R7GD81SZ-7112SCDB},2010-10-25 13:50:48.0,HJK0496,Kane.Julian.Burgess@dtaa.com,,,Hector.Jonah.Kim@dtaa.com,,33071,0
{Q9W0-G2QW00LV-4768XGYH},2010-10-26 10:41:20.0,HJK0496,Abigail.Brianna.Terrell@dtaa.com;Jena.Karleigh.Fuentes@sbcglobal.net,,,Hector.Jonah.Kim@dtaa.com,,25747,1
{U8Z9-V6TG81MO-9942CXTT},2010-10-26 17:00:41.0,HJK0496,Samuel.Paul.Burns@dtaa.com,,,Hector.Jonah.Kim@dtaa.com,,35029,3
{E8T0-I2YU86YH-9113EKZP},2010-10-27 09:33:26.0,HJK0496,Ferdinand.Leonard.Roth@dtaa.com;Herrod.Len.Parker@dtaa.com,,,Hector.Jonah.Kim@dtaa.com,,27291,1
{X7G3-N1ZE91PZ-0702WHPX},2010-10-27 14:15:50.0,HJK0496,Elvis.Hamilton.Sandoval@dtaa.com,,,Hector.Jonah.Kim@dtaa.com,,33251,0
{O6D1-H2NW26IA-2870LBQS},2010-10-28 09:18:27.0,HJK0496,Kendall.Imani.Lancaster@dtaa.com;Merritt.Abbot.Salinas@dtaa.com;Jena.Karleigh.Fuentes@sbcglobal.net,,,Hector.Jonah.Kim@dtaa.com,,36054,1
{C5V3-X1VQ87OA-5279QVVD},2010-10-28 15:57:30.0,HJK0496,Elton.Noah.Durham@dtaa.com,,,Hector.Jonah.Kim@dtaa.com,,37373,1
{I6M4-L4UE16WN-3375YLRJ},2010-10-28 18:26:52.0,HJK0496,Jena.Karleigh.Fuentes@sbcglobal.net,,,Hector.Jonah.Kim@dtaa.com,,15128,0
{N9S2-J3HQ95DX-6723SEZP},2010-10-29 15:09:19.0,HJK0496,Elvis.Hamilton.Sandoval@dtaa.com;Cheryl.Iliana.Snyder@gmail.com,,,Hector.Jonah.Kim@dtaa.com,,43292,1
{V6V4-Q4CJ57LX-5765NHOI},2010-11-01 17:27:04.0,HJK0496,Merritt.Abbot.Salinas@dtaa.com,,,Hector.Jonah.Kim@dtaa.com,,21768,1
{O7X2-A2HK95BL-3141VBPF},2010-11-01 17:36:08.0,HJK0496,Quyn.Tara.Patterson@dtaa.com;Ferdinand.Leonard.Roth@dtaa.com;Bruce.Keegan.Durham@msn.com,,,Hector.Jonah.Kim@dtaa.com,,29573,2
{R5Q4-Y2QU14UE-2674MTOA},2010-11-02 13:20:24.0,HJK0496,Jena.Karleigh.Fuentes@sbcglobal.net,,,Hector.Jonah.Kim@dtaa.com,,20188,0
{H0L6-X2SY96FO-4904EEFF},2010-11-02 17:55:45.0,HJK0496,Suki.Daria.Puckett@dtaa.com;Ferdinand.Leonard.Roth@dtaa.com,,,Hector.Jonah.Kim@dtaa.com,,51780,0
{H2O6-M5QG44SE-0821YMYM},2010-11-04 13:07:06.0,HJK0496,Abigail.Brianna.Terrell@dtaa.com,,,Hector.Jonah.Kim@dtaa.com,,27418,1
{E4N6-A7DD70YC-9045FRJC},2010-11-04 13:38:23.0,HJK0496,Malachi.Jakeem.Rush@dtaa.com,,,Hector.Jonah.Kim@dtaa.com,,44112,0
{V4X5-A3BI76WB-4387HPZV},2010-11-05 10:00:23.0,HJK0496,Ayanna.Yolanda.Nielsen@dtaa.com,,,Hector.Jonah.Kim@dtaa.com,,15129,1
{L3V2-Z1GA02TE-2221MQPL},2010-11-05 11:10:44.0,HJK0496,Malachi.Jakeem.Rush@dtaa.com;Abigail.Brianna.Terrell@dtaa.com,,,Hector.Jonah.Kim@dtaa.com,,23847,1
{T4P2-K4ML43NW-8132VUZT},2010-11-05 12:22:06.0,HJK0496,Ferdinand.Leonard.Roth@dtaa.com,,,Hector.Jonah.Kim@dtaa.com,,36983,1
{O7W7-O5DX03IP-4714LTQZ},2010-11-08 11:13:27.0,HJK0496,Sybill.Mercedes.Golden@dtaa.com,,,Hector.Jonah.Kim@dtaa.com,,21922,0
{Q8I2-D5PB17GH-9494DQLN},2010-11-08 12:37:24.0,HJK0496,Jena.Karleigh.Fuentes@sbcglobal.net,,,Hector.Jonah.Kim@dtaa.com,,28744,0
{H9I4-P6XG83GZ-9345KIWY},2010-11-08 18:42:29.0,HJK0496,Davis.Gareth.Cote@dtaa.com,,,Hector.Jonah.Kim@dtaa.com,,41465,1
{L4Z5-H0HF54NA-9198TWZD},2010-11-09 10:09:25.0,HJK0496,Kane.Julian.Burgess@dtaa.com,,,Hector.Jonah.Kim@dtaa.com,,35738,0
{D6P6-K6NX77WF-9947WVPI},2010-11-09 10:35:26.0,HJK0496,Sybill.Mercedes.Golden@dtaa.com,,,Hector.Jonah.Kim@dtaa.com,,38880,1
{A3E6-E4OW98NC-5147EWUW},2010-11-10 14:19:13.0,HJK0496,Sybill.Mercedes.Golden@dtaa.com,,,Hector.Jonah.Kim@dtaa.com,,61256,0
{Z6Z7-B7KD53JD-4238YAKH},2010-11-10 15:51:04.0,HJK0496,Bruce.Keegan.Durham@msn.com,,,Hector.Jonah.Kim@dtaa.com,,25546,0
{U6T8-I3OF50JN-2578YANE},2010-11-11 11:13:33.0,HJK0496,Edan.Quinn.Randolph@dtaa.com,,,Hector.Jonah.Kim@dtaa.com,,28083,0
{V2P3-G2YE86VC-9340RZRX},2010-11-11 14:26:20.0,HJK0496,William.Vernon.Booth@dtaa.com,,,Hector.Jonah.Kim@dtaa.com,,31001,0
{H3T3-S2EJ13VJ-7687PKVQ},2010-11-11 18:05:57.0,HJK0496,Elvis.Hamilton.Sandoval@dtaa.com,,,Hector.Jonah.Kim@dtaa.com,,27857,5
{X3V8-X4QO56ZC-2342JTFL},2010-11-12 11:49:35.0,HJK0496,William.Vernon.Booth@dtaa.com,,,Hector.Jonah.Kim@dtaa.com,,29753,6
{K6S0-I7PJ76EC-6021GSBA},2010-11-12 18:05:25.0,HJK0496,Elvis.Hamilton.Sandoval@dtaa.com,,,Hector.Jonah.Kim@dtaa.com,,30483,0
{X1C7-T8GM85EP-8941UOOF},2010-11-15 09:58:22.0,HJK0496,Pearl.Stella.Silva@dtaa.com,,,Hector.Jonah.Kim@dtaa.com,,33361,0
{F1L2-S1WE26PE-7839XADS},2010-11-15 17:33:43.0,HJK0496,Jena.Karleigh.Fuentes@sbcglobal.net,,,Hector.Jonah.Kim@dtaa.com,,32604,2
{X2I5-L9JF75LZ-6582GZKF},2010-11-15 19:04:54.0,HJK0496,Davis.Gareth.Cote@dtaa.com,,,Hector.Jonah.Kim@dtaa.com,,43982,0
{S3A3-X4LK08KI-6584UJFX},2010-11-16 09:19:23.0,HJK0496,Kane.Julian.Burgess@dtaa.com;Eden.Hunter.Ayers@sbcglobal.net,,,Hector.Jonah.Kim@dtaa.com,,19637,1
{O2R5-J0EM36BN-3941MPOL},2010-11-16 15:32:55.0,HJK0496,Jena.Karleigh.Fuentes@sbcglobal.net,,,Hector.Jonah.Kim@dtaa.com,,34879,0
{R1H2-N6FN23QE-1960LABP},2010-11-17 10:40:30.0,HJK0496,Colin.Orson.Finley@dtaa.com,,,Hector.Jonah.Kim@dtaa.com,,38338,0
{H6G9-S6JF18VQ-5995XQDQ},2010-11-17 16:52:53.0,HJK0496,Ferdinand.Leonard.Roth@dtaa.com;Malachi.Jakeem.Rush@dtaa.com,,,Hector.Jonah.Kim@dtaa.com,,30236,2
{R2O6-H0QT80HG-9106VZGR},2010-11-18 10:08:22.0,HJK0496,Bruce.Keegan.Durham@msn.com,,,Hector.Jonah.Kim@dtaa.com,,21679,0
{B0G0-J8BQ85LQ-3111WEZR},2010-11-18 10:47:00.0,HJK0496,Theodore.Uriah.Edwards@dtaa.com;Sybill.Mercedes.Golden@dtaa.com;Jena.Karleigh.Fuentes@sbcglobal.net,,,Hector.Jonah.Kim@dtaa.com,,16744,0
{B7A8-I9BG80FX-8929RGHA},2010-11-18 13:36:16.0,HJK0496,Elvis.Hamilton.Sandoval@dtaa.com;Mallory.Lynn.Osborn@dtaa.com,,,Hector.Jonah.Kim@dtaa.com,,25638,6
{C8D7-B9LL03IE-5480HINI},2010-11-19 10:11:18.0,HJK0496,Davis.Gareth.Cote@dtaa.com,,,Hector.Jonah.Kim@dtaa.com,,39632,1
{Q3X7-G7XS99QU-7710SYDR},2010-11-19 11:26:43.0,HJK0496,Kane.Julian.Burgess@dtaa.com,,,Hector.Jonah.Kim@dtaa.com,,35890,2
{E8U1-D0EU56CF-4455DRBQ},2010-11-19 12:06:51.0,HJK0496,Merritt.Abbot.Salinas@dtaa.com;Sybill.Mercedes.Golden@dtaa.com,,,Hector.Jonah.Kim@dtaa.com,,21856,0
{Y9J9-S9ET27SK-4285BWSH},2010-11-22 13:49:34.0,HJK0496,William.Vernon.Booth@dtaa.com,,,Hector.Jonah.Kim@dtaa.com,,18501,0
{I7T7-A1RP98PP-5037GLAU},2010-11-22 17:24:32.0,HJK0496,Abigail.Brianna.Terrell@dtaa.com;Oscar.Simon.Terry@dtaa.com,,,Hector.Jonah.Kim@dtaa.com,,15775,2
{E0P9-U8HD02RL-0460VULV},2010-11-22 18:34:11.0,HJK0496,Kane.Julian.Burgess@dtaa.com,,,Hector.Jonah.Kim@dtaa.com,,43658,1
{B9D3-J9ID48LB-2752HOBD},2010-11-23 09:17:25.0,HJK0496,Abigail.Brianna.Terrell@dtaa.com;Salvador.Quinn.Price@dtaa.com;Jena.Karleigh.Fuentes@sbcglobal.net,,,Hector.Jonah.Kim@dtaa.com,,33046,5
{A6K7-J1DI18ZQ-3972HZBD},2010-11-23 15:01:27.0,HJK0496,William.Vernon.Booth@dtaa.com;Jena.Karleigh.Fuentes@sbcglobal.net,,,Hector.Jonah.Kim@dtaa.com,,17667,0
{I5N1-I2NK70QG-3236YVNP},2010-11-24 09:24:05.0,HJK0496,Cadman.Allen.Bailey@dtaa.com,,,Hector.Jonah.Kim@dtaa.com,,24954,0
{D0N0-N9LN24CC-4735YABO},2010-11-24 13:31:20.0,HJK0496,Davis.Gareth.Cote@dtaa.com,,,Hector.Jonah.Kim@dtaa.com,,33589,0
{C0J3-G3DK26JV-5424MLPI},2010-11-24 16:27:21.0,HJK0496,Molly.Eliana.Suarez@dtaa.com;Ayanna.Yolanda.Nielsen@dtaa.com,,,Hector.Jonah.Kim@dtaa.com,,22499,1
{A1V6-O2OR58TY-3954YIVH},2010-11-29 12:05:55.0,HJK0496,Molly.Eliana.Suarez@dtaa.com;Yvonne.Galena.Rosales@bellsouth.net,,,Hector.Jonah.Kim@dtaa.com,,26800,2
{V8H8-X9ZH06ZW-3877AMAR},2010-11-29 18:00:03.0,HJK0496,Molly.Eliana.Suarez@dtaa.com,,,Hector.Jonah.Kim@dtaa.com,,15162,0
{Y4I6-S7PL51RD-0265PAGH},2010-11-29 18:52:03.0,HJK0496,Elvis.Hamilton.Sandoval@dtaa.com;Abigail.Brianna.Terrell@dtaa.com,,,Hector.Jonah.Kim@dtaa.com,,30138,1
{R9Q6-J4QZ97GC-3230FRZY},2010-11-30 15:07:04.0,HJK0496,Elvis.Hamilton.Sandoval@dtaa.com,,,Hector.Jonah.Kim@dtaa.com,,24753,2
{O5T1-S7KN94ON-1770BEOU},2010-11-30 16:16:38.0,HJK0496,Davis.Gareth.Cote@dtaa.com,,,Hector.Jonah.Kim@dtaa.com,,28647,0
{V5Q0-Z8LR58SR-6677SBWR},2010-12-01 10:52:35.0,HJK0496,Quyn.Tara.Patterson@dtaa.com,,,Hector.Jonah.Kim@dtaa.com,,19987,0
{N2P4-H5DQ99JM-3086ERQN},2010-12-01 14:55:59.0,HJK0496,Molly.Eliana.Suarez@dtaa.com;Elvis.Hamilton.Sandoval@dtaa.com,,,Hector.Jonah.Kim@dtaa.com,,25415,1
{E9O3-G6OS79ZN-8747JMLD},2010-12-01 17:31:39.0,HJK0496,Abigail.Brianna.Terrell@dtaa.com;Ayanna.Yolanda.Nielsen@dtaa.com;Bruce.Keegan.Durham@msn.com,,,Hector.Jonah.Kim@dtaa.com,,27815,1
{P3V3-V6KZ41WL-0981EEMD},2010-12-02 13:18:01.0,HJK0496,Rudyard.Talon.Hickman@dtaa.com;John.Leroy.Whitehead@dtaa.com,,,Hector.Jonah.Kim@dtaa.com,,45377,2
{A5K8-E5KD10OU-4822PIMJ},2010-12-02 14:38:58.0,HJK0496,Abigail.Brianna.Terrell@dtaa.com;Elvis.Hamilton.Sandoval@dtaa.com,,,Hector.Jonah.Kim@dtaa.com,,13520,1
{J9D1-I1NO78ET-5747LBQO},2010-12-02 19:03:26.0,HJK0496,Hall.Bruce.Copeland@dtaa.com,,,Hector.Jonah.Kim@dtaa.com,,19676,0
{M9Q2-Y1MB85YG-7683JFER},2010-12-03 11:08:18.0,HJK0496,Bruce.Keegan.Durham@msn.com,,,Hector.Jonah.Kim@dtaa.com,,20281,0
{S4Z4-V0NX36OZ-5179PDZP},2010-12-03 14:06:27.0,HJK0496,Elvis.Hamilton.Sandoval@dtaa.com;Ayanna.Yolanda.Nielsen@dtaa.com;Chantale.Brenda.Boone@dtaa.com,,,Hector.Jonah.Kim@dtaa.com,,48172,1
{A8Z6-S8NX08LP-2626LOXY},2010-12-06 12:12:34.0,HJK0496,Jena.Karleigh.Fuentes@sbcglobal.net,,,Hector.Jonah.Kim@dtaa.com,,57982,1
{Q8F0-A0SJ84ZS-7300YVJZ},2010-12-06 12:39:58.0,HJK0496,Kane.Julian.Burgess@dtaa.com,,,Hector.Jonah.Kim@dtaa.com,,24032,0
{A8X9-K8OO20ER-6280UOBA},2010-12-07 18:15:16.0,HJK0496,Merritt.Abbot.Salinas@dtaa.com,,,Hector.Jonah.Kim@dtaa.com,,26660,1
{R0A4-Q4GV80LP-3685DMJL},2010-12-08 16:30:13.0,HJK0496,Davis.Gareth.Cote@dtaa.com,,,Hector.Jonah.Kim@dtaa.com,,60039,1
{S3G7-J9CK05CJ-7706IFEI},2010-12-09 13:28:15.0,HJK0496,Abigail.Brianna.Terrell@dtaa.com,,,Hector.Jonah.Kim@dtaa.com,,24400,0
{J5H8-O8RS71NF-9100TJBB},2010-12-09 14:49:36.0,HJK0496,Davis.Gareth.Cote@dtaa.com;William.Richard.Mccray@earthlink.net,,,Hector.Jonah.Kim@dtaa.com,,23649,1
{H3X4-D1ZD12FS-3013JVXS},2010-12-10 12:16:48.0,HJK0496,Sybill.Mercedes.Golden@dtaa.com,,,Hector.Jonah.Kim@dtaa.com,,49161,5
{P5F1-E5DC37GO-5551RUWB},2010-12-10 12:23:03.0,HJK0496,Ayanna.Yolanda.Nielsen@dtaa.com,,,Hector.Jonah.Kim@dtaa.com,,16143,0
{J1M0-D2ND17TJ-8332FKKZ},2010-12-13 12:31:17.0,HJK0496,Britanni.Violet.Lara@yahoo.com,,,Hector.Jonah.Kim@dtaa.com,,34814,0
{V2B8-F5ZE16DG-3474DMTD},2010-12-13 17:51:01.0,HJK0496,Elvis.Hamilton.Sandoval@dtaa.com;Ferdinand.Leonard.Roth@dtaa.com,,,Hector.Jonah.Kim@dtaa.com,,31690,1
{T7X2-R6ZT31LZ-3454LQVZ},2010-12-14 12:19:45.0,HJK0496,Abigail.Brianna.Terrell@dtaa.com,,,Hector.Jonah.Kim@dtaa.com,,57213,0
{V8A6-Z0YC96PL-1020LTPL},2010-12-14 12:39:12.0,HJK0496,Roth.Laith.Pena@dtaa.com;Sybill.Mercedes.Golden@dtaa.com,,,Hector.Jonah.Kim@dtaa.com,,33350,0
{C2X3-E1JG21GA-6841RHAY},2010-12-14 15:29:36.0,HJK0496,Sybill.Mercedes.Golden@dtaa.com,,,Hector.Jonah.Kim@dtaa.com,,31665,0
{H0N8-R7BK05GN-3104IZYU},2010-12-15 11:02:14.0,HJK0496,Malachi.Jakeem.Rush@dtaa.com;Jena.Karleigh.Fuentes@sbcglobal.net,,,Hector.Jonah.Kim@dtaa.com,,20636,1
{W3D9-K5HT59NG-2591GHWC},2010-12-15 11:58:20.0,HJK0496,Ayanna.Yolanda.Nielsen@dtaa.com,,,Hector.Jonah.Kim@dtaa.com,,24652,0
{N4Y9-V1ML48GI-4832JYAJ},2010-12-15 18:03:16.0,HJK0496,Darius.William.Perez@dtaa.com;Suki.Daria.Puckett@dtaa.com;Malachi.Jakeem.Rush@dtaa.com;Molly.Eliana.Suarez@dtaa.com,,,Hector.Jonah.Kim@dtaa.com,,31020,1
{B6A4-O3VZ52QI-5714ISUL},2010-12-16 09:38:43.0,HJK0496,Elvis.Hamilton.Sandoval@dtaa.com;Merritt.Abbot.Salinas@dtaa.com;Jena.Karleigh.Fuentes@sbcglobal.net,,,Hector.Jonah.Kim@dtaa.com,,36959,1
{A8S3-R7HE57UW-2323IXUX},2010-12-16 14:54:28.0,HJK0496,Abigail.Brianna.Terrell@dtaa.com,,,Hector.Jonah.Kim@dtaa.com,,25352,0
{H2S0-S4KS58GK-5145RFVI},2010-12-16 15:42:30.0,HJK0496,Austin.Stewart.Mccarthy@dtaa.com,,,Hector.Jonah.Kim@dtaa.com,,27744,0
{E3F6-K6DB47QZ-2717XYIJ},2010-12-17 12:42:36.0,HJK0496,Bruce.Keegan.Durham@msn.com,,,Hector.Jonah.Kim@dtaa.com,,21135,0
{N8C1-B4SS12MN-7999KUWQ},2010-12-17 14:17:32.0,HJK0496,Daquan.Wing.Gutierrez@dtaa.com,,,Hector.Jonah.Kim@dtaa.com,,32287,0
{K2W2-X1QV18QV-5454PBMR},2010-12-20 11:13:18.0,HJK0496,Molly.Eliana.Suarez@dtaa.com,,,Hector.Jonah.Kim@dtaa.com,,42128,1
{A1X6-M2EC32YH-7632XIAJ},2010-12-21 14:49:22.0,HJK0496,Abigail.Brianna.Terrell@dtaa.com,,,Hector.Jonah.Kim@dtaa.com,,38375,0
{W9M5-H6MK32QC-5455XHVD},2010-12-22 12:07:12.0,HJK0496,William.Vernon.Booth@dtaa.com;Harrison.Alec.Mccormick@dtaa.com,,,Hector.Jonah.Kim@dtaa.com,,52804,4
{K1A7-R2QB22RJ-5701FTLN},2010-12-27 12:57:26.0,HJK0496,Kane.Julian.Burgess@dtaa.com;Bruce.Keegan.Durham@msn.com,,,Hector.Jonah.Kim@dtaa.com,,14354,1
{X9R9-V2UI65GZ-2137OUQU},2010-12-28 19:20:43.0,HJK0496,Cole.Thaddeus.Ellison@dtaa.com,,,Hector.Jonah.Kim@dtaa.com,,14567,0
{C5S8-K0WF99JK-5187IGRB},2010-12-29 12:20:17.0,HJK0496,Benjamin.Wang.Lopez@hp.com,,,Hector.Jonah.Kim@dtaa.com,,30670,0
{C4I4-H2EN68UB-4227AZHU},2010-12-29 17:42:37.0,HJK0496,Molly.Eliana.Suarez@dtaa.com;Bruce.Keegan.Durham@msn.com;Alyssa.Sigourney.Cabrera@harris.com,,,Hector.Jonah.Kim@dtaa.com,,19906,2
{G8K6-S2LW14BZ-8543ZGFP},2010-12-29 18:17:04.0,HJK0496,Elvis.Hamilton.Sandoval@dtaa.com,,,Hector.Jonah.Kim@dtaa.com,,24106,0
{C2Z4-Z9LM67DJ-0176QCFE},2010-12-30 13:55:02.0,HJK0496,Ferdinand.Leonard.Roth@dtaa.com,,,Hector.Jonah.Kim@dtaa.com,,30285,0
{O8R9-L9DC03SE-9131GSKT},2010-12-30 14:22:24.0,HJK0496,Jena.Karleigh.Fuentes@sbcglobal.net,,,Hector.Jonah.Kim@dtaa.com,,18493,1
{T2V8-O9SC43AO-7848HOQW},2010-12-30 14:50:12.0,HJK0496,Kane.Julian.Burgess@dtaa.com,,,Hector.Jonah.Kim@dtaa.com,,34082,0
{V6W4-M1DU69BJ-5707YVSJ},2011-01-03 10:37:48.0,HJK0496,Malachi.Jakeem.Rush@dtaa.com;Merritt.Abbot.Salinas@dtaa.com,,,Hector.Jonah.Kim@dtaa.com,,24648,0
{I6X6-J1RK41HR-2488MULL},2011-01-03 18:33:06.0,HJK0496,Jena.Karleigh.Fuentes@sbcglobal.net,,,Hector.Jonah.Kim@dtaa.com,,29447,0
{X5H6-T6PH36AW-9291KWSU},2011-01-04 11:06:00.0,HJK0496,Jena.Karleigh.Fuentes@sbcglobal.net,,,Hector.Jonah.Kim@dtaa.com,,26460,1
{S3N3-I6ZQ67MJ-5771SUPI},2011-01-04 16:52:01.0,HJK0496,Sybill.Mercedes.Golden@dtaa.com,,,Hector.Jonah.Kim@dtaa.com,,54803,0
{T9N1-B0LX61TY-1057CXIU},2011-01-05 13:54:28.0,HJK0496,Elvis.Hamilton.Sandoval@dtaa.com,,,Hector.Jonah.Kim@dtaa.com,,38609,0
{J8E2-B7LH67YW-0823AJOL},2011-01-05 17:32:05.0,HJK0496,Quyn.Tara.Patterson@dtaa.com;Elvis.Hamilton.Sandoval@dtaa.com,,,Hector.Jonah.Kim@dtaa.com,,22758,0
{Z6U1-Q9IN77WK-5647JXMN},2011-01-06 12:54:15.0,HJK0496,Ayanna.Yolanda.Nielsen@dtaa.com;Jena.Karleigh.Fuentes@sbcglobal.net,,,Hector.Jonah.Kim@dtaa.com,,19870,1
{K5Y8-C8AG72TZ-4185UERH},2011-01-07 09:29:25.0,HJK0496,Elvis.Hamilton.Sandoval@dtaa.com;Ayanna.Yolanda.Nielsen@dtaa.com,,,Hector.Jonah.Kim@dtaa.com,,21570,1
{A2G8-A6NC93HR-3695PPGA},2011-01-07 10:06:33.0,HJK0496,Ayanna.Yolanda.Nielsen@dtaa.com,,,Hector.Jonah.Kim@dtaa.com,,26693,0
{C4C0-O3BX66XT-0607VYEU},2011-01-07 16:16:38.0,HJK0496,Molly.Eliana.Suarez@dtaa.com;Nadine.Latifah.Chavez@msn.com,,,Hector.Jonah.Kim@dtaa.com,,29135,1
{B2J7-A2DW46VD-1247PFWR},2011-01-10 11:54:34.0,HJK0496,Molly.Eliana.Suarez@dtaa.com,,,Hector.Jonah.Kim@dtaa.com,,23213,0
{C7K3-M6OZ47JF-1043LMZV},2011-01-11 10:50:35.0,HJK0496,William.Vernon.Booth@dtaa.com,,,Hector.Jonah.Kim@dtaa.com,,24949,0
{Z5E7-E8KT31QO-1298EZAT},2011-01-11 15:10:56.0,HJK0496,Jena.Karleigh.Fuentes@sbcglobal.net,,,Hector.Jonah.Kim@dtaa.com,,15387,0
{A1Y7-L6SP03AH-1003MTKH},2011-01-13 09:49:01.0,HJK0496,Abigail.Brianna.Terrell@dtaa.com,,,Hector.Jonah.Kim@dtaa.com,,27050,5
{Y1P2-B0GA90SW-1615QLWE},2011-01-13 18:53:00.0,HJK0496,Merritt.Abbot.Salinas@dtaa.com,,,Hector.Jonah.Kim@dtaa.com,,41227,0
{X3X2-G1JE43UK-0217ILHU},2011-01-14 10:05:22.0,HJK0496,Jena.Karleigh.Fuentes@sbcglobal.net,,,Hector.Jonah.Kim@dtaa.com,,31151,1
{W4D9-M7HZ71CB-0499VFIO},2011-01-14 14:04:36.0,HJK0496,Elvis.Hamilton.Sandoval@dtaa.com;Kane.Julian.Burgess@dtaa.com;Ferdinand.Leonard.Roth@dtaa.com,,,Hector.Jonah.Kim@dtaa.com,,42547,1
{W7M0-T5KW77CM-5031VMAV},2011-01-14 15:27:21.0,HJK0496,Jena.Karleigh.Fuentes@sbcglobal.net;Bruce.Keegan.Durham@msn.com,,,Hector.Jonah.Kim@dtaa.com,,25728,0
{H3M1-M3EM10KA-1689AAAG},2011-01-17 16:27:58.0,HJK0496,Theodore.Uriah.Edwards@dtaa.com;Molly.Eliana.Suarez@dtaa.com,,,Hector.Jonah.Kim@dtaa.com,,23218,0
{N7P1-L8DT74GO-6418WZLU},2011-01-17 17:56:46.0,HJK0496,Irene.Beatrice.Cotton@dtaa.com,,,Hector.Jonah.Kim@dtaa.com,,25583,3
{M1K8-C2IB95YP-4369OXUX},2011-01-18 09:59:28.0,HJK0496,Abraham.Perry.Reyes@dtaa.com,,,Hector.Jonah.Kim@dtaa.com,,35982,2
{E3P0-C3EX06KR-9068UUMJ},2011-01-18 14:15:57.0,HJK0496,Elvis.Hamilton.Sandoval@dtaa.com;Molly.Eliana.Suarez@dtaa.com,,,Hector.Jonah.Kim@dtaa.com,,46955,8
{U0X4-T1YE41RS-2262EGPW},2011-01-19 09:30:48.0,HJK0496,Abigail.Brianna.Terrell@dtaa.com,,,Hector.Jonah.Kim@dtaa.com,,48389,1
{V0N1-B8VO38ZA-6642NZIH},2011-01-19 09:57:16.0,HJK0496,Ferdinand.Leonard.Roth@dtaa.com,,,Hector.Jonah.Kim@dtaa.com,,17678,0
{Y3O6-D9NR62XS-3466RWFC},2011-01-19 12:31:29.0,HJK0496,Jena.Karleigh.Fuentes@sbcglobal.net,,,Hector.Jonah.Kim@dtaa.com,,32836,0
{T9X7-M5IA82ML-9551IPMH},2011-01-20 17:15:14.0,HJK0496,William.Vernon.Booth@dtaa.com;Ferdinand.Leonard.Roth@dtaa.com;Xena.Genevieve.Berg@cox.net,,,Hector.Jonah.Kim@dtaa.com,,27179,1
{C4R4-D7YZ49FY-4083NQHD},2011-01-21 13:35:42.0,HJK0496,Ferdinand.Leonard.Roth@dtaa.com,,,Hector.Jonah.Kim@dtaa.com,,28518,0
{W8R4-C2TG57YD-5761TVTV},2011-01-21 13:48:44.0,HJK0496,Molly.Eliana.Suarez@dtaa.com;Abigail.Brianna.Terrell@dtaa.com,,,Hector.Jonah.Kim@dtaa.com,,17518,1
{M3T7-H2AN55PY-6474QLQZ},2011-01-24 11:28:31.0,HJK0496,Ferdinand.Leonard.Roth@dtaa.com;Kirsten.Nevada.Wilkerson@dtaa.com;William.Vernon.Booth@dtaa.com,,,Hector.Jonah.Kim@dtaa.com,,30239,0
{B7B9-Z1BF58PV-0214RXBF},2011-01-25 14:04:19.0,HJK0496,Elvis.Hamilton.Sandoval@dtaa.com;Jena.Karleigh.Fuentes@sbcglobal.net,,,Hector.Jonah.Kim@dtaa.com,,18943,2
{L3E0-V8ZF96XZ-0296AIID},2011-01-25 17:43:18.0,HJK0496,Merritt.Abbot.Salinas@dtaa.com;Molly.Eliana.Suarez@dtaa.com,,,Hector.Jonah.Kim@dtaa.com,,24862,0
{G8W5-O4HF17NB-0411LQEO},2011-01-26 10:14:04.0,HJK0496,Dorothy.Zenia.Odonnell@dtaa.com,,,Hector.Jonah.Kim@dtaa.com,,29249,0
{E6U7-Y5NA07AB-6630UTMY},2011-01-26 14:33:43.0,HJK0496,Bruce.Keegan.Durham@msn.com,,,Hector.Jonah.Kim@dtaa.com,,25246,1
{V9V4-O9IA47SE-3638VDDD},2011-01-27 09:26:30.0,HJK0496,Carson.Amal.Orr@dtaa.com,,,Hector.Jonah.Kim@dtaa.com,,21592,0
{S0Y1-O9AA47OS-0740YBPH},2011-01-27 12:30:30.0,HJK0496,Robert.Harrison.Richard@dtaa.com;Ferris.Thomas.Vargas@dtaa.com;Kyla.Katelyn.Calhoun@dtaa.com,,,Hector.Jonah.Kim@dtaa.com,,25133,0
{O8O4-C1GQ43DZ-2973BDHD},2011-01-27 18:05:22.0,HJK0496,Malachi.Jakeem.Rush@dtaa.com,,,Hector.Jonah.Kim@dtaa.com,,33666,1
{O2L4-D7UH89QT-3551YYKE},2011-01-28 09:52:13.0,HJK0496,Quyn.Tara.Patterson@dtaa.com,,,Hector.Jonah.Kim@dtaa.com,,30975,1
{I1F0-O5ZS21KB-5552EEVH},2011-01-28 12:41:18.0,HJK0496,Abigail.Brianna.Terrell@dtaa.com,,,Hector.Jonah.Kim@dtaa.com,,36936,0
{Z2I9-E1HH06AS-9729SPNA},2011-01-31 15:38:40.0,HJK0496,Abigail.Brianna.Terrell@dtaa.com,,,Hector.Jonah.Kim@dtaa.com,,39668,2
{P0D8-M6FN35CL-5590QMOR},2011-01-31 18:33:52.0,HJK0496,William.Vernon.Booth@dtaa.com,,,Hector.Jonah.Kim@dtaa.com,,33641,0
{I1I4-R9OS42LN-3366NOIV},2011-02-01 09:32:22.0,HJK0496,Elvis.Hamilton.Sandoval@dtaa.com,,,Hector.Jonah.Kim@dtaa.com,,19363,1
{Z2S2-L3US62CU-0940UJOF},2011-02-01 10:07:05.0,HJK0496,Kane.Julian.Burgess@dtaa.com;Callum.Gray.Farley@dtaa.com,,,Hector.Jonah.Kim@dtaa.com,,39328,0
{I2K4-J0HF86VR-9663JNXU},2011-02-01 17:35:43.0,HJK0496,Dakota.Clare.Williamson@dtaa.com,,,Hector.Jonah.Kim@dtaa.com,,22250,3
{X1C2-M9XR41SR-4320USUQ},2011-02-02 10:01:25.0,HJK0496,William.Vernon.Booth@dtaa.com,,,Hector.Jonah.Kim@dtaa.com,,20449,2
{L0Q0-F5QF55ZO-2659AZJK},2011-02-02 15:04:18.0,HJK0496,Molly.Eliana.Suarez@dtaa.com,,,Hector.Jonah.Kim@dtaa.com,,85078,0
{K4G8-L0AN83ZX-8938INBT},2011-02-02 18:27:20.0,HJK0496,Abigail.Brianna.Terrell@dtaa.com;Davis.Gareth.Cote@dtaa.com,,,Hector.Jonah.Kim@dtaa.com,,38683,0
{W6I7-Z6MA32XC-0684DHNS},2011-02-03 09:48:57.0,HJK0496,Barclay.Adrian.Weiss@dtaa.com;William.Vernon.Booth@dtaa.com,,,Hector.Jonah.Kim@dtaa.com,,60793,1
{B8X4-V6OL48OG-2208FVKT},2011-02-03 11:14:01.0,HJK0496,Jena.Karleigh.Fuentes@sbcglobal.net,,,Hector.Jonah.Kim@dtaa.com,,45475,0
{Y5P6-X2UO69BH-8392LZCU},2011-02-04 12:10:00.0,HJK0496,Kathleen.Audrey.Vargas@dtaa.com,,,Hector.Jonah.Kim@dtaa.com,,20242,0
{Y8M5-D8MA82JG-4584TDFY},2011-02-04 18:33:50.0,HJK0496,Jena.Karleigh.Fuentes@sbcglobal.net,,,Hector.Jonah.Kim@dtaa.com,,23892,0
{I8S1-C3FM54HR-4554ORNU},2011-02-04 18:55:33.0,HJK0496,Ursula.Quail.Robbins@dtaa.com,,,Hector.Jonah.Kim@dtaa.com,,30339,0
{I8B3-E0TR87TD-7784EWXK},2011-02-07 14:32:20.0,HJK0496,Nerea.Joy.Richardson@dtaa.com;Benjamin.Gannon.Rodriquez@dtaa.com,,,Hector.Jonah.Kim@dtaa.com,,34058,0
{I3Q5-Y8YX72TR-3492KNEC},2011-02-08 11:11:13.0,HJK0496,Kane.Julian.Burgess@dtaa.com,,,Hector.Jonah.Kim@dtaa.com,,23186,1
{G6C8-H5TR36NB-6426MZUR},2011-02-09 09:24:18.0,HJK0496,Malachi.Jakeem.Rush@dtaa.com,,,Hector.Jonah.Kim@dtaa.com,,30402,0
{H9D1-W5GY38ZH-6049MZGS},2011-02-09 16:13:04.0,HJK0496,Ferdinand.Leonard.Roth@dtaa.com,,,Hector.Jonah.Kim@dtaa.com,,32695,0
{I7G6-F4XX98ZJ-7004HQBV},2011-02-10 09:54:00.0,HJK0496,William.Vernon.Booth@dtaa.com,,,Hector.Jonah.Kim@dtaa.com,,17117,1
{M3E1-R2IZ52PW-7744EFST},2011-02-10 16:36:47.0,HJK0496,Sybill.Mercedes.Golden@dtaa.com,,,Hector.Jonah.Kim@dtaa.com,,26126,0
{Q3E0-Y2MN82ZV-3042QTAG},2011-02-11 15:33:36.0,HJK0496,Elvis.Hamilton.Sandoval@dtaa.com,,,Hector.Jonah.Kim@dtaa.com,,15647,0
{K3R1-P8NM90YX-9850TXRI},2011-02-11 18:12:13.0,HJK0496,Elvis.Hamilton.Sandoval@dtaa.com,,,Hector.Jonah.Kim@dtaa.com,,31936,0
{P1Z3-L1RF85EZ-2339CKII},2011-02-15 10:46:52.0,HJK0496,Sybill.Mercedes.Golden@dtaa.com,,,Hector.Jonah.Kim@dtaa.com,,18407,0
{T7Q3-C7DY96VD-2965SXVH},2011-02-15 17:45:58.0,HJK0496,William.Vernon.Booth@dtaa.com;Zeph.Christopher.Battle@dtaa.com,,,Hector.Jonah.Kim@dtaa.com,,34919,0
{H2P7-D8MY40EZ-9028FOCF},2011-02-15 18:57:25.0,HJK0496,Elvis.Hamilton.Sandoval@dtaa.com;Judah.John.Barker@dtaa.com;Molly.Eliana.Suarez@dtaa.com,,,Hector.Jonah.Kim@dtaa.com,,25338,3
{I5G4-Z7SW54MI-6541LEFD},2011-02-16 14:16:33.0,HJK0496,Elvis.Hamilton.Sandoval@dtaa.com,,,Hector.Jonah.Kim@dtaa.com,,38111,0
{S0A5-K4YC32NJ-5036VOYC},2011-02-16 16:29:23.0,HJK0496,Josephine.Sylvia.Parsons@dtaa.com;Jena.Karleigh.Fuentes@sbcglobal.net,,,Hector.Jonah.Kim@dtaa.com,,27711,1
{Z0W4-S6OQ42ME-2821IRLV},2011-02-17 11:45:10.0,HJK0496,Jena.Karleigh.Fuentes@sbcglobal.net,,,Hector.Jonah.Kim@dtaa.com,,29275,1
{J5A5-T8ZL85FL-8480FFRY},2011-02-17 16:50:54.0,HJK0496,Aiko.Candace.Brock@dtaa.com,,,Hector.Jonah.Kim@dtaa.com,,68446,0
{W7T8-A4VT76HR-1710UQUA},2011-02-18 13:21:22.0,HJK0496,Davis.Gareth.Cote@dtaa.com,,,Hector.Jonah.Kim@dtaa.com,,27761,0
{J0A7-S7LE22JC-4717AZVU},2011-02-21 18:48:26.0,HJK0496,Jena.Karleigh.Fuentes@sbcglobal.net,,,Hector.Jonah.Kim@dtaa.com,,31984,0
{R1N4-B7HE14KL-9582OKGJ},2011-02-21 18:54:19.0,HJK0496,Davis.Gareth.Cote@dtaa.com;Francesca.Aimee.Mendoza@dtaa.com,,,Hector.Jonah.Kim@dtaa.com,,20642,0
{Y7C7-O1QY27GG-8175GKYW},2011-02-22 12:48:50.0,HJK0496,Merritt.Abbot.Salinas@dtaa.com;Jena.Karleigh.Fuentes@sbcglobal.net,,,Hector.Jonah.Kim@dtaa.com,,38238,0
{J1U2-A8KD90GX-4004QSUB},2011-02-23 09:42:31.0,HJK0496,Sybill.Mercedes.Golden@dtaa.com,,,Hector.Jonah.Kim@dtaa.com,,29840,0
{L3Q1-F1HW29ME-3379BUEA},2011-02-24 11:05:09.0,HJK0496,William.Vernon.Booth@dtaa.com,,,Hector.Jonah.Kim@dtaa.com,,47394,5
{L0U9-C4UF66UP-4934PLKZ},2011-02-24 12:38:58.0,HJK0496,Elvis.Hamilton.Sandoval@dtaa.com,,,Hector.Jonah.Kim@dtaa.com,,25026,0
{P3S2-S4WO40EW-0357CVYZ},2011-02-25 10:21:40.0,HJK0496,Jena.Karleigh.Fuentes@sbcglobal.net,,,Hector.Jonah.Kim@dtaa.com,,15998,3
{Q5V5-D4YN07SW-8974POVW},2011-02-25 18:59:52.0,HJK0496,Chloe.Darrel.Hobbs@dtaa.com,,,Hector.Jonah.Kim@dtaa.com,,23533,0
{L4U1-H5FN16MS-1986NFMA},2011-02-28 16:48:09.0,HJK0496,Quyn.Tara.Patterson@dtaa.com;Castor.Rafael.Gregory@dtaa.com,,,Hector.Jonah.Kim@dtaa.com,,45626,1
{N4N5-R7RS73BK-3165XTID},2011-02-28 19:05:20.0,HJK0496,William.Vernon.Booth@dtaa.com,,,Hector.Jonah.Kim@dtaa.com,,18108,2
{I8U8-X0XF65DU-8053TJKE},2011-03-01 11:42:18.0,HJK0496,Quyn.Tara.Patterson@dtaa.com,,,Hector.Jonah.Kim@dtaa.com,,44386,1
{Q0Z1-M9SK63LU-0047JGDT},2011-03-02 10:49:15.0,HJK0496,Abigail.Brianna.Terrell@dtaa.com,,,Hector.Jonah.Kim@dtaa.com,,26621,4
{I9R9-S3FP27SR-8944NGBI},2011-03-02 13:52:35.0,HJK0496,Nadine.Anjolie.Gregory@dtaa.com,,,Hector.Jonah.Kim@dtaa.com,,36200,2
{Z9Y9-S2PT93JP-7118XDJX},2011-03-02 15:14:40.0,HJK0496,Kane.Julian.Burgess@dtaa.com,,,Hector.Jonah.Kim@dtaa.com,,30620,0
{S7B2-D3FB87AD-7514IEXM},2011-03-03 11:21:07.0,HJK0496,Malachi.Jakeem.Rush@dtaa.com,,,Hector.Jonah.Kim@dtaa.com,,36141,1
{F7N8-F3GG65OL-3807ABRW},2011-03-03 15:28:13.0,HJK0496,Elvis.Hamilton.Sandoval@dtaa.com,,,Hector.Jonah.Kim@dtaa.com,,35785,4
{Q4M8-X6NK01LN-1846MVVZ},2011-03-03 18:18:31.0,HJK0496,Sybill.Mercedes.Golden@dtaa.com,,,Hector.Jonah.Kim@dtaa.com,,23273,0
{J0D7-P5WA12WO-4098DOUD},2011-03-04 15:39:15.0,HJK0496,Jena.Karleigh.Fuentes@sbcglobal.net,,,Hector.Jonah.Kim@dtaa.com,,18809,2
{K5L5-I1PH81RC-3784ACKZ},2011-03-04 18:15:38.0,HJK0496,Kane.Julian.Burgess@dtaa.com,,,Hector.Jonah.Kim@dtaa.com,,23876,0
{C7P2-B3ED75ZN-0670CTVQ},2011-03-07 13:08:07.0,HJK0496,Kane.Julian.Burgess@dtaa.com;Elvis.Hamilton.Sandoval@dtaa.com,,,Hector.Jonah.Kim@dtaa.com,,28167,1
{C2F7-S6UE42HP-8363OMPZ},2011-03-07 17:50:06.0,HJK0496,Kane.Julian.Burgess@dtaa.com,,,Hector.Jonah.Kim@dtaa.com,,31974,0
{U1W6-D4AV44KP-0696WKVM},2011-03-08 11:10:14.0,HJK0496,William.Vernon.Booth@dtaa.com,,,Hector.Jonah.Kim@dtaa.com,,38605,2
{B6H0-E8HB59FL-6509IROU},2011-03-08 16:11:51.0,HJK0496,Malachi.Jakeem.Rush@dtaa.com,,,Hector.Jonah.Kim@dtaa.com,,40262,0
{T8D6-O3VR85KX-3660LWGN},2011-03-08 19:10:02.0,HJK0496,Timothy.Deacon.Bates@dtaa.com,,,Hector.Jonah.Kim@dtaa.com,,28688,0
{S5O2-D1PA39ZC-0783DCHG},2011-03-09 13:31:18.0,HJK0496,Quyn.Tara.Patterson@dtaa.com,,,Hector.Jonah.Kim@dtaa.com,,26502,0
{P6R9-Q7SM81XL-0200QYXG},2011-03-09 16:08:20.0,HJK0496,William.Vernon.Booth@dtaa.com;Malachi.Jakeem.Rush@dtaa.com;Bruce.Keegan.Durham@msn.com,,,Hector.Jonah.Kim@dtaa.com,,33444,0
{M6U5-C9LI28EL-8916HLEW},2011-03-09 18:36:23.0,HJK0496,Abigail.Brianna.Terrell@dtaa.com,,,Hector.Jonah.Kim@dtaa.com,,31838,0
{O7Y9-V9QC36OI-2244ROKO},2011-03-10 12:17:46.0,HJK0496,William.Vernon.Booth@dtaa.com,,,Hector.Jonah.Kim@dtaa.com,,42723,0
{H0Y4-V0OA87PO-8740JRUF},2011-03-11 09:22:12.0,HJK0496,Bruce.Keegan.Durham@msn.com,,,Hector.Jonah.Kim@dtaa.com,,31694,2
{F7K8-Q6NY40EH-3168XQIM},2011-03-14 09:31:15.0,HJK0496,Merritt.Abbot.Salinas@dtaa.com,,,Hector.Jonah.Kim@dtaa.com,,33301,0
{P5X1-M2VP29MI-8751XZKO},2011-03-14 15:13:12.0,HJK0496,Abigail.Brianna.Terrell@dtaa.com,,,Hector.Jonah.Kim@dtaa.com,,20005,1
{X8O8-M7XS52GV-2225OWXC},2011-03-15 11:16:28.0,HJK0496,Jena.Karleigh.Fuentes@sbcglobal.net,,,Hector.Jonah.Kim@dtaa.com,,18993,1
{L2D1-O3FF00RY-3137DJCX},2011-03-15 12:20:10.0,HJK0496,Griffin.Erich.Underwood@dtaa.com;Quyn.Tara.Patterson@dtaa.com;Ivana.Octavia.Terrell@dtaa.com,,,Hector.Jonah.Kim@dtaa.com,,21989,0
{X4Y5-L9XI31KL-4111HCIX},2011-03-15 12:57:44.0,HJK0496,Merritt.Abbot.Salinas@dtaa.com,,,Hector.Jonah.Kim@dtaa.com,,15647,1
{H0Q5-A3HR04KJ-8409UTHZ},2011-03-16 11:21:16.0,HJK0496,Chancellor.Rigel.William@dtaa.com,,,Hector.Jonah.Kim@dtaa.com,,50777,0
{P9N7-X6EY63FB-6287NTHL},2011-03-16 12:59:34.0,HJK0496,Wade.Castor.Cabrera@dtaa.com,,,Hector.Jonah.Kim@dtaa.com,,24518,1
{T8K3-D2VJ21RB-3242HZKH},2011-03-16 15:37:48.0,HJK0496,Sybill.Mercedes.Golden@dtaa.com,,,Hector.Jonah.Kim@dtaa.com,,28830,5
{T3S3-Y2JR28OV-8674PQYM},2011-03-17 15:43:55.0,HJK0496,William.Vernon.Booth@dtaa.com;Nina.Justina.Goodman@dtaa.com,,,Hector.Jonah.Kim@dtaa.com,,23905,1
{B4G4-A4PE21UE-4006CJJX},2011-03-18 18:40:05.0,HJK0496,Nicole.Uma.Guthrie@dtaa.com,,,Hector.Jonah.Kim@dtaa.com,,24172,0
{M1H6-B1PX32UP-1419NRTA},2011-03-21 15:37:38.0,HJK0496,Chava.Ursa.Dotson@dtaa.com,,,Hector.Jonah.Kim@dtaa.com,,25519,0
{Z2S2-O7YB44QB-7547MZQC},2011-03-21 15:45:21.0,HJK0496,Elvis.Hamilton.Sandoval@dtaa.com,,,Hector.Jonah.Kim@dtaa.com,,25532,2
{E2Z6-V9PN36EZ-5791ZUWW},2011-03-22 11:48:34.0,HJK0496,William.Richard.Mccray@earthlink.net,,,Hector.Jonah.Kim@dtaa.com,,24562,1
{W1K4-X4EA01ID-6408LVGE},2011-03-22 14:58:43.0,HJK0496,Cassidy.Serina.Watson@dtaa.com;Merritt.Abbot.Salinas@dtaa.com,,,Hector.Jonah.Kim@dtaa.com,,32198,1
{P2X4-E0CQ24DQ-5499YLFU},2011-03-22 16:43:04.0,HJK0496,Vance.Joshua.Booth@dtaa.com,,,Hector.Jonah.Kim@dtaa.com,,31143,0
{F9Y3-P5TB86VL-7613DWVO},2011-03-23 11:09:27.0,HJK0496,William.Richard.Mccray@earthlink.net,,,Hector.Jonah.Kim@dtaa.com,,23328,1
{Y1F6-E5SM34TN-3117VLZQ},2011-03-23 16:50:32.0,HJK0496,Sybill.Mercedes.Golden@dtaa.com;Merritt.Abbot.Salinas@dtaa.com;Yvonne.Galena.Rosales@bellsouth.net,,,Hector.Jonah.Kim@dtaa.com,,22564,2
{Z6L0-U3BY65AZ-4839HJML},2011-03-24 17:49:13.0,HJK0496,Sybill.Mercedes.Golden@dtaa.com;Sharon.Montana.Barnett@dtaa.com,,,Hector.Jonah.Kim@dtaa.com,,23632,2
{C9Q6-Y2KF45YY-5180NURM},2011-03-25 12:29:38.0,HJK0496,Quyn.Tara.Patterson@dtaa.com,,,Hector.Jonah.Kim@dtaa.com,,56650,0
{Z2N4-S2EZ28EZ-1212ODPV},2011-03-25 14:08:21.0,HJK0496,William.Vernon.Booth@dtaa.com,,,Hector.Jonah.Kim@dtaa.com,,17672,0
{A5M6-H7NK28RH-0598UKWC},2011-03-25 15:56:41.0,HJK0496,Quyn.Tara.Patterson@dtaa.com;Kane.Julian.Burgess@dtaa.com;Justin.Declan.Gross@dtaa.com,,,Hector.Jonah.Kim@dtaa.com,,25357,2
{S1D3-W1ZP07ZZ-7310RYKW},2011-03-28 09:57:29.0,HJK0496,Sybill.Mercedes.Golden@dtaa.com,,,Hector.Jonah.Kim@dtaa.com,,34917,2
{G9I9-B5FB95WY-0546BEEW},2011-03-28 13:52:46.0,HJK0496,Burke.Reed.Haynes@dtaa.com,,,Hector.Jonah.Kim@dtaa.com,,19165,0
{F8V8-M5GX19MW-3427PJLN},2011-03-28 18:58:16.0,HJK0496,Palmer.Josiah.Young@dtaa.com;Elvis.Hamilton.Sandoval@dtaa.com;William.Vernon.Booth@dtaa.com,,,Hector.Jonah.Kim@dtaa.com,,19990,1
{T7Z7-A3HH46CR-3166TSLD},2011-03-29 17:56:00.0,HJK0496,Kane.Julian.Burgess@dtaa.com;William.Vernon.Booth@dtaa.com,,,Hector.Jonah.Kim@dtaa.com,,27681,0
{G3N7-A9XQ04AN-6279TEOQ},2011-03-29 19:05:01.0,HJK0496,Molly.Eliana.Suarez@dtaa.com,,,Hector.Jonah.Kim@dtaa.com,,43106,0
{H0F8-F3OG81JA-3073SOJH},2011-03-30 13:25:41.0,HJK0496,Merritt.Abbot.Salinas@dtaa.com;Abigail.Brianna.Terrell@dtaa.com,,,Hector.Jonah.Kim@dtaa.com,,17496,0
{W3B6-H9EV94PG-6806GATD},2011-03-30 17:10:00.0,HJK0496,Molly.Eliana.Suarez@dtaa.com,,,Hector.Jonah.Kim@dtaa.com,,44934,6
{D2P3-X1ZY66DT-2691PGPN},2011-03-31 12:34:10.0,HJK0496,William.Richard.Mccray@earthlink.net,,,Hector.Jonah.Kim@dtaa.com,,60256,1
{A3D6-O5HY82NS-9661DZJT},2011-04-01 09:05:49.0,HJK0496,Davis.Gareth.Cote@dtaa.com,,,Hector.Jonah.Kim@dtaa.com,,38459,0
{M3H1-F4ZI56UL-6360LDWZ},2011-04-01 13:01:31.0,HJK0496,Quyn.Tara.Patterson@dtaa.com,,,Hector.Jonah.Kim@dtaa.com,,33568,0
{W4K2-Z9KM15NM-4134ODEO},2011-04-01 16:47:43.0,HJK0496,Malachi.Jakeem.Rush@dtaa.com;Sybill.Mercedes.Golden@dtaa.com,,,Hector.Jonah.Kim@dtaa.com,,28129,1
{G2W6-Z9KC25PY-2539IMXN},2011-04-04 12:52:46.0,HJK0496,Alyssa.Kimberly.Pratt@dtaa.com,,,Hector.Jonah.Kim@dtaa.com,,47609,0
{H9O2-B0EG83AH-0091HLYC},2011-04-05 10:43:16.0,HJK0496,William.Vernon.Booth@dtaa.com;Merritt.Abbot.Salinas@dtaa.com,,,Hector.Jonah.Kim@dtaa.com,,19273,1
{R4Y9-H4CI65XQ-1896NJSO},2011-04-05 13:20:27.0,HJK0496,Thaddeus.Quamar.Hampton@dtaa.com,,,Hector.Jonah.Kim@dtaa.com,,17504,0
{C1D4-A6JQ91HP-1859KSAB},2011-04-05 18:15:59.0,HJK0496,Merritt.Abbot.Salinas@dtaa.com;Veronica.Karly.Mcgee@sbcglobal.net,,,Hector.Jonah.Kim@dtaa.com,,28124,1
{C3Z7-G8BO95CB-7499SRUK},2011-04-06 11:25:35.0,HJK0496,Molly.Eliana.Suarez@dtaa.com,,,Hector.Jonah.Kim@dtaa.com,,20289,0
{G4E5-G9ME51DB-5573VFZM},2011-04-07 10:11:52.0,HJK0496,Carl.Branden.Moses@dtaa.com,,,Hector.Jonah.Kim@dtaa.com,,28583,0
{V4L1-A6PI60YR-0091OKYI},2011-04-07 11:14:24.0,HJK0496,William.Vernon.Booth@dtaa.com,,,Hector.Jonah.Kim@dtaa.com,,25467,6
{B9Y7-Y9JH22BC-4607KZLV},2011-04-07 18:56:02.0,HJK0496,William.Vernon.Booth@dtaa.com;Jena.Karleigh.Fuentes@sbcglobal.net,,,Hector.Jonah.Kim@dtaa.com,,19660,2
{T6F4-V4PE08IH-6346NRAB},2011-04-08 09:24:40.0,HJK0496,Sybill.Mercedes.Golden@dtaa.com;Karen.Carolyn.Langley@dtaa.com;Merritt.Abbot.Salinas@dtaa.com;Bruce.Keegan.Durham@msn.com,,,Hector.Jonah.Kim@dtaa.com,,20908,2
{I2R9-B9VL55MB-0647MUVZ},2011-04-08 12:12:42.0,HJK0496,Malachi.Jakeem.Rush@dtaa.com;Bruce.Keegan.Durham@msn.com,,,Hector.Jonah.Kim@dtaa.com,,41680,0
{E8C8-G1JI95EN-9337ZHZB},2011-04-08 14:13:39.0,HJK0496,Kane.Julian.Burgess@dtaa.com,,,Hector.Jonah.Kim@dtaa.com,,29500,1
{T3Y6-U2QN39GO-0389TTVY},2011-04-11 14:07:13.0,HJK0496,William.Vernon.Booth@dtaa.com,,,Hector.Jonah.Kim@dtaa.com,,41039,1
{O4M7-B1JH10CL-8608QJZS},2011-04-11 16:51:00.0,HJK0496,Moses.Quincy.Finch@dtaa.com,,,Hector.Jonah.Kim@dtaa.com,,20636,0
{Z6F8-U3PC04YA-9739FTUW},2011-04-11 18:05:46.0,HJK0496,Elvis.Hamilton.Sandoval@dtaa.com,,,Hector.Jonah.Kim@dtaa.com,,25569,0
{Q2Z0-C0MA51DX-7285ACNS},2011-04-12 10:36:47.0,HJK0496,Quyn.Tara.Patterson@dtaa.com,,,Hector.Jonah.Kim@dtaa.com,,31869,0
{L9J8-S6RA20BM-0354BYBU},2011-04-12 17:28:03.0,HJK0496,Ria.Hiroko.Barnes@dtaa.com;Hunter.Stephen.Slater@dtaa.com;Bruce.Keegan.Durham@msn.com,,,Hector.Jonah.Kim@dtaa.com,,59462,0
{D9V0-X0VE43LW-4565MSZU},2011-04-13 09:45:10.0,HJK0496,William.Vernon.Booth@dtaa.com,,,Hector.Jonah.Kim@dtaa.com,,25890,1
{U8E2-L5YU57NJ-7295NRNK},2011-04-13 10:01:24.0,HJK0496,Davis.Gareth.Cote@dtaa.com;Kane.Julian.Burgess@dtaa.com,,,Hector.Jonah.Kim@dtaa.com,,35468,0
{U6C7-V6RD81SK-9815CWMB},2011-04-13 12:22:13.0,HJK0496,Heidi.Amaya.Ewing@aol.com,,,Hector.Jonah.Kim@dtaa.com,,25419,0
{O8D3-Z1ZL36OH-6215XXMO},2011-04-14 14:27:58.0,HJK0496,Kane.Julian.Burgess@dtaa.com;William.Vernon.Booth@dtaa.com,,,Hector.Jonah.Kim@dtaa.com,,28285,2
{L7M0-X7KS25EW-1743IAZL},2011-04-14 16:24:37.0,HJK0496,Sybill.Mercedes.Golden@dtaa.com,,,Hector.Jonah.Kim@dtaa.com,,37688,0
{Q2G3-B5FT94ZV-9007YPRK},2011-04-15 15:53:06.0,HJK0496,Nina.Justina.Goodman@dtaa.com;Jena.Karleigh.Fuentes@sbcglobal.net,,,Hector.Jonah.Kim@dtaa.com,,18162,0
{Q6O8-Y2NC13SL-8750ZNLW},2011-04-15 17:46:19.0,HJK0496,George.Kaseem.Cline@dtaa.com,,,Hector.Jonah.Kim@dtaa.com,,33599,0
{E7X5-G5JC30PW-8684DLDU},2011-04-18 12:57:28.0,HJK0496,Jena.Karleigh.Fuentes@sbcglobal.net,,,Hector.Jonah.Kim@dtaa.com,,17528,2
{R4S1-Y8AS22QS-0310VNQK},2011-04-18 13:22:25.0,HJK0496,Abigail.Brianna.Terrell@dtaa.com,,,Hector.Jonah.Kim@dtaa.com,,27583,1
{K8X2-H9DL72ZT-2451TNXI},2011-04-19 14:01:39.0,HJK0496,Len.Zachery.Vaughn@dtaa.com;Davis.Gareth.Cote@dtaa.com;Jena.Karleigh.Fuentes@sbcglobal.net,,,Hector.Jonah.Kim@dtaa.com,,33447,1
{M0Q3-Y4MR14VK-9236UQUR},2011-04-19 17:03:12.0,HJK0496,Cassady.Mercedes.Bentley@dtaa.com,,,Hector.Jonah.Kim@dtaa.com,,22087,2
{I0R0-S6UB24NE-2161OPNT},2011-04-19 17:28:09.0,HJK0496,Elvis.Hamilton.Sandoval@dtaa.com;Merritt.Abbot.Salinas@dtaa.com;Lesley.Leigh.Guthrie@raytheon.com,,,Hector.Jonah.Kim@dtaa.com,,23556,3
{D1P2-E8OI31ZU-3647LJJD},2011-04-20 09:57:13.0,HJK0496,Chancellor.Roth.Manning@dtaa.com,,,Hector.Jonah.Kim@dtaa.com,,25180,1
{E7Y2-Y3FJ13GG-6398JJYT},2011-04-20 10:39:00.0,HJK0496,Abigail.Brianna.Terrell@dtaa.com,,,Hector.Jonah.Kim@dtaa.com,,25137,0
{G1Q3-D2TL12TZ-8325JUIA},2011-04-20 14:32:57.0,HJK0496,William.Vernon.Booth@dtaa.com;Bruce.Keegan.Durham@msn.com,,,Hector.Jonah.Kim@dtaa.com,,38274,0
{A0Q5-C8XC89CT-3946BJSG},2011-04-21 14:29:06.0,HJK0496,Malachi.Jakeem.Rush@dtaa.com,,,Hector.Jonah.Kim@dtaa.com,,30765,0
{J6S6-V9SI60GD-3712HWTP},2011-04-21 17:31:36.0,HJK0496,Molly.Eliana.Suarez@dtaa.com;Jena.Karleigh.Fuentes@sbcglobal.net,,,Hector.Jonah.Kim@dtaa.com,,38184,2
{L0H3-V1HX98LA-4271MLIH},2011-04-25 12:39:45.0,HJK0496,Malachi.Jakeem.Rush@dtaa.com;Elvis.Hamilton.Sandoval@dtaa.com,,,Hector.Jonah.Kim@dtaa.com,,34159,1
{U7Q1-P8DC77VQ-1484AYVU},2011-04-25 17:06:39.0,HJK0496,Gareth.Edward.Haney@optonline.net;Jena.Karleigh.Fuentes@sbcglobal.net,,,Hector.Jonah.Kim@dtaa.com,,34513,0
{Z4R9-H6JP03QO-6664TNFZ},2011-04-26 10:22:05.0,HJK0496,Davis.Gareth.Cote@dtaa.com;Jena.Karleigh.Fuentes@sbcglobal.net,,,Hector.Jonah.Kim@dtaa.com,,36607,0
{L5N3-Z6EI47GI-3943NOXF},2011-04-26 12:32:38.0,HJK0496,Merritt.Abbot.Salinas@dtaa.com;Odysseus.Blaze.Mcintosh@boeing.com,,,Hector.Jonah.Kim@dtaa.com,,45683,1
{A4E9-N6SK61GQ-5590XOBS},2011-04-26 14:00:35.0,HJK0496,Jena.Karleigh.Fuentes@sbcglobal.net,,,Hector.Jonah.Kim@dtaa.com,,19926,0
{M7I2-W5FJ46NQ-8073MXVG},2011-04-27 16:26:50.0,HJK0496,Abigail.Brianna.Terrell@dtaa.com,,,Hector.Jonah.Kim@dtaa.com,,21237,1
{L2C3-Q7GL52SH-8205QZUI},2011-04-29 10:29:31.0,HJK0496,Jena.Karleigh.Fuentes@sbcglobal.net,,,Hector.Jonah.Kim@dtaa.com,,24094,0
{G3Q6-F2IP78LH-7372JATV},2011-04-29 15:01:05.0,HJK0496,Sybill.Mercedes.Golden@dtaa.com;Brenda.Candace.Lynch@yahoo.com,,,Hector.Jonah.Kim@dtaa.com,,19772,5
{Y8J8-X7PF74SV-5192WDJD},2011-05-02 13:16:14.0,HJK0496,William.Vernon.Booth@dtaa.com,,,Hector.Jonah.Kim@dtaa.com,,36433,0
{Q4J4-P2KB36BL-5696GOIO},2011-05-02 17:21:15.0,HJK0496,Quyn.Tara.Patterson@dtaa.com,,,Hector.Jonah.Kim@dtaa.com,,33007,0
{D6M5-N7BO49EY-8458EAZD},2011-05-03 17:06:04.0,HJK0496,Davis.Gareth.Cote@dtaa.com,,,Hector.Jonah.Kim@dtaa.com,,26178,0
{K4R8-O1KB33PG-4294MOQI},2011-05-03 18:40:12.0,HJK0496,Elvis.Hamilton.Sandoval@dtaa.com,,,Hector.Jonah.Kim@dtaa.com,,42246,0
{T8R2-D7EF30AS-9271BCND},2011-05-04 09:33:45.0,HJK0496,Emmanuel.Casey.Wiggins@dtaa.com;Malachi.Jakeem.Rush@dtaa.com,,,Hector.Jonah.Kim@dtaa.com,,17178,0
{N2V7-N1JM82YN-8000TQAV},2011-05-04 17:14:54.0,HJK0496,Sybill.Mercedes.Golden@dtaa.com,,,Hector.Jonah.Kim@dtaa.com,,30894,0
{G6A2-O5NB85RD-3055CPFJ},2011-05-05 09:44:41.0,HJK0496,Benjamin.Jamal.Francis@harris.com,,,Hector.Jonah.Kim@dtaa.com,,28323,0
{K1C1-A7TU50BK-6477IWFY},2011-05-06 10:06:38.0,HJK0496,Abigail.Brianna.Terrell@dtaa.com,,,Hector.Jonah.Kim@dtaa.com,,39662,0
{B2U1-P2YM38AD-9753ZGEK},2011-05-09 13:49:34.0,HJK0496,Vladimir.Uriel.Barker@dtaa.com,,,Hector.Jonah.Kim@dtaa.com,,16398,0
{I2L8-N1ZY12BH-8864EBRC},2011-05-09 15:55:24.0,HJK0496,William.Vernon.Booth@dtaa.com,,,Hector.Jonah.Kim@dtaa.com,,38577,1
{H9F9-Q6OD73YH-2756WBJQ},2011-05-10 09:52:14.0,HJK0496,Ivana.Sasha.Blankenship@dtaa.com;Malachi.Jakeem.Rush@dtaa.com,,,Hector.Jonah.Kim@dtaa.com,,25843,1
{B8B7-H5MH21PP-2570UNLT},2011-05-10 13:20:18.0,HJK0496,Davis.Gareth.Cote@dtaa.com;Jena.Karleigh.Fuentes@sbcglobal.net,,,Hector.Jonah.Kim@dtaa.com,,24166,0
{X6Q4-V3WB09NX-4564TBPV},2011-05-12 11:28:45.0,HJK0496,Malachi.Jakeem.Rush@dtaa.com,,,Hector.Jonah.Kim@dtaa.com,,42373,0
{F3A7-Q2SK40LN-7864SQRN},2011-05-12 12:13:54.0,HJK0496,Davis.Gareth.Cote@dtaa.com,,,Hector.Jonah.Kim@dtaa.com,,39671,0
{W9O2-T1IK20QQ-4710AXNV},2011-05-13 16:54:52.0,HJK0496,William.Vernon.Booth@dtaa.com,,,Hector.Jonah.Kim@dtaa.com,,26089,0
