{U8V0-G0CW14ZI-7683VSBR},2010-01-04 16:39:30.0,IBC0664,Elton.Noah.Durham@dtaa.com;Abraham.Perry.Reyes@dtaa.com,,,Irene.Beatrice.Cotton@dtaa.com,,23398,3
{D1F1-B1WC42CP-4998SGJM},2010-01-05 11:02:13.0,IBC0664,Abraham.Perry.Reyes@dtaa.com,,,Irene.Beatrice.Cotton@dtaa.com,,22828,0
{X4J9-V0XG14ML-3880UDYF},2010-01-06 15:04:59.0,IBC0664,Keane.Gary.Russo@dtaa.com,,,Irene.Beatrice.Cotton@dtaa.com,,22069,1
{X0L9-J5XA83KD-6311ZGGI},2010-01-08 15:30:13.0,IBC0664,Keane.Gary.Russo@dtaa.com,,,Irene.Beatrice.Cotton@dtaa.com,,21124,0
{H5C4-I8LT63TW-1076KFKH},2010-01-11 15:40:24.0,IBC0664,Hall.Bruce.Copeland@dtaa.com;Melanie.Iris.Kaufman@dtaa.com,,,Irene.Beatrice.Cotton@dtaa.com,,34817,6
{M0N5-G2UX60WO-9460ZFSX},2010-01-12 12:29:02.0,IBC0664,Benedict.Sebastian.Allen@dtaa.com;Hall.Bruce.Copeland@dtaa.com,,,Irene.Beatrice.Cotton@dtaa.com,,42409,0
{X2Z7-O5LP74VU-4402KCXW},2010-01-13 12:42:54.0,IBC0664,Veronica.Alexa.David@dtaa.com,,,Irene.Beatrice.Cotton@dtaa.com,,30045,0
{G2F6-M5DE69WQ-1727MIDT},2010-01-14 08:04:25.0,IBC0664,Elton.Noah.Durham@dtaa.com;Abraham.Perry.Reyes@dtaa.com;Garrison.Burke.Richards@dtaa.com,,,Irene.Beatrice.Cotton@dtaa.com,,31060,1
{U3F9-X8EA20PU-6641BTZD},2010-01-18 13:17:01.0,IBC0664,Uriel.Kermit.Wall@dtaa.com;Elton.Noah.Durham@dtaa.com;Dakota.Jorden.Velasquez@dtaa.com;Oleg.Marvin.Alvarez@dtaa.com,,,Irene.Beatrice.Cotton@dtaa.com,,23182,1
{R9N5-C2HY54MD-5284UVFH},2010-01-19 10:38:05.0,IBC0664,Buffy.Imogene.Robles@dtaa.com;Rachel.Jeanette.Levine@dtaa.com,,,Irene.Beatrice.Cotton@dtaa.com,,29799,7
{F1H6-A4XD01RS-7162JPJC},2010-01-20 13:55:18.0,IBC0664,Dacey.Shoshana.Peck@harris.com,,,Irene.Beatrice.Cotton@dtaa.com,,35299,0
{S3U8-F9VW50IJ-6099YNPM},2010-01-21 10:12:46.0,IBC0664,Lucius.Cullen.Gallagher@dtaa.com,,,Irene.Beatrice.Cotton@dtaa.com,,25510,0
{V7Q2-E0OS79PF-1986UYJP},2010-01-22 12:26:10.0,IBC0664,Zachery.Ashton.Stewart@dtaa.com;Nicole.Karina.Brock@dtaa.com;Nolan.Richard.Blackburn@dtaa.com,,,Irene.Beatrice.Cotton@dtaa.com,,53799,2
{M0W2-G4ZA06ZB-7919ITAK},2010-01-25 10:07:10.0,IBC0664,Kevin.Laith.Fry@dtaa.com;Jonas.Blaine.Barr@dtaa.com,,,Irene.Beatrice.Cotton@dtaa.com,,16010,0
{Z9S1-N0WZ65NI-3923LIIM},2010-01-26 08:09:00.0,IBC0664,Elton.Noah.Durham@dtaa.com;Kevin.Laith.Fry@dtaa.com,,,Irene.Beatrice.Cotton@dtaa.com,,55493,0
{B2H9-W5YQ59EC-4687RUKV},2010-01-27 14:55:51.0,IBC0664,Kevin.Laith.Fry@dtaa.com;Marny.Scarlett.Dean@dtaa.com;Melanie.Iris.Kaufman@dtaa.com;Ulric.Gannon.Garrett@gmail.com,,,Irene.Beatrice.Cotton@dtaa.com,,27011,1
{L8B5-P5LH69NK-8808YRJB},2010-01-29 10:52:18.0,IBC0664,Uriel.Kermit.Wall@dtaa.com,,,Irene.Beatrice.Cotton@dtaa.com,,25121,0
{J5S2-M2OC60EX-0870BCNF},2010-02-02 09:39:39.0,IBC0664,Buffy.Imogene.Robles@dtaa.com,,,Irene.Beatrice.Cotton@dtaa.com,,23154,0
{T6T0-D3ZQ76EB-5083CPQY},2010-02-03 10:48:30.0,IBC0664,Veronica.Alexa.David@dtaa.com,,,Irene.Beatrice.Cotton@dtaa.com,,27023,0
{Y8S5-H7NA43EB-0520EOVY},2010-02-05 16:23:11.0,IBC0664,Hall.Bruce.Copeland@dtaa.com,,,Irene.Beatrice.Cotton@dtaa.com,,14719,0
{O6S5-E5BP63RP-1314PTYM},2010-02-09 08:51:03.0,IBC0664,Curran.Nolan.Carney@dtaa.com,,,Irene.Beatrice.Cotton@dtaa.com,,24524,0
{M4O6-Z8XJ18DS-8051OUEU},2010-02-10 09:24:24.0,IBC0664,Lee.Kieran.Reed@verizon.net,,,Irene.Beatrice.Cotton@dtaa.com,,25512,0
{S7H9-N3EX19ZL-6652OMAB},2010-02-11 08:10:14.0,IBC0664,Ulric.Gannon.Garrett@gmail.com,,,Irene.Beatrice.Cotton@dtaa.com,,35768,1
{T5Y4-S5DJ93VP-1840ZBME},2010-02-12 16:20:29.0,IBC0664,Lucius.Cullen.Gallagher@dtaa.com,,,Irene.Beatrice.Cotton@dtaa.com,,30558,0
{W1I9-B9VA03SZ-9229WXKO},2010-02-15 09:33:03.0,IBC0664,Curran.Nolan.Carney@dtaa.com,,,Irene.Beatrice.Cotton@dtaa.com,,46342,2
{V6Z2-W9MS97YX-4321KNWA},2010-02-16 14:11:50.0,IBC0664,Nolan.Richard.Blackburn@dtaa.com,,,Irene.Beatrice.Cotton@dtaa.com,,22580,0
{Q9A8-H3OH50FG-2704ANIX},2010-02-17 14:10:29.0,IBC0664,Buffy.Imogene.Robles@dtaa.com;Georgia.Hope.Shaffer@dtaa.com,,,Irene.Beatrice.Cotton@dtaa.com,,42362,2
{S2G4-Q5VA87GP-7771DFSH},2010-02-18 11:46:36.0,IBC0664,Abraham.Perry.Reyes@dtaa.com,,,Irene.Beatrice.Cotton@dtaa.com,,36878,0
{T5R2-E0JZ98NF-7401FFBM},2010-02-19 12:13:00.0,IBC0664,Elton.Noah.Durham@dtaa.com;Lucius.Cullen.Gallagher@dtaa.com,,,Irene.Beatrice.Cotton@dtaa.com,,64466,1
{R0P9-I3BM22TK-8034MOBB},2010-02-22 16:29:54.0,IBC0664,Uriel.Kermit.Wall@dtaa.com,,,Irene.Beatrice.Cotton@dtaa.com,,36815,0
{A2E0-P7KV21YK-7255ONJM},2010-02-23 09:28:15.0,IBC0664,Zachery.Ashton.Stewart@dtaa.com,,,Irene.Beatrice.Cotton@dtaa.com,,39067,0
{C1H7-R7WJ80GO-1360IERT},2010-02-26 12:43:45.0,IBC0664,Uriel.Kermit.Wall@dtaa.com;Zachery.Ashton.Stewart@dtaa.com,,,Irene.Beatrice.Cotton@dtaa.com,,31074,0
{M2C5-O0JU81LQ-9324PNKQ},2010-03-01 10:30:06.0,IBC0664,Kevyn.Frances.Brennan@dtaa.com;Abraham.Perry.Reyes@dtaa.com;Lee.Kieran.Reed@verizon.net,,,Irene.Beatrice.Cotton@dtaa.com,,21025,6
{O8B3-Q5LJ81MV-4603TCCP},2010-03-04 14:29:05.0,IBC0664,Curran.Nolan.Carney@dtaa.com;Benjamin.Chancellor.Shaw@earthlink.net,,,Irene.Beatrice.Cotton@dtaa.com,,24616,4
{N1F9-U5VR70XU-7590LDKR},2010-03-05 14:28:43.0,IBC0664,Uriel.Kermit.Wall@dtaa.com,,,Irene.Beatrice.Cotton@dtaa.com,,22392,0
{S2V4-O2EU46TJ-3167NVHN},2010-03-09 13:19:51.0,IBC0664,Uta.Adele.Powers@dtaa.com;Veronica.Alexa.David@dtaa.com;Oleg.Marvin.Alvarez@dtaa.com,,,Irene.Beatrice.Cotton@dtaa.com,,44448,0
{W5O6-H1AW66SO-9761PBGQ},2010-03-10 08:55:29.0,IBC0664,Lucius.Cullen.Gallagher@dtaa.com;Melanie.Iris.Kaufman@dtaa.com;Jakeem.Leonard.Clark@dtaa.com,,,Irene.Beatrice.Cotton@dtaa.com,,14753,2
{A9H1-R4LK52ET-4331BMMX},2010-03-11 09:47:44.0,IBC0664,Rachel.Jeanette.Levine@dtaa.com,,,Irene.Beatrice.Cotton@dtaa.com,,20893,0
{Z6K1-E0JH97XD-6939OWMQ},2010-03-12 09:50:23.0,IBC0664,Uriel.Kermit.Wall@dtaa.com;Nolan.Richard.Blackburn@dtaa.com,,,Irene.Beatrice.Cotton@dtaa.com,,42939,5
{S3V5-Y1LD42TJ-9254MHYQ},2010-03-15 12:36:36.0,IBC0664,Curran.Nolan.Carney@dtaa.com;Keane.Gary.Russo@dtaa.com,,,Irene.Beatrice.Cotton@dtaa.com,,30900,0
{X6T2-U0AX88RB-8038FDDQ},2010-03-16 14:34:26.0,IBC0664,William.Hu.Chang@dtaa.com,,,Irene.Beatrice.Cotton@dtaa.com,,20846,0
{A3Z2-D5EH09IO-2675CWES},2010-03-17 16:00:43.0,IBC0664,Ulric.Gannon.Garrett@gmail.com,,,Irene.Beatrice.Cotton@dtaa.com,,28102,0
{V7D5-E3BO41UZ-4816PMDU},2010-03-18 07:31:24.0,IBC0664,Melanie.Iris.Kaufman@dtaa.com;Benjamin.Chancellor.Shaw@earthlink.net,,,Irene.Beatrice.Cotton@dtaa.com,,16125,5
{J1V0-H1CL44KL-7660ICPA},2010-03-22 08:03:15.0,IBC0664,Uriel.Kermit.Wall@dtaa.com,,,Irene.Beatrice.Cotton@dtaa.com,,27944,1
{V4J5-G6RM89KY-6891UHTY},2010-03-23 08:57:55.0,IBC0664,William.Hu.Chang@dtaa.com,,,Irene.Beatrice.Cotton@dtaa.com,,24560,1
{H1K3-H4RR03KL-8833UWVS},2010-03-24 12:22:22.0,IBC0664,William.Hu.Chang@dtaa.com;Anjolie.Kyla.Oconnor@northropgrumman.com,,,Irene.Beatrice.Cotton@dtaa.com,,37493,1
{W8G5-C0BT22AD-8443JIMR},2010-03-25 10:48:17.0,IBC0664,Elton.Noah.Durham@dtaa.com,,,Irene.Beatrice.Cotton@dtaa.com,,30325,0
{L3K7-B3LF30ON-3411VLIS},2010-03-26 08:55:35.0,IBC0664,Nolan.Richard.Blackburn@dtaa.com;Anjolie.Kyla.Oconnor@northropgrumman.com,,,Irene.Beatrice.Cotton@dtaa.com,,19430,0
{W7I6-E6MP00DO-6998RYJC},2010-03-29 08:56:39.0,IBC0664,Lee.Kieran.Reed@verizon.net,,,Irene.Beatrice.Cotton@dtaa.com,,48339,0
{G5R4-Q3XP96WQ-1231HVNF},2010-03-30 15:17:28.0,IBC0664,Nolan.Richard.Blackburn@dtaa.com;Kevin.Laith.Fry@dtaa.com;Keane.Gary.Russo@dtaa.com;Ayanna.Stacey.Leblanc@dtaa.com,,,Irene.Beatrice.Cotton@dtaa.com,,15514,1
{E1H7-Q2GR94FT-2091FIKV},2010-04-01 11:48:44.0,IBC0664,Lucius.Cullen.Gallagher@dtaa.com;Elton.Noah.Durham@dtaa.com;Melanie.Iris.Kaufman@dtaa.com,,,Irene.Beatrice.Cotton@dtaa.com,,15073,0
{I7R6-I1JX25HW-0964EOCM},2010-04-05 12:03:15.0,IBC0664,Ayanna.Stacey.Leblanc@dtaa.com;Keane.Gary.Russo@dtaa.com;Elton.Noah.Durham@dtaa.com;Oleg.Marvin.Alvarez@dtaa.com,,,Irene.Beatrice.Cotton@dtaa.com,,23714,1
{D6R6-J4ES16RY-6421XVJU},2010-04-06 11:38:24.0,IBC0664,Buffy.Imogene.Robles@dtaa.com,,,Irene.Beatrice.Cotton@dtaa.com,,19250,1
{W6M2-C1HL95JH-0759PSLG},2010-04-07 14:14:58.0,IBC0664,Melanie.Iris.Kaufman@dtaa.com;Keane.Gary.Russo@dtaa.com,,,Irene.Beatrice.Cotton@dtaa.com,,28958,1
{Q8N6-Y9KJ01DS-0417TDWI},2010-04-08 12:46:44.0,IBC0664,Lee.Kieran.Reed@verizon.net,,,Irene.Beatrice.Cotton@dtaa.com,,17454,0
{Q0Q6-Y2IU86TH-6878AYUH},2010-04-12 15:58:53.0,IBC0664,Elton.Noah.Durham@dtaa.com;Oleg.Marvin.Alvarez@dtaa.com;Sarah.Shellie.Mathis@gmail.com,,,Irene.Beatrice.Cotton@dtaa.com,,25161,1
{W2M6-M6AA09VG-6557TBJG},2010-04-13 10:09:53.0,IBC0664,Ayanna.Stacey.Leblanc@dtaa.com;Buffy.Imogene.Robles@dtaa.com,,,Irene.Beatrice.Cotton@dtaa.com,,27097,0
{I7B8-F8XI73JK-4825YJLL},2010-04-14 15:40:28.0,IBC0664,Curran.Nolan.Carney@dtaa.com;Buffy.Imogene.Robles@dtaa.com,,,Irene.Beatrice.Cotton@dtaa.com,,27781,0
{A3W3-E4FL71GN-9038IXTY},2010-04-16 07:52:54.0,IBC0664,Odessa.Mollie.Sawyer@dtaa.com;Oleg.Marvin.Alvarez@dtaa.com;Rachel.Jeanette.Levine@dtaa.com;Uriel.Kermit.Wall@dtaa.com;Abraham.Perry.Reyes@dtaa.com,,,Irene.Beatrice.Cotton@dtaa.com,,31401,1
{Y3B4-X8HJ35UX-0207YIKH},2010-04-19 10:07:09.0,IBC0664,Nolan.Richard.Blackburn@dtaa.com;Uriel.Kermit.Wall@dtaa.com;Aubrey.Baker.Robertson@gmail.com,,,Irene.Beatrice.Cotton@dtaa.com,,29374,1
{C4X9-W7HG18AY-4965UOTC},2010-04-20 16:35:33.0,IBC0664,Elton.Noah.Durham@dtaa.com,,,Irene.Beatrice.Cotton@dtaa.com,,38259,0
{Q1R5-I2SE84CV-7072UAMU},2010-04-21 11:20:37.0,IBC0664,Dakota.Jorden.Velasquez@dtaa.com,,,Irene.Beatrice.Cotton@dtaa.com,,26643,0
{Q3E3-O5FG36TZ-1865HDQJ},2010-04-22 13:14:34.0,IBC0664,Keane.Gary.Russo@dtaa.com,,,Irene.Beatrice.Cotton@dtaa.com,,47695,0
{C6O5-F9VT09UM-0326FCSW},2010-04-23 12:18:46.0,IBC0664,Ayanna.Stacey.Leblanc@dtaa.com,,,Irene.Beatrice.Cotton@dtaa.com,,30239,0
{C6L4-I7QG60TS-9138ZWQG},2010-04-26 10:27:34.0,IBC0664,Zachery.Ashton.Stewart@dtaa.com,,,Irene.Beatrice.Cotton@dtaa.com,,15295,1
{A8Y9-Z1ZI94NJ-1045UNTL},2010-04-27 08:10:40.0,IBC0664,Ayanna.Stacey.Leblanc@dtaa.com;Elton.Noah.Durham@dtaa.com;Buffy.Imogene.Robles@dtaa.com;Lucius.Cullen.Gallagher@dtaa.com,,,Irene.Beatrice.Cotton@dtaa.com,,20353,3
{L0C8-Z5WZ22XD-0343SJGI},2010-04-28 08:11:00.0,IBC0664,Ayanna.Stacey.Leblanc@dtaa.com;Buffy.Imogene.Robles@dtaa.com,,,Irene.Beatrice.Cotton@dtaa.com,,23028,0
{P6W4-Z4OS20RT-4393SCTO},2010-04-29 14:41:59.0,IBC0664,Zachery.Ashton.Stewart@dtaa.com,,,Irene.Beatrice.Cotton@dtaa.com,,59907,0
{I8E3-D8CP36KE-7091OHDV},2010-04-30 08:28:05.0,IBC0664,Ferdinand.Leonard.Roth@dtaa.com;Keane.Gary.Russo@dtaa.com;Lee.Kieran.Reed@verizon.net,,,Irene.Beatrice.Cotton@dtaa.com,,25474,1
{U4T9-P8KD79RR-2261UBGE},2010-05-06 12:06:49.0,IBC0664,Veronica.Alexa.David@dtaa.com,,,Irene.Beatrice.Cotton@dtaa.com,,20346,0
{Y8C0-Z7KI96JG-0641VAED},2010-05-10 08:02:13.0,IBC0664,Octavia.Ella.Murray@dtaa.com,,,Irene.Beatrice.Cotton@dtaa.com,,32167,1
{N7D6-G8CL84XW-7034AMRK},2010-05-11 11:13:49.0,IBC0664,Oleg.Marvin.Alvarez@dtaa.com;Ulric.Gannon.Garrett@gmail.com;Anjolie.Kyla.Oconnor@northropgrumman.com,,,Irene.Beatrice.Cotton@dtaa.com,,29293,2
{U3M1-O3AS03SY-9802QYUE},2010-05-12 11:13:51.0,IBC0664,Marny.Scarlett.Dean@dtaa.com,,,Irene.Beatrice.Cotton@dtaa.com,,22295,0
{D8Z0-A0VM94CT-8067BOPB},2010-05-13 11:27:41.0,IBC0664,Uriel.Kermit.Wall@dtaa.com;Zachery.Ashton.Stewart@dtaa.com;Sean.Declan.Hull@dtaa.com;Abraham.Perry.Reyes@dtaa.com,,,Irene.Beatrice.Cotton@dtaa.com,,16890,2
{I2I2-Z7RA10YV-8349NGTD},2010-05-14 09:06:21.0,IBC0664,Curran.Nolan.Carney@dtaa.com;Zachery.Ashton.Stewart@dtaa.com;Benjamin.Chancellor.Shaw@earthlink.net,,,Irene.Beatrice.Cotton@dtaa.com,,22780,0
{L7I6-G4DA02NN-4129FGLD},2010-05-17 12:12:17.0,IBC0664,Abraham.Perry.Reyes@dtaa.com,,,Irene.Beatrice.Cotton@dtaa.com,,47346,0
{H0I3-O2OG18UQ-7428UALY},2010-05-18 15:30:03.0,IBC0664,Hall.Bruce.Copeland@dtaa.com,,,Irene.Beatrice.Cotton@dtaa.com,,40716,0
{E3Z2-G0NH65EX-6062MGPG},2010-05-19 16:07:00.0,IBC0664,Kitra.MacKensie.Dillon@dtaa.com;Chandler.Robert.Warner@dtaa.com,,,Irene.Beatrice.Cotton@dtaa.com,,25514,0
{G7S3-A9LG65ZH-9188CMSZ},2010-05-20 10:03:57.0,IBC0664,Zachery.Ashton.Stewart@dtaa.com;Kasper.Kadeem.Weiss@yahoo.com,,,Irene.Beatrice.Cotton@dtaa.com,,62134,4
{G7Z8-O6KT73RN-2444ZABO},2010-05-21 11:03:17.0,IBC0664,Marny.Scarlett.Dean@dtaa.com,,,Irene.Beatrice.Cotton@dtaa.com,,32904,0
{C3Z6-H9PV20CC-4140MLSB},2010-05-24 09:42:12.0,IBC0664,Uriel.Kermit.Wall@dtaa.com;Elton.Noah.Durham@dtaa.com,,,Irene.Beatrice.Cotton@dtaa.com,,66302,0
{Q4D5-Y6FG46WX-1835QDEK},2010-05-27 11:27:56.0,IBC0664,William.Hu.Chang@dtaa.com;Buffy.Imogene.Robles@dtaa.com;Sigourney.Erin.Gilbert@dtaa.com;Benjamin.Chancellor.Shaw@earthlink.net,,,Irene.Beatrice.Cotton@dtaa.com,,36441,1
{J5L9-I2LI53JO-3569SPHM},2010-05-28 12:33:35.0,IBC0664,William.Hu.Chang@dtaa.com;Ayanna.Stacey.Leblanc@dtaa.com,,,Irene.Beatrice.Cotton@dtaa.com,,29523,1
{D3R2-D0OQ09YR-1239TSPA},2010-06-01 13:16:05.0,IBC0664,Benedict.Sebastian.Allen@dtaa.com;Elton.Noah.Durham@dtaa.com;Britanni.Josephine.Garrett@dtaa.com;Lee.Kieran.Reed@verizon.net,,,Irene.Beatrice.Cotton@dtaa.com,,16567,1
{M4F1-I1YT68MR-0965HYRZ},2010-06-02 14:31:15.0,IBC0664,Oleg.Marvin.Alvarez@dtaa.com;Cassady.Mercedes.Bentley@dtaa.com;Lee.Kieran.Reed@verizon.net,,,Irene.Beatrice.Cotton@dtaa.com,,35007,3
{W3O3-A4AK07PB-6402YXWE},2010-06-03 11:45:07.0,IBC0664,Hunter.Stephen.Slater@dtaa.com,,,Irene.Beatrice.Cotton@dtaa.com,,23255,1
{D1C5-Y5TH57NL-5415MNXH},2010-06-04 10:37:43.0,IBC0664,Rachel.Jeanette.Levine@dtaa.com;Veronica.Alexa.David@dtaa.com,,,Irene.Beatrice.Cotton@dtaa.com,,21883,0
{T1G7-H1YB27KZ-5913PKSZ},2010-06-07 14:56:52.0,IBC0664,Uriel.Kermit.Wall@dtaa.com;Lucius.Cullen.Gallagher@dtaa.com,,,Irene.Beatrice.Cotton@dtaa.com,,19972,2
{Q1Z5-H9LC24XY-9788ZEUZ},2010-06-08 11:25:12.0,IBC0664,Abraham.Perry.Reyes@dtaa.com,,,Irene.Beatrice.Cotton@dtaa.com,,25974,0
{K6K5-U0EH75GJ-8789LHHZ},2010-06-09 10:02:28.0,IBC0664,Kevin.Laith.Fry@dtaa.com;Ayanna.Stacey.Leblanc@dtaa.com;Ulric.Gannon.Garrett@gmail.com,,,Irene.Beatrice.Cotton@dtaa.com,,32386,1
{K0L2-S6NV47JL-5189FJVE},2010-06-10 16:43:18.0,IBC0664,Honorato.Kennedy.Knox@dtaa.com;Melanie.Iris.Kaufman@dtaa.com,,,Irene.Beatrice.Cotton@dtaa.com,,27753,0
{U6L1-N6OC07KB-2443EJVK},2010-06-14 11:38:30.0,IBC0664,Abraham.Perry.Reyes@dtaa.com;Zachery.Ashton.Stewart@dtaa.com;Melanie.Iris.Kaufman@dtaa.com,,,Irene.Beatrice.Cotton@dtaa.com,,17217,1
{L0D3-W9KC15QS-4668TJJL},2010-06-16 13:31:34.0,IBC0664,Taylor.Samantha.Torres@dtaa.com,,,Irene.Beatrice.Cotton@dtaa.com,,19193,0
{X0U3-R8JP38BE-1788RAEV},2010-06-18 14:45:42.0,IBC0664,Kevin.Laith.Fry@dtaa.com,,,Irene.Beatrice.Cotton@dtaa.com,,38873,0
{Q2W9-V9KT73NV-1384WEUT},2010-06-21 07:53:00.0,IBC0664,Elton.Noah.Durham@dtaa.com;Hall.Bruce.Copeland@dtaa.com;Lee.Kieran.Reed@verizon.net,,,Irene.Beatrice.Cotton@dtaa.com,,27478,0
{D3Y9-Z8FB03WX-8997QRTK},2010-06-22 15:03:13.0,IBC0664,Taylor.Samantha.Torres@dtaa.com;Dakota.Jorden.Velasquez@dtaa.com,,,Irene.Beatrice.Cotton@dtaa.com,,24574,0
{U6V4-G2WF76KX-7080DMQM},2010-06-23 09:49:35.0,IBC0664,Buffy.Imogene.Robles@dtaa.com;Hall.Bruce.Copeland@dtaa.com,,,Irene.Beatrice.Cotton@dtaa.com,,22854,1
{E4H8-F6GD86EY-2531NNOC},2010-06-24 09:28:28.0,IBC0664,Elton.Noah.Durham@dtaa.com,,,Irene.Beatrice.Cotton@dtaa.com,,26298,0
{T9W6-B0AA11WY-9344MCZB},2010-06-25 14:45:30.0,IBC0664,Zachery.Ashton.Stewart@dtaa.com,,,Irene.Beatrice.Cotton@dtaa.com,,31345,2
{C8Y3-B2ZK57MO-5812ZAQX},2010-06-28 10:40:40.0,IBC0664,Melanie.Iris.Kaufman@dtaa.com;Kevin.Laith.Fry@dtaa.com;Ulric.Gannon.Garrett@gmail.com,,,Irene.Beatrice.Cotton@dtaa.com,,34307,3
{H6D1-N9RT92LD-1739CCTZ},2010-06-29 10:24:19.0,IBC0664,Ayanna.Stacey.Leblanc@dtaa.com,,,Irene.Beatrice.Cotton@dtaa.com,,21321,0
{Y9G6-K2MO56DZ-8944GXYH},2010-06-30 14:59:01.0,IBC0664,Elton.Noah.Durham@dtaa.com,,,Irene.Beatrice.Cotton@dtaa.com,,29951,0
{V0N8-P4LZ32BU-7911WSHB},2010-07-01 14:05:18.0,IBC0664,Abraham.Perry.Reyes@dtaa.com;Benjamin.Chancellor.Shaw@earthlink.net,,,Irene.Beatrice.Cotton@dtaa.com,,33743,0
{N9J6-F1CL03LJ-5931VVLE},2010-07-02 08:07:52.0,IBC0664,Rachel.Jeanette.Levine@dtaa.com;Vaughan.Dillon.Branch@dtaa.com;Ulric.Gannon.Garrett@gmail.com,,,Irene.Beatrice.Cotton@dtaa.com,,17414,1
{N2B0-D0AF20XX-4811ROVW},2010-07-07 11:33:44.0,IBC0664,Kirk.Cade.Franks@dtaa.com,,,Irene.Beatrice.Cotton@dtaa.com,,40041,0
{X5U8-Y3HJ33EJ-0508WVXS},2010-07-08 12:16:29.0,IBC0664,Jane.Erica.Davis@dtaa.com,,,Irene.Beatrice.Cotton@dtaa.com,,20698,2
{B3B5-J7BP84WU-7377HHPM},2010-07-09 10:08:56.0,IBC0664,Kevin.Laith.Fry@dtaa.com,,,Irene.Beatrice.Cotton@dtaa.com,,21250,0
{V2P2-T6SH77MQ-0667UBXC},2010-07-13 09:57:09.0,IBC0664,Nolan.Richard.Blackburn@dtaa.com,,,Irene.Beatrice.Cotton@dtaa.com,,37538,0
{D0W7-M0VV71MA-8467JLGG},2010-07-14 12:32:35.0,IBC0664,Elton.Noah.Durham@dtaa.com,,,Irene.Beatrice.Cotton@dtaa.com,,37402,0
{M7S1-W2AQ37XO-8976CNVV},2010-07-16 10:25:00.0,IBC0664,Oleg.Marvin.Alvarez@dtaa.com,,,Irene.Beatrice.Cotton@dtaa.com,,30575,0
{S2Y0-M5ED80YO-0385KNSD},2010-07-19 13:31:48.0,IBC0664,Rachel.Jeanette.Levine@dtaa.com,,,Irene.Beatrice.Cotton@dtaa.com,,26855,0
{O2V1-M9GH44KY-3214ODDL},2010-07-21 08:35:53.0,IBC0664,Oleg.Marvin.Alvarez@dtaa.com,,,Irene.Beatrice.Cotton@dtaa.com,,43058,0
{R5K4-V8RN91IW-2893YWGN},2010-07-22 10:20:59.0,IBC0664,Kevin.Laith.Fry@dtaa.com;Hall.Bruce.Copeland@dtaa.com,,,Irene.Beatrice.Cotton@dtaa.com,,32013,2
{V1S7-L6EV15TP-0433AYRP},2010-07-23 12:28:29.0,IBC0664,Melanie.Iris.Kaufman@dtaa.com,,,Irene.Beatrice.Cotton@dtaa.com,,37040,0
{O2F8-R1RI54EB-3005ECUM},2010-07-27 08:57:27.0,IBC0664,Curran.Nolan.Carney@dtaa.com,,,Irene.Beatrice.Cotton@dtaa.com,,33229,0
{R6T8-N6TT07KB-4539UYLC},2010-07-28 09:24:48.0,IBC0664,Curran.Nolan.Carney@dtaa.com,,,Irene.Beatrice.Cotton@dtaa.com,,27096,0
{N9U5-M9CC05IL-7879KISO},2010-08-02 12:54:06.0,IBC0664,Uriel.Kermit.Wall@dtaa.com;Lee.Kieran.Reed@verizon.net;Driscoll.Travis.Flowers@cox.net,,,Irene.Beatrice.Cotton@dtaa.com,,31657,1
{R3J0-L4QW27UX-7829APLW},2010-08-03 14:57:26.0,IBC0664,Kevin.Laith.Fry@dtaa.com;Abraham.Perry.Reyes@dtaa.com,,,Irene.Beatrice.Cotton@dtaa.com,,29953,0
{M2W9-M1GF12RQ-7875NIEE},2010-08-04 14:14:44.0,IBC0664,Amber.Shannon.Sawyer@dtaa.com;Abraham.Perry.Reyes@dtaa.com;Rachel.Jeanette.Levine@dtaa.com;Ulric.Gannon.Garrett@gmail.com,,,Irene.Beatrice.Cotton@dtaa.com,,28089,3
{H8K2-D1CI82SC-5055JIRA},2010-08-05 12:17:08.0,IBC0664,Curran.Nolan.Carney@dtaa.com,,,Irene.Beatrice.Cotton@dtaa.com,,19918,0
{S2A1-Q3PI29MW-7338ETOP},2010-08-06 16:24:43.0,IBC0664,Oleg.Marvin.Alvarez@dtaa.com,,,Irene.Beatrice.Cotton@dtaa.com,,29632,0
{M5G1-D7EW96ZO-4626ONNU},2010-08-09 15:46:13.0,IBC0664,Abraham.Perry.Reyes@dtaa.com;Melanie.Iris.Kaufman@dtaa.com;Hall.Bruce.Copeland@dtaa.com;Veronica.Alexa.David@dtaa.com,,,Irene.Beatrice.Cotton@dtaa.com,,27555,0
{B1K3-C9CD07PB-2535NOAM},2010-08-10 10:33:53.0,IBC0664,Benjamin.Griffin.Mclaughlin@dtaa.com,,,Irene.Beatrice.Cotton@dtaa.com,,37547,0
{I9Z2-G5NO43IF-4744XJUV},2010-08-11 14:42:41.0,IBC0664,Melanie.Iris.Kaufman@dtaa.com,,,Irene.Beatrice.Cotton@dtaa.com,,14821,0
{X3H3-P2PE83QC-2353OJDU},2010-08-12 15:45:06.0,IBC0664,Ayanna.Stacey.Leblanc@dtaa.com;Dakota.Jorden.Velasquez@dtaa.com,,,Irene.Beatrice.Cotton@dtaa.com,,24745,1
{W9R1-S8PH18WS-4642PHDE},2010-08-16 11:47:23.0,IBC0664,Curran.Nolan.Carney@dtaa.com,,,Irene.Beatrice.Cotton@dtaa.com,,37115,6
{T7L2-O3AV23WK-8948IFTV},2010-08-17 14:08:12.0,IBC0664,Oleg.Marvin.Alvarez@dtaa.com,,,Irene.Beatrice.Cotton@dtaa.com,,31146,0
{W3Y5-A0NN29CB-5863FJTP},2010-08-18 12:03:54.0,IBC0664,Nolan.Richard.Blackburn@dtaa.com;Keane.Gary.Russo@dtaa.com;Melanie.Iris.Kaufman@dtaa.com,,,Irene.Beatrice.Cotton@dtaa.com,,26220,1
{O0K8-U0VY95BG-0645ZYMP},2010-08-19 14:24:22.0,IBC0664,Kevin.Laith.Fry@dtaa.com;Lucius.Cullen.Gallagher@dtaa.com,,,Irene.Beatrice.Cotton@dtaa.com,,34655,2
{T1X6-F0KW59DI-5916YWUI},2010-08-20 10:19:08.0,IBC0664,Curran.Nolan.Carney@dtaa.com;Hall.Bruce.Copeland@dtaa.com;Abraham.Perry.Reyes@dtaa.com,,,Irene.Beatrice.Cotton@dtaa.com,,34639,0
{Q6Y0-Y7RN05DJ-3942BNCR},2010-08-23 07:46:34.0,IBC0664,Ayanna.Stacey.Leblanc@dtaa.com;Melanie.Iris.Kaufman@dtaa.com,,,Irene.Beatrice.Cotton@dtaa.com,,30888,3
{J1E4-M9SN00VM-1443GEXT},2010-08-24 14:31:02.0,IBC0664,Maxine.Priscilla.Stewart@dtaa.com,,,Irene.Beatrice.Cotton@dtaa.com,,32413,0
{H2P9-E4HV15FK-4258DBAL},2010-08-25 07:42:52.0,IBC0664,Buffy.Imogene.Robles@dtaa.com,,,Irene.Beatrice.Cotton@dtaa.com,,28675,0
{V2J5-R8BH77TP-9493RDUV},2010-08-27 16:06:22.0,IBC0664,Allegra.Brianna.Stanton@dtaa.com,,,Irene.Beatrice.Cotton@dtaa.com,,10856,0
{O2Y5-F9UY69WD-3632VFYM},2010-08-31 09:27:04.0,IBC0664,William.Hu.Chang@dtaa.com,,,Irene.Beatrice.Cotton@dtaa.com,,21998,0
{F8Y8-D5DM99HT-0596DGFO},2010-09-01 09:12:22.0,IBC0664,Lee.Kieran.Reed@verizon.net,,,Irene.Beatrice.Cotton@dtaa.com,,47668,0
{F0T0-S4QG01JS-7666GTXP},2010-09-02 09:28:37.0,IBC0664,Marny.Scarlett.Dean@dtaa.com,,,Irene.Beatrice.Cotton@dtaa.com,,29161,1
{R9N8-X0AN79JP-7601BJKZ},2010-09-09 16:24:54.0,IBC0664,Kevin.Laith.Fry@dtaa.com;Tad.Gabriel.Mays@dtaa.com,,,Irene.Beatrice.Cotton@dtaa.com,,29926,0
{M8N4-F8ZO04VK-9066JUNS},2010-09-13 15:33:27.0,IBC0664,Hall.Bruce.Copeland@dtaa.com;William.Hu.Chang@dtaa.com,,,Irene.Beatrice.Cotton@dtaa.com,,24184,2
{V7E6-L0JM51XI-3183OHPC},2010-09-14 16:12:10.0,IBC0664,William.Hu.Chang@dtaa.com;Dakota.Jorden.Velasquez@dtaa.com;Veronica.Alexa.David@dtaa.com,,,Irene.Beatrice.Cotton@dtaa.com,,26301,5
{Q0H4-D3IP19MI-9304LNUZ},2010-09-15 07:53:55.0,IBC0664,Oleg.Marvin.Alvarez@dtaa.com;Melanie.Iris.Kaufman@dtaa.com,,,Irene.Beatrice.Cotton@dtaa.com,,24372,0
{U5D9-O0FO93NF-7174VRSV},2010-09-16 10:22:16.0,IBC0664,Ayanna.Stacey.Leblanc@dtaa.com,,,Irene.Beatrice.Cotton@dtaa.com,,12369,0
{K7V0-Y0IS31OV-4237DERH},2010-09-17 16:43:03.0,IBC0664,Curran.Nolan.Carney@dtaa.com,,,Irene.Beatrice.Cotton@dtaa.com,,28457,0
{T7P8-I1KH40YI-1824XGTZ},2010-09-20 08:56:03.0,IBC0664,Nolan.Richard.Blackburn@dtaa.com,,,Irene.Beatrice.Cotton@dtaa.com,,31407,0
{X8V3-L5CR68MA-1040OZGO},2010-09-21 09:17:38.0,IBC0664,Nolan.Richard.Blackburn@dtaa.com,,,Irene.Beatrice.Cotton@dtaa.com,,20604,0
{W5D3-R6KF75XZ-1389URFR},2010-09-22 11:04:05.0,IBC0664,William.Hu.Chang@dtaa.com,,,Irene.Beatrice.Cotton@dtaa.com,,27722,0
{M7A5-Z2HR08NZ-0139KNVH},2010-09-23 09:57:26.0,IBC0664,Ayanna.Stacey.Leblanc@dtaa.com,,,Irene.Beatrice.Cotton@dtaa.com,,32058,0
{Y4M0-N0HR29QL-0936GZEA},2010-09-24 08:21:59.0,IBC0664,Ulric.Gannon.Garrett@gmail.com,,,Irene.Beatrice.Cotton@dtaa.com,,21310,0
{O2H9-R7XO84XA-8888POZY},2010-09-27 12:30:09.0,IBC0664,Marny.Scarlett.Dean@dtaa.com,,,Irene.Beatrice.Cotton@dtaa.com,,21657,9
{J5V3-V6WD01MO-3624MXOU},2010-09-28 13:52:22.0,IBC0664,Marny.Scarlett.Dean@dtaa.com;Emerald.Glenna.Lester@dtaa.com,,,Irene.Beatrice.Cotton@dtaa.com,,20389,2
{Z6L5-J3JW65DN-8989IQDD},2010-09-29 11:26:15.0,IBC0664,Melanie.Iris.Kaufman@dtaa.com;Elton.Noah.Durham@dtaa.com,,,Irene.Beatrice.Cotton@dtaa.com,,26884,1
{D4E7-M8EH82LH-9935AONW},2010-09-30 09:29:30.0,IBC0664,Buffy.Imogene.Robles@dtaa.com;Zachery.Ashton.Stewart@dtaa.com;Marny.Scarlett.Dean@dtaa.com,,,Irene.Beatrice.Cotton@dtaa.com,,24116,0
{H2E1-T7KY21GB-9354LJRO},2010-10-01 07:33:28.0,IBC0664,Melanie.Iris.Kaufman@dtaa.com,,,Irene.Beatrice.Cotton@dtaa.com,,43674,2
{E1U9-K0FG68QT-1799AGLE},2010-10-04 08:18:47.0,IBC0664,Veronica.Alexa.David@dtaa.com,,,Irene.Beatrice.Cotton@dtaa.com,,50075,0
{A0T5-S1EE40OT-1322SDKO},2010-10-05 13:28:36.0,IBC0664,Nolan.Richard.Blackburn@dtaa.com,,,Irene.Beatrice.Cotton@dtaa.com,,51021,0
{B2L2-E5SA59IX-1101TBZD},2010-10-07 07:48:54.0,IBC0664,William.Hu.Chang@dtaa.com;Buffy.Imogene.Robles@dtaa.com,,,Irene.Beatrice.Cotton@dtaa.com,,30668,4
{V9V0-J7WU75US-5533TYSE},2010-10-08 16:44:29.0,IBC0664,Uriel.Kermit.Wall@dtaa.com,,,Irene.Beatrice.Cotton@dtaa.com,,26482,0
{X3J4-R3OK05WU-5076BVWE},2010-10-11 09:58:12.0,IBC0664,Melanie.Iris.Kaufman@dtaa.com,,,Irene.Beatrice.Cotton@dtaa.com,,17154,0
{B3N2-X1CQ53ED-0552HEBZ},2010-10-12 08:17:05.0,IBC0664,Oleg.Marvin.Alvarez@dtaa.com,,,Irene.Beatrice.Cotton@dtaa.com,,37441,0
{O8Y8-R7ZT29ED-0904WPVC},2010-10-13 08:16:46.0,IBC0664,Caesar.Tiger.Wells@dtaa.com;Dakota.Jorden.Velasquez@dtaa.com;Elton.Noah.Durham@dtaa.com;Lee.Kieran.Reed@verizon.net,,,Irene.Beatrice.Cotton@dtaa.com,,37239,0
{Z5M1-B5DD96PC-2631AAAX},2010-10-14 10:04:00.0,IBC0664,Abraham.Perry.Reyes@dtaa.com,,,Irene.Beatrice.Cotton@dtaa.com,,29385,2
{Z3I6-N1LR47HS-9487NSFX},2010-10-18 10:46:30.0,IBC0664,Dakota.Jorden.Velasquez@dtaa.com;Kitra.Jenette.Patel@dtaa.com;Katelyn.Janna.Robinson@sbcglobal.net,,,Irene.Beatrice.Cotton@dtaa.com,,27322,2
{O6F4-X8DQ16OG-9267ZFRN},2010-10-19 12:38:36.0,IBC0664,Buffy.Imogene.Robles@dtaa.com;Nicolas.Gavin.Farrell@dtaa.com;Ali.Cullen.Perry@dtaa.com;Marny.Scarlett.Dean@dtaa.com,,,Irene.Beatrice.Cotton@dtaa.com,,20975,1
{N1Y3-R9WN19AS-1394JQUY},2010-10-20 11:25:31.0,IBC0664,Hall.Bruce.Copeland@dtaa.com;Veronica.Alexa.David@dtaa.com;Zachery.Ashton.Stewart@dtaa.com,,,Irene.Beatrice.Cotton@dtaa.com,,24283,4
{P9B8-B4MW31LM-7245YZPR},2010-10-21 14:31:50.0,IBC0664,Rachel.Jeanette.Levine@dtaa.com;Benjamin.Chancellor.Shaw@earthlink.net,,,Irene.Beatrice.Cotton@dtaa.com,,14144,0
{R7O2-S8DH38AA-9919AKVV},2010-10-25 08:49:51.0,IBC0664,Buffy.Imogene.Robles@dtaa.com,,,Irene.Beatrice.Cotton@dtaa.com,,29570,0
{A9X7-M8FZ07BI-6934YZRL},2010-10-27 14:11:06.0,IBC0664,Ayanna.Stacey.Leblanc@dtaa.com;Uriel.Kermit.Wall@dtaa.com;Zachery.Ashton.Stewart@dtaa.com,,,Irene.Beatrice.Cotton@dtaa.com,,22711,0
{Z4T5-Y8GF04AJ-8789CSPJ},2010-10-28 15:58:57.0,IBC0664,Uriel.Kermit.Wall@dtaa.com;Hall.Bruce.Copeland@dtaa.com;Nolan.Richard.Blackburn@dtaa.com,,,Irene.Beatrice.Cotton@dtaa.com,,24548,4
{N9M7-F8EB01TZ-7108XFQN},2010-10-29 15:41:00.0,IBC0664,Kelly.Cade.Barnes@dtaa.com;Oleg.Marvin.Alvarez@dtaa.com,,,Irene.Beatrice.Cotton@dtaa.com,,28706,0
{A3S5-Q9RV91IB-1345CZRS},2010-11-01 08:39:01.0,IBC0664,Hall.Bruce.Copeland@dtaa.com,,,Irene.Beatrice.Cotton@dtaa.com,,33227,0
{T7Y7-X1PI96GL-1367WOTB},2010-11-02 13:27:41.0,IBC0664,Keane.Gary.Russo@dtaa.com,,,Irene.Beatrice.Cotton@dtaa.com,,24174,1
{B1B8-W5YX16RG-7925EFWH},2010-11-03 15:15:11.0,IBC0664,Uriel.Kermit.Wall@dtaa.com;Abraham.Perry.Reyes@dtaa.com;Veronica.Alexa.David@dtaa.com,,,Irene.Beatrice.Cotton@dtaa.com,,42569,0
{E8Y0-H4EA48CH-2972REAH},2010-11-05 09:58:41.0,IBC0664,Elton.Noah.Durham@dtaa.com;Nolan.Richard.Blackburn@dtaa.com;Zachery.Ashton.Stewart@dtaa.com,,,Irene.Beatrice.Cotton@dtaa.com,,24167,0
{E7A1-Z6GH30KF-9076JEKC},2010-11-08 12:22:42.0,IBC0664,Elton.Noah.Durham@dtaa.com;Rachel.Jeanette.Levine@dtaa.com;Hall.Bruce.Copeland@dtaa.com,,,Irene.Beatrice.Cotton@dtaa.com,,21577,2
{O9K7-B5ZI42DD-3843MHFG},2010-11-09 09:37:47.0,IBC0664,Hall.Bruce.Copeland@dtaa.com,,,Irene.Beatrice.Cotton@dtaa.com,,19926,0
{L0J9-P1KS66SP-1899TCFS},2010-11-10 11:45:56.0,IBC0664,Melanie.Iris.Kaufman@dtaa.com;Ayanna.Stacey.Leblanc@dtaa.com;Kevin.Laith.Fry@dtaa.com,,,Irene.Beatrice.Cotton@dtaa.com,,38348,2
{R2Q0-C8PZ36SS-3307RSTX},2010-11-11 08:05:56.0,IBC0664,Oleg.Marvin.Alvarez@dtaa.com,,,Irene.Beatrice.Cotton@dtaa.com,,27774,0
{J6N2-T3RD34RL-3844KYND},2010-11-12 09:50:43.0,IBC0664,Hu.Duncan.Rojas@dtaa.com;Curran.Nolan.Carney@dtaa.com;Veronica.Alexa.David@dtaa.com,,,Irene.Beatrice.Cotton@dtaa.com,,28463,1
{D1Q7-R2YQ88YQ-1835ZQVM},2010-11-15 08:18:40.0,IBC0664,Buffy.Imogene.Robles@dtaa.com;Abraham.Perry.Reyes@dtaa.com;Nolan.Richard.Blackburn@dtaa.com,,,Irene.Beatrice.Cotton@dtaa.com,,33291,1
{L6F2-T7PD54CV-7408ZSMQ},2010-11-16 13:05:54.0,IBC0664,Kevin.Laith.Fry@dtaa.com;William.Hu.Chang@dtaa.com,,,Irene.Beatrice.Cotton@dtaa.com,,36034,0
{Q9P4-G9LV92XB-3157CWLF},2010-11-17 16:36:22.0,IBC0664,Marny.Scarlett.Dean@dtaa.com,,,Irene.Beatrice.Cotton@dtaa.com,,24647,3
{J0V6-A8JA73KM-5479DYRH},2010-11-18 12:20:58.0,IBC0664,Marny.Scarlett.Dean@dtaa.com,,,Irene.Beatrice.Cotton@dtaa.com,,16605,2
{T9E1-C6RK80DU-5941UMDY},2010-11-22 15:32:39.0,IBC0664,Marny.Scarlett.Dean@dtaa.com,,,Irene.Beatrice.Cotton@dtaa.com,,29304,1
{N9Z5-P8FX58UU-6301JOME},2010-11-23 14:45:42.0,IBC0664,Perry.Brandon.Spence@dtaa.com;Zachery.Ashton.Stewart@dtaa.com;Garrett.Nehru.Gordon@dtaa.com,,,Irene.Beatrice.Cotton@dtaa.com,,16388,6
{L5X5-P3PH64SQ-1724HYPA},2010-11-24 10:01:19.0,IBC0664,Oleg.Marvin.Alvarez@dtaa.com,,,Irene.Beatrice.Cotton@dtaa.com,,31638,0
{J3I9-K0SA55ZC-1705JCMI},2010-11-29 07:49:03.0,IBC0664,Scott.Keaton.Combs@bellsouth.net,,,Irene.Beatrice.Cotton@dtaa.com,,23876,1
{D8Z6-D4WJ14TS-8980GRAO},2010-12-01 08:28:00.0,IBC0664,Hall.Bruce.Copeland@dtaa.com,,,Irene.Beatrice.Cotton@dtaa.com,,24478,0
{H0A7-R7OB47OE-2617NCSG},2010-12-02 13:40:25.0,IBC0664,Rachel.Jeanette.Levine@dtaa.com,,,Irene.Beatrice.Cotton@dtaa.com,,30393,0
{N5D4-X2FB16PK-5345UZWM},2010-12-06 11:59:55.0,IBC0664,Velma.Marah.Torres@dtaa.com;Uriel.Kermit.Wall@dtaa.com;Ayanna.Stacey.Leblanc@dtaa.com,,,Irene.Beatrice.Cotton@dtaa.com,,45694,1
{Y7Q6-E4LJ61KX-3498QWPO},2010-12-07 12:37:20.0,IBC0664,Keane.Gary.Russo@dtaa.com,,,Irene.Beatrice.Cotton@dtaa.com,,18669,0
{P2Q0-A5TM57MN-2895FCJE},2010-12-08 11:46:08.0,IBC0664,Rachel.Jeanette.Levine@dtaa.com;Uriel.Kermit.Wall@dtaa.com;Zachery.Ashton.Stewart@dtaa.com,,,Irene.Beatrice.Cotton@dtaa.com,,19819,1
{V2H0-G2JJ47AK-2708VJMD},2010-12-09 13:23:42.0,IBC0664,Elton.Noah.Durham@dtaa.com,,,Irene.Beatrice.Cotton@dtaa.com,,42150,0
{O6E6-B5DX02UB-1074KLRN},2010-12-10 14:38:14.0,IBC0664,Ayanna.Stacey.Leblanc@dtaa.com;Lucius.Cullen.Gallagher@dtaa.com,,,Irene.Beatrice.Cotton@dtaa.com,,45938,0
{V0I4-A3QB79DY-9149RDCJ},2010-12-13 10:01:38.0,IBC0664,Nolan.Richard.Blackburn@dtaa.com;Veronica.Alexa.David@dtaa.com;Abraham.Perry.Reyes@dtaa.com,,,Irene.Beatrice.Cotton@dtaa.com,,20802,8
{J2U9-J4HM33SN-3665NRGX},2010-12-14 09:32:39.0,IBC0664,William.Hu.Chang@dtaa.com;Elton.Noah.Durham@dtaa.com;Kevin.Laith.Fry@dtaa.com,,,Irene.Beatrice.Cotton@dtaa.com,,23877,1
{C2R5-E3JI20SL-3952RCPG},2010-12-15 12:26:25.0,IBC0664,Melanie.Iris.Kaufman@dtaa.com,,,Irene.Beatrice.Cotton@dtaa.com,,15647,0
{V3A5-D7ME96AB-8181OYZV},2010-12-16 09:57:47.0,IBC0664,Melanie.Iris.Kaufman@dtaa.com,,,Irene.Beatrice.Cotton@dtaa.com,,41093,0
{P2X9-A4PY38AX-6301HQZL},2010-12-17 15:21:19.0,IBC0664,Marny.Scarlett.Dean@dtaa.com,,,Irene.Beatrice.Cotton@dtaa.com,,50922,0
{G1Z5-T3RO82PU-0286RTVT},2010-12-20 13:01:16.0,IBC0664,Keane.Gary.Russo@dtaa.com;Hall.Bruce.Copeland@dtaa.com;Rose.Shay.Bishop@dtaa.com,,,Irene.Beatrice.Cotton@dtaa.com,,22074,0
{G8Q3-K1SH35JU-4805DAJB},2010-12-22 12:18:38.0,IBC0664,Yetta.Chava.Harvey@dtaa.com,,,Irene.Beatrice.Cotton@dtaa.com,,21249,0
{H0E2-L1BA03BS-3796SVLV},2010-12-28 12:47:57.0,IBC0664,Curran.Nolan.Carney@dtaa.com;Lee.Kieran.Reed@verizon.net,,,Irene.Beatrice.Cotton@dtaa.com,,49286,2
{Z9Q3-T3JQ95XI-4603AXRV},2010-12-30 12:52:38.0,IBC0664,Dakota.Jorden.Velasquez@dtaa.com,,,Irene.Beatrice.Cotton@dtaa.com,,17973,0
{O1C3-Z7PS27EQ-5762QSVN},2011-01-03 12:25:07.0,IBC0664,Zachery.Ashton.Stewart@dtaa.com;Pandora.Charity.Mullins@dtaa.com;Kareem.Graham.Miranda@earthlink.net,,,Irene.Beatrice.Cotton@dtaa.com,,29082,2
{V4X6-C5GW12CP-1904OBJW},2011-01-05 10:49:57.0,IBC0664,Nolan.Richard.Blackburn@dtaa.com,,,Irene.Beatrice.Cotton@dtaa.com,,32597,0
{V6P4-W4FD04NS-5873ZOEV},2011-01-06 16:14:07.0,IBC0664,Benjamin.Chancellor.Shaw@earthlink.net,,,Irene.Beatrice.Cotton@dtaa.com,,32836,0
{H1B0-R0YM15JR-9817VHCB},2011-01-07 11:17:18.0,IBC0664,Nolan.Richard.Blackburn@dtaa.com;Buffy.Imogene.Robles@dtaa.com;Kirsten.Nevada.Wilkerson@dtaa.com,,,Irene.Beatrice.Cotton@dtaa.com,,13805,6
{G7M4-V0EL89IR-3059HCGC},2011-01-10 13:22:57.0,IBC0664,Uriel.Kermit.Wall@dtaa.com,,,Irene.Beatrice.Cotton@dtaa.com,,20027,0
{R3F7-G5RP61SO-3954GTXU},2011-01-13 12:25:58.0,IBC0664,Melanie.Iris.Kaufman@dtaa.com,,,Irene.Beatrice.Cotton@dtaa.com,,46716,4
{D4Q8-L7CI38UM-2466KTFW},2011-01-17 10:19:23.0,IBC0664,Marny.Scarlett.Dean@dtaa.com;Hall.Bruce.Copeland@dtaa.com;William.Hu.Chang@dtaa.com,,,Irene.Beatrice.Cotton@dtaa.com,,37228,0
{Q7Y9-O8BX10XP-2460TEPY},2011-01-18 12:09:40.0,IBC0664,Martina.Christine.Petersen@dtaa.com;William.Hu.Chang@dtaa.com,,,Irene.Beatrice.Cotton@dtaa.com,,20692,0
{X0Y0-D4ZN42MN-9904CWEY},2011-01-19 12:00:46.0,IBC0664,Jasper.Lamar.Spence@dtaa.com,,,Irene.Beatrice.Cotton@dtaa.com,,28666,0
{B2E7-P2ID12OE-0477RRYP},2011-01-20 12:14:31.0,IBC0664,William.Hu.Chang@dtaa.com;Uriel.Kermit.Wall@dtaa.com,,,Irene.Beatrice.Cotton@dtaa.com,,22123,0
{W0T5-V4EK65ZU-8824ZLFI},2011-01-21 10:31:10.0,IBC0664,Anthony.Reece.Mckay@dtaa.com,,,Irene.Beatrice.Cotton@dtaa.com,,27835,0
{F9F8-J5BK43QD-8416YZIC},2011-01-26 09:42:24.0,IBC0664,Uriel.Kermit.Wall@dtaa.com,,,Irene.Beatrice.Cotton@dtaa.com,,26824,0
{U2K8-Z8XY70PI-3597EVZH},2011-01-27 08:02:34.0,IBC0664,Maia.Paloma.Long@dtaa.com,,,Irene.Beatrice.Cotton@dtaa.com,,23561,0
{M5F4-B7SY15TN-9514NJQL},2011-01-28 09:18:25.0,IBC0664,Lucius.Cullen.Gallagher@dtaa.com,,,Irene.Beatrice.Cotton@dtaa.com,,26607,0
{V0O7-V6TY56RR-8467KFEE},2011-01-31 10:34:00.0,IBC0664,Lucius.Cullen.Gallagher@dtaa.com;Uriel.Kermit.Wall@dtaa.com;Ulric.Gannon.Garrett@gmail.com,,,Irene.Beatrice.Cotton@dtaa.com,,25665,1
{F5X8-H5NP64AC-1807MYRS},2011-02-01 08:55:54.0,IBC0664,Jeremy.Logan.Hill@dtaa.com;Zachery.Ashton.Stewart@dtaa.com,,,Irene.Beatrice.Cotton@dtaa.com,,45472,0
{X7N9-H5XF85YC-4189XVYI},2011-02-02 11:26:12.0,IBC0664,Rinah.Kiayada.Oconnor@dtaa.com;Kathleen.Kelsie.Page@dtaa.com,,,Irene.Beatrice.Cotton@dtaa.com,,29188,0
{X9V1-R5GA73XK-9518ZVWN},2011-02-03 14:56:58.0,IBC0664,Omar.Christopher.Calderon@dtaa.com;Marny.Scarlett.Dean@dtaa.com;Hall.Bruce.Copeland@dtaa.com,,,Irene.Beatrice.Cotton@dtaa.com,,19407,0
{Q8U0-S8MB48QQ-3350ODKM},2011-02-04 08:44:16.0,IBC0664,Nolan.Richard.Blackburn@dtaa.com;Kevin.Laith.Fry@dtaa.com,,,Irene.Beatrice.Cotton@dtaa.com,,28605,0
{D2U7-B3WC26ZH-6893KJFL},2011-02-07 08:31:32.0,IBC0664,Ayanna.Stacey.Leblanc@dtaa.com;Lucius.Cullen.Gallagher@dtaa.com;Abraham.Perry.Reyes@dtaa.com;Rachel.Jeanette.Levine@dtaa.com,,,Irene.Beatrice.Cotton@dtaa.com,,25490,4
{W7G9-D4BH03OK-8288IYHE},2011-02-08 10:46:47.0,IBC0664,Zachery.Ashton.Stewart@dtaa.com;Oleg.Marvin.Alvarez@dtaa.com,,,Irene.Beatrice.Cotton@dtaa.com,,29002,3
{J0O4-X1DA62XQ-5841GYNF},2011-02-09 14:23:40.0,IBC0664,Buffy.Imogene.Robles@dtaa.com,,,Irene.Beatrice.Cotton@dtaa.com,,21057,0
{A0K4-P1SR73IA-5250PEMQ},2011-02-10 11:22:07.0,IBC0664,Hall.Bruce.Copeland@dtaa.com;Zachery.Ashton.Stewart@dtaa.com,,,Irene.Beatrice.Cotton@dtaa.com,,28516,2
{S0U7-I4DP00JD-3671RTTR},2011-02-14 10:25:28.0,IBC0664,Caleb.Ezra.Weber@dtaa.com,,,Irene.Beatrice.Cotton@dtaa.com,,33887,0
{T9R7-Y6XE60PM-1336PHQQ},2011-02-15 14:07:10.0,IBC0664,Nolan.Richard.Blackburn@dtaa.com;Tana.Ann.Berger@juno.com,,,Irene.Beatrice.Cotton@dtaa.com,,20767,1
{F5D3-O5OJ44SY-3273AXGY},2011-02-17 08:13:46.0,IBC0664,Abraham.Perry.Reyes@dtaa.com,,,Irene.Beatrice.Cotton@dtaa.com,,19868,0
{X5I1-V4UF07DB-8068GPHT},2011-02-21 08:54:23.0,IBC0664,Abraham.Perry.Reyes@dtaa.com,,,Irene.Beatrice.Cotton@dtaa.com,,28294,0
{E1G3-W1XY32CL-1811ARQJ},2011-02-23 12:25:21.0,IBC0664,Dakota.Jorden.Velasquez@dtaa.com;Rachel.Jeanette.Levine@dtaa.com;Marny.Scarlett.Dean@dtaa.com,,,Irene.Beatrice.Cotton@dtaa.com,,28739,0
{C1M1-O5QE53TN-1507XKFD},2011-02-24 14:27:08.0,IBC0664,Buffy.Imogene.Robles@dtaa.com;Dakota.Jorden.Velasquez@dtaa.com,,,Irene.Beatrice.Cotton@dtaa.com,,38596,0
{U3X2-F6WI31QB-9559PMBR},2011-02-25 08:52:54.0,IBC0664,Hall.Bruce.Copeland@dtaa.com;Ulric.Gannon.Garrett@gmail.com,,,Irene.Beatrice.Cotton@dtaa.com,,36344,0
{N4M8-Y7BM31VR-7116SDVE},2011-02-28 15:18:59.0,IBC0664,Chava.Ursa.Dotson@dtaa.com,,,Irene.Beatrice.Cotton@dtaa.com,,37737,0
{F9K6-C0WJ14YQ-2584WVMC},2011-03-01 11:43:46.0,IBC0664,Abraham.Perry.Reyes@dtaa.com;Veronica.Alexa.David@dtaa.com,,,Irene.Beatrice.Cotton@dtaa.com,,34555,1
{D6F7-H6BY30NY-0068YESI},2011-03-02 09:56:24.0,IBC0664,Rachel.Jeanette.Levine@dtaa.com,,,Irene.Beatrice.Cotton@dtaa.com,,40161,0
{A6S9-H3PQ04WB-0506EQEQ},2011-03-03 09:54:46.0,IBC0664,Buffy.Imogene.Robles@dtaa.com,,,Irene.Beatrice.Cotton@dtaa.com,,36855,0
{F4P6-H1FW60KE-6611ZXDQ},2011-03-07 09:54:40.0,IBC0664,Marny.Scarlett.Dean@dtaa.com,,,Irene.Beatrice.Cotton@dtaa.com,,42005,6
{X8E1-A5XU62YW-9139MCFX},2011-03-08 12:41:48.0,IBC0664,Marny.Scarlett.Dean@dtaa.com,,,Irene.Beatrice.Cotton@dtaa.com,,26418,0
{D0S3-W2RX52UP-9457NSTB},2011-03-09 12:56:24.0,IBC0664,Hall.Bruce.Copeland@dtaa.com,,,Irene.Beatrice.Cotton@dtaa.com,,30319,0
{C9I2-E5EM54QB-1480RYGG},2011-03-10 14:05:30.0,IBC0664,Zachery.Ashton.Stewart@dtaa.com,,,Irene.Beatrice.Cotton@dtaa.com,,26036,0
{W6W8-G0ZW48UC-5334TGOK},2011-03-11 11:50:44.0,IBC0664,William.Hu.Chang@dtaa.com,,,Irene.Beatrice.Cotton@dtaa.com,,30707,0
{B2Q5-G7YW40TM-1855FXVY},2011-03-14 10:06:23.0,IBC0664,Keane.Gary.Russo@dtaa.com,,,Irene.Beatrice.Cotton@dtaa.com,,34062,0
{L7X1-H9EA16UH-9944DHTT},2011-03-15 10:26:35.0,IBC0664,Dakota.Jorden.Velasquez@dtaa.com,,,Irene.Beatrice.Cotton@dtaa.com,,37811,2
{D3C8-O4BM51NU-8609ISHR},2011-03-16 12:28:49.0,IBC0664,Lucius.Cullen.Gallagher@dtaa.com,,,Irene.Beatrice.Cotton@dtaa.com,,56703,0
{B9Z7-J6IG48ZK-2462KURN},2011-03-17 09:15:30.0,IBC0664,Lucius.Cullen.Gallagher@dtaa.com,,,Irene.Beatrice.Cotton@dtaa.com,,18520,1
{N1T2-X8KJ67UY-8394FTKN},2011-03-21 14:26:53.0,IBC0664,Mariko.Zephr.Page@dtaa.com,,,Irene.Beatrice.Cotton@dtaa.com,,50878,0
{G7A5-G0QG61YT-2510SBOU},2011-03-22 12:46:20.0,IBC0664,Veronica.Alexa.David@dtaa.com,,,Irene.Beatrice.Cotton@dtaa.com,,22629,0
{D7S6-G0AN60OQ-1188YZIE},2011-03-23 14:04:30.0,IBC0664,Buffy.Imogene.Robles@dtaa.com,,,Irene.Beatrice.Cotton@dtaa.com,,29115,0
{K5D9-Y8HA07HY-0347WCGW},2011-03-25 08:48:48.0,IBC0664,Mohammad.Armando.Vega@dtaa.com;Veronica.Alexa.David@dtaa.com,,,Irene.Beatrice.Cotton@dtaa.com,,35488,0
{E1J3-E1TD74FU-4045RLDL},2011-03-28 12:44:32.0,IBC0664,Melanie.Iris.Kaufman@dtaa.com;Lael.Fiona.Hogan@cox.net,,,Irene.Beatrice.Cotton@dtaa.com,,18573,0
{P2U1-E3FH22EL-0562OATS},2011-03-29 13:00:06.0,IBC0664,Abraham.Perry.Reyes@dtaa.com,,,Irene.Beatrice.Cotton@dtaa.com,,59081,2
{M8L9-V1DC05XG-5505HSKF},2011-03-30 08:14:55.0,IBC0664,Uriel.Kermit.Wall@dtaa.com;Tana.Ann.Berger@juno.com,,,Irene.Beatrice.Cotton@dtaa.com,,15005,2
{X3V8-E4AG50DE-0732TUZA},2011-03-31 14:44:10.0,IBC0664,Melanie.Iris.Kaufman@dtaa.com,,,Irene.Beatrice.Cotton@dtaa.com,,21752,0
{P6K5-H9EQ24EP-3266ZQUZ},2011-04-04 16:44:22.0,IBC0664,Marny.Scarlett.Dean@dtaa.com;Lee.Kieran.Reed@verizon.net;Benjamin.Chancellor.Shaw@earthlink.net,,,Irene.Beatrice.Cotton@dtaa.com,,18565,3
{C7S6-C0BA91BV-6826FIWI},2011-04-05 08:08:47.0,IBC0664,Rachel.Jeanette.Levine@dtaa.com,,,Irene.Beatrice.Cotton@dtaa.com,,20916,1
{L4V7-T2CO64DL-6964TKUC},2011-04-06 13:58:12.0,IBC0664,Abraham.Perry.Reyes@dtaa.com,,,Irene.Beatrice.Cotton@dtaa.com,,32171,2
{V2D4-R7KC06OX-9437CNTU},2011-04-07 12:53:23.0,IBC0664,Buffy.Imogene.Robles@dtaa.com;Ayanna.Stacey.Leblanc@dtaa.com,,,Irene.Beatrice.Cotton@dtaa.com,,32992,2
{U3T1-V4GA44IH-2794FCRH},2011-04-11 09:53:16.0,IBC0664,Ayanna.Stacey.Leblanc@dtaa.com,,,Irene.Beatrice.Cotton@dtaa.com,,19915,0
{I5U1-V5KM10KA-1381KNRK},2011-04-12 15:14:34.0,IBC0664,Maya.Iona.Huff@dtaa.com,,,Irene.Beatrice.Cotton@dtaa.com,,31928,0
{S3X2-W2OF76FK-7818GMCP},2011-04-14 14:04:28.0,IBC0664,William.Hu.Chang@dtaa.com,,,Irene.Beatrice.Cotton@dtaa.com,,32635,0
{R7Q9-B1RC10BG-7722CJCA},2011-04-18 16:09:35.0,IBC0664,Kevin.Laith.Fry@dtaa.com,,,Irene.Beatrice.Cotton@dtaa.com,,31483,0
{H9W1-F3GN13DL-7914BANA},2011-04-19 13:46:00.0,IBC0664,Ray.Norman.Morton@dtaa.com,,,Irene.Beatrice.Cotton@dtaa.com,,22816,0
{P0F2-E1AG23UL-2109QWTG},2011-04-20 16:22:09.0,IBC0664,Veronica.Alexa.David@dtaa.com;Marny.Scarlett.Dean@dtaa.com,,,Irene.Beatrice.Cotton@dtaa.com,,35086,2
{L5Q2-I1DL41ZJ-5799UVYG},2011-04-21 10:12:49.0,IBC0664,Ulric.Gannon.Garrett@gmail.com,,,Irene.Beatrice.Cotton@dtaa.com,,19078,0
{S2F2-O9HL19RW-1522JRHA},2011-04-26 14:14:18.0,IBC0664,Kevin.Laith.Fry@dtaa.com;Keane.Gary.Russo@dtaa.com,,,Irene.Beatrice.Cotton@dtaa.com,,31946,4
{F1P3-M8HG14LJ-0744MRUL},2011-04-27 14:14:12.0,IBC0664,Oleg.Marvin.Alvarez@dtaa.com,,,Irene.Beatrice.Cotton@dtaa.com,,14762,0
{S9L3-L9DF99LF-1295ULRQ},2011-04-28 07:54:23.0,IBC0664,Buffy.Imogene.Robles@dtaa.com,,,Irene.Beatrice.Cotton@dtaa.com,,37118,0
{B6L3-E2ML09XR-9764FQIM},2011-04-29 13:18:46.0,IBC0664,Kendall.Nevada.Coffey@dtaa.com;Ayanna.Stacey.Leblanc@dtaa.com,,,Irene.Beatrice.Cotton@dtaa.com,,23582,0
{L9H9-P2NI00UU-8717IFGA},2011-05-02 12:45:29.0,IBC0664,Marny.Scarlett.Dean@dtaa.com,,,Irene.Beatrice.Cotton@dtaa.com,,23086,0
{Z8Y4-N1NX56HQ-6584QNID},2011-05-04 12:06:58.0,IBC0664,Benjamin.Chancellor.Shaw@earthlink.net,,,Irene.Beatrice.Cotton@dtaa.com,,34537,1
{X0N9-R6SA79HU-9881BJTX},2011-05-05 09:33:20.0,IBC0664,Uriel.Kermit.Wall@dtaa.com,,,Irene.Beatrice.Cotton@dtaa.com,,29045,1
{R2G5-U2UR45WF-7508XNJQ},2011-05-09 08:32:21.0,IBC0664,Veronica.Alexa.David@dtaa.com,,,Irene.Beatrice.Cotton@dtaa.com,,39986,0
{D5I4-U7OD40FP-2607PNYD},2011-05-10 07:37:35.0,IBC0664,Uriel.Kermit.Wall@dtaa.com;Ayanna.Stacey.Leblanc@dtaa.com;Hall.Bruce.Copeland@dtaa.com,,,Irene.Beatrice.Cotton@dtaa.com,,16011,0
{Y1V6-E7TA45GU-6740FOYI},2011-05-11 09:18:32.0,IBC0664,Dakota.Jorden.Velasquez@dtaa.com;Abraham.Perry.Reyes@dtaa.com,,,Irene.Beatrice.Cotton@dtaa.com,,23693,0
{K4W0-V0VV56VV-6631SDKX},2011-05-12 14:40:31.0,IBC0664,Kevin.Laith.Fry@dtaa.com,,,Irene.Beatrice.Cotton@dtaa.com,,12914,1
{T0N6-E0VT91FR-7585ZNUW},2011-05-13 15:55:20.0,IBC0664,Ulric.Gannon.Garrett@gmail.com,,,Irene.Beatrice.Cotton@dtaa.com,,28818,1
