{J1L4-H1NT72HN-4629EHON},2010-01-04 14:23:13.0,MIK0681,Keane.Gary.Russo@dtaa.com;Neve.Lila.Downs@sbcglobal.net,,,Melanie.Iris.Kaufman@dtaa.com,,23398,0
{J5N3-G8LP55LP-6998MWHP},2010-01-05 14:36:13.0,MIK0681,Curran.Nolan.Carney@dtaa.com,,,Melanie.Iris.Kaufman@dtaa.com,,22828,0
{G4L7-K8HY75XC-1604JYFN},2010-01-06 08:13:03.0,MIK0681,Abraham.Perry.Reyes@dtaa.com,,,Melanie.Iris.Kaufman@dtaa.com,,22069,0
{O0J3-Z3GK70EI-4339WGIO},2010-01-08 09:31:20.0,MIK0681,Zachery.Ashton.Stewart@dtaa.com,,,Melanie.Iris.Kaufman@dtaa.com,,21124,0
{P8U0-W8XY92SK-2714QGET},2010-01-11 11:39:23.0,MIK0681,Nicole.Uma.Guthrie@dtaa.com,,,Melanie.Iris.Kaufman@dtaa.com,,34817,0
{K9R3-F1ME99YX-8406ZWSJ},2010-01-12 09:33:36.0,MIK0681,Britanni.Josephine.Garrett@dtaa.com;Dakota.Jorden.Velasquez@dtaa.com,,,Melanie.Iris.Kaufman@dtaa.com,,42409,0
{J3P8-I8UP61ZW-6102FVQG},2010-01-13 16:00:35.0,MIK0681,Zachery.Ashton.Stewart@dtaa.com,,,Melanie.Iris.Kaufman@dtaa.com,,30045,0
{P7J2-O5YV80XV-8422ZOSL},2010-01-14 07:58:57.0,MIK0681,Oleg.Ahmed.Porter@dtaa.com;Marny.Scarlett.Dean@dtaa.com;Oscar.Reece.Cote@dtaa.com,,,Melanie.Iris.Kaufman@dtaa.com,,31060,0
{Z0W6-Q1WM53NY-3373LZQQ},2010-01-18 15:51:24.0,MIK0681,Elton.Noah.Durham@dtaa.com;Ayanna.Stacey.Leblanc@dtaa.com,,,Melanie.Iris.Kaufman@dtaa.com,,23182,0
{O3C0-J4DP50WC-7095JKPK},2010-01-19 12:30:59.0,MIK0681,Keane.Gary.Russo@dtaa.com,,,Melanie.Iris.Kaufman@dtaa.com,,29799,0
{U0T1-D3LC80FW-0082FUSF},2010-01-20 12:06:03.0,MIK0681,Uriel.Kermit.Wall@dtaa.com,,,Melanie.Iris.Kaufman@dtaa.com,,35299,0
{V7J3-B2AM80ZW-6764VTXJ},2010-01-21 15:20:58.0,MIK0681,Zachery.Ashton.Stewart@dtaa.com,,,Melanie.Iris.Kaufman@dtaa.com,,25510,0
{F0P0-W6AM47IW-1821DIIF},2010-01-22 08:09:20.0,MIK0681,Destiny.Hadassah.Mcclain@dtaa.com,,,Melanie.Iris.Kaufman@dtaa.com,,53799,0
{H9A7-F3IR95CE-5778IWKY},2010-01-29 16:30:31.0,MIK0681,Cheyenne.Indigo.Meyers@aol.com,,,Melanie.Iris.Kaufman@dtaa.com,,25121,0
{D6I9-Q7LR24WT-0245OQUC},2010-02-01 13:31:55.0,MIK0681,Kevin.Laith.Fry@dtaa.com,,,Melanie.Iris.Kaufman@dtaa.com,,28779,0
{C6U7-L3JH81KV-6533GCNI},2010-02-02 09:18:56.0,MIK0681,Veronica.Alexa.David@dtaa.com,,,Melanie.Iris.Kaufman@dtaa.com,,23154,0
{F6P4-V2YD61MC-9798RUZZ},2010-02-03 08:29:33.0,MIK0681,Morgan.Avye.Banks@dtaa.com,,,Melanie.Iris.Kaufman@dtaa.com,,27023,0
{N7O8-K8KQ80IS-7259NYWN},2010-02-04 13:47:55.0,MIK0681,Veronica.Alexa.David@dtaa.com,,,Melanie.Iris.Kaufman@dtaa.com,,23160,0
{N0Z0-Y5OH30EY-4584YCJE},2010-02-08 14:38:31.0,MIK0681,Rachel.Jeanette.Levine@dtaa.com,,,Melanie.Iris.Kaufman@dtaa.com,,24467,0
{V7F4-J6NP81JL-4154VNVL},2010-02-09 15:07:14.0,MIK0681,Zachery.Ashton.Stewart@dtaa.com,,,Melanie.Iris.Kaufman@dtaa.com,,24524,0
{E7D6-U0RT48WG-9879GXHX},2010-02-11 12:28:35.0,MIK0681,McKenzie.Leigh.Mckee@dtaa.com,,,Melanie.Iris.Kaufman@dtaa.com,,35768,0
{H5T8-X5AZ84XB-6303CEHB},2010-02-15 11:55:48.0,MIK0681,Oleg.Marvin.Alvarez@dtaa.com;Neve.Lila.Downs@sbcglobal.net,,,Melanie.Iris.Kaufman@dtaa.com,,46342,0
{I6J4-T9MQ54BU-8573XMFK},2010-02-17 07:57:26.0,MIK0681,Rachel.Jeanette.Levine@dtaa.com;Neve.Lila.Downs@sbcglobal.net,,,Melanie.Iris.Kaufman@dtaa.com,,42362,0
{M5K5-S7KP75PK-8889LLKE},2010-02-19 08:14:31.0,MIK0681,Abraham.Perry.Reyes@dtaa.com,,,Melanie.Iris.Kaufman@dtaa.com,,64466,0
{L7X2-P4QP96RE-2038NZYP},2010-02-23 09:18:26.0,MIK0681,Gareth.Galvin.Hendricks@dtaa.com;Kevin.Laith.Fry@dtaa.com;Nolan.Richard.Blackburn@dtaa.com;Keane.Gary.Russo@dtaa.com,,,Melanie.Iris.Kaufman@dtaa.com,,39067,0
{D8E7-J3RO05VW-5672HKVT},2010-02-24 16:06:05.0,MIK0681,Cheyenne.Indigo.Meyers@aol.com,,,Melanie.Iris.Kaufman@dtaa.com,,35066,0
{E2K3-R2YH53ON-8153WCPU},2010-02-26 14:55:09.0,MIK0681,Abraham.Perry.Reyes@dtaa.com;Kevin.Laith.Fry@dtaa.com,,,Melanie.Iris.Kaufman@dtaa.com,,31074,0
{P0R3-I5EN04VH-1933XCCA},2010-03-01 16:16:59.0,MIK0681,Abraham.Perry.Reyes@dtaa.com;Elton.Noah.Durham@dtaa.com,,,Melanie.Iris.Kaufman@dtaa.com,,21025,0
{O6D8-B1JO23PU-7972EIWO},2010-03-02 08:18:01.0,MIK0681,Ayanna.Stacey.Leblanc@dtaa.com;William.Hu.Chang@dtaa.com,,,Melanie.Iris.Kaufman@dtaa.com,,22377,0
{D3A5-P1WL97JG-5848AQKN},2010-03-03 09:39:21.0,MIK0681,Rachel.Jeanette.Levine@dtaa.com,,,Melanie.Iris.Kaufman@dtaa.com,,33428,0
{X4V5-B4CJ61RJ-5815JFPK},2010-03-05 12:04:04.0,MIK0681,Martin.Samuel.Ferrell@hp.com,,,Melanie.Iris.Kaufman@dtaa.com,,22392,0
{N0E0-T3XP37AK-5022AYDT},2010-03-09 09:12:10.0,MIK0681,Ayanna.Stacey.Leblanc@dtaa.com;Natalie.Kendall.Riggs@dtaa.com,,,Melanie.Iris.Kaufman@dtaa.com,,44448,0
{H2A3-M8WF96JA-9271IRIG},2010-03-10 13:36:47.0,MIK0681,Zachery.Ashton.Stewart@dtaa.com;William.Hu.Chang@dtaa.com,,,Melanie.Iris.Kaufman@dtaa.com,,14753,0
{G4H2-K7PG62SP-5997CEIE},2010-03-12 08:46:36.0,MIK0681,William.Hu.Chang@dtaa.com;Tanya.Blaine.Ferrell@dtaa.com;Cheyenne.Indigo.Meyers@aol.com,,,Melanie.Iris.Kaufman@dtaa.com,,42939,0
{K6F0-G7BY30CM-1565MSVU},2010-03-16 09:00:24.0,MIK0681,Oleg.Marvin.Alvarez@dtaa.com,,,Melanie.Iris.Kaufman@dtaa.com,,20846,0
{V2K2-Q5FV37PC-8936TSYC},2010-03-22 11:54:01.0,MIK0681,Oleg.Marvin.Alvarez@dtaa.com;Kevin.Laith.Fry@dtaa.com,,,Melanie.Iris.Kaufman@dtaa.com,,27944,0
{M2N9-W5BH72JY-9887PSWK},2010-03-23 10:09:25.0,MIK0681,Denton.Thor.Espinoza@dtaa.com;Xenos.Benjamin.Byers@dtaa.com;Gloria.Vielka.Sykes@harris.com,,,Melanie.Iris.Kaufman@dtaa.com,,24560,0
{P3C1-J8JC25BC-8544TIKP},2010-03-24 16:36:37.0,MIK0681,Veronica.Alexa.David@dtaa.com;William.Hu.Chang@dtaa.com;Gisela.Eleanor.Carroll@dtaa.com;Oleg.Marvin.Alvarez@dtaa.com,,,Melanie.Iris.Kaufman@dtaa.com,,37493,0
{M3Z6-F8NU94TF-5318QAEA},2010-03-26 08:10:38.0,MIK0681,Moana.Cara.Riggs@dtaa.com,,,Melanie.Iris.Kaufman@dtaa.com,,19430,0
{M3V2-M6UH34FR-9440AZDK},2010-03-29 10:13:55.0,MIK0681,Keane.Gary.Russo@dtaa.com;Cheyenne.Indigo.Meyers@aol.com,,,Melanie.Iris.Kaufman@dtaa.com,,48339,0
{C2M4-T6DQ90WE-7087TPQZ},2010-03-30 08:22:28.0,MIK0681,Kevin.Laith.Fry@dtaa.com,,,Melanie.Iris.Kaufman@dtaa.com,,15514,0
{T1G5-S2RS48RN-3899ZQSF},2010-03-31 15:59:22.0,MIK0681,Curran.Nolan.Carney@dtaa.com;Marny.Scarlett.Dean@dtaa.com,,,Melanie.Iris.Kaufman@dtaa.com,,37346,0
{L4K5-I7UA29DF-8190ZDYW},2010-04-01 09:20:00.0,MIK0681,Jane.Odessa.Mccullough@dtaa.com;Basia.Lael.Bird@gmail.com,,,Melanie.Iris.Kaufman@dtaa.com,,15073,0
{U8O7-X7JA44CQ-2726ILWE},2010-04-05 12:29:57.0,MIK0681,Keane.Gary.Russo@dtaa.com,,,Melanie.Iris.Kaufman@dtaa.com,,23714,0
{K0X3-P7CJ78WB-8914CIMW},2010-04-06 08:00:56.0,MIK0681,Veronica.Alexa.David@dtaa.com;William.Hu.Chang@dtaa.com,,,Melanie.Iris.Kaufman@dtaa.com,,19250,0
{I0I8-H2KX60FY-2639ZWWD},2010-04-07 15:57:29.0,MIK0681,Curran.Nolan.Carney@dtaa.com,,,Melanie.Iris.Kaufman@dtaa.com,,28958,0
{S8G2-X2OS51EW-8962FTKU},2010-04-09 14:53:35.0,MIK0681,Uriel.Kermit.Wall@dtaa.com,,,Melanie.Iris.Kaufman@dtaa.com,,23981,0
{D6W3-O4BO81AY-3448XEFT},2010-04-12 13:54:02.0,MIK0681,Keane.Gary.Russo@dtaa.com;Oleg.Marvin.Alvarez@dtaa.com;Nolan.Richard.Blackburn@dtaa.com,,,Melanie.Iris.Kaufman@dtaa.com,,25161,0
{A9Z3-T8RX72RO-2001JBXW},2010-04-13 10:49:58.0,MIK0681,Lucius.Cullen.Gallagher@dtaa.com,,,Melanie.Iris.Kaufman@dtaa.com,,27097,0
{Z3K1-L0HC16TN-2020GLFA},2010-04-14 08:58:59.0,MIK0681,Curran.Nolan.Carney@dtaa.com,,,Melanie.Iris.Kaufman@dtaa.com,,27781,0
{B9J9-U8ZI09PL-1367NNGY},2010-04-15 08:36:03.0,MIK0681,Keane.Gary.Russo@dtaa.com,,,Melanie.Iris.Kaufman@dtaa.com,,29155,0
{S0H2-D6YI43CR-3707FWNL},2010-04-16 15:35:51.0,MIK0681,Rachel.Jeanette.Levine@dtaa.com;Cheyenne.Indigo.Meyers@aol.com,,,Melanie.Iris.Kaufman@dtaa.com,,31401,0
{S4N0-S3EL75NE-4920LLBJ},2010-04-19 11:39:32.0,MIK0681,Dakota.Jorden.Velasquez@dtaa.com,,,Melanie.Iris.Kaufman@dtaa.com,,29374,0
{L9Q3-A9ZH94ZX-7497XEFB},2010-04-20 07:55:32.0,MIK0681,Veronica.Alexa.David@dtaa.com,,,Melanie.Iris.Kaufman@dtaa.com,,38259,0
{R2A8-P4IF11DI-2099FZLX},2010-04-21 13:48:04.0,MIK0681,William.Hu.Chang@dtaa.com,,,Melanie.Iris.Kaufman@dtaa.com,,26643,0
{Q8J1-L9LW41EO-2870GYNX},2010-04-22 10:52:44.0,MIK0681,Cheyenne.Indigo.Meyers@aol.com,,,Melanie.Iris.Kaufman@dtaa.com,,47695,0
{M2N0-A2MV73EC-7253KDTR},2010-04-23 10:24:49.0,MIK0681,Hall.Bruce.Copeland@dtaa.com,,,Melanie.Iris.Kaufman@dtaa.com,,30239,0
{N2N4-H4SZ47DN-7104JIKL},2010-04-26 10:44:04.0,MIK0681,Abraham.Perry.Reyes@dtaa.com,,,Melanie.Iris.Kaufman@dtaa.com,,15295,0
{K7U7-S7OL46HC-3688PDGZ},2010-04-27 15:35:44.0,MIK0681,Keane.Gary.Russo@dtaa.com,,,Melanie.Iris.Kaufman@dtaa.com,,20353,0
{M0J4-Y7TB97ZS-6255AHYN},2010-04-28 09:29:40.0,MIK0681,Hall.Bruce.Copeland@dtaa.com,,,Melanie.Iris.Kaufman@dtaa.com,,23028,0
{Q9T9-R6UD11EU-6908CMII},2010-04-30 08:10:18.0,MIK0681,Nolan.Richard.Blackburn@dtaa.com;Neve.Lila.Downs@sbcglobal.net;Cheyenne.Indigo.Meyers@aol.com,,,Melanie.Iris.Kaufman@dtaa.com,,25474,0
{X3S2-T3FY08AC-2880QRXO},2010-05-03 12:57:02.0,MIK0681,Cheyenne.Indigo.Meyers@aol.com,,,Melanie.Iris.Kaufman@dtaa.com,,21958,0
{C9A4-U0HO78SE-0406NBPT},2010-05-04 15:38:15.0,MIK0681,Prescott.Chase.Lowe@dtaa.com,,,Melanie.Iris.Kaufman@dtaa.com,,27625,0
{Y5I9-K9LK33HW-1660ZCQU},2010-05-06 13:54:52.0,MIK0681,Benjamin.Rahim.Crane@dtaa.com,,,Melanie.Iris.Kaufman@dtaa.com,,20346,0
{M6N0-T2KF39ZA-3143JXVV},2010-05-07 10:02:02.0,MIK0681,Elton.Noah.Durham@dtaa.com;Kevin.Laith.Fry@dtaa.com,,,Melanie.Iris.Kaufman@dtaa.com,,33736,0
{V0T9-W0KR31KV-5010SPMI},2010-05-11 16:23:26.0,MIK0681,Lucius.Cullen.Gallagher@dtaa.com;Oleg.Marvin.Alvarez@dtaa.com,,,Melanie.Iris.Kaufman@dtaa.com,,29293,0
{R4A9-T4FZ36SX-7078YIUA},2010-05-12 09:18:08.0,MIK0681,Brian.Jesse.Gentry@dtaa.com,,,Melanie.Iris.Kaufman@dtaa.com,,22295,0
{A6W7-D5MP74AK-3353GYHC},2010-05-13 15:40:09.0,MIK0681,Marny.Scarlett.Dean@dtaa.com;Abraham.Perry.Reyes@dtaa.com;Elton.Noah.Durham@dtaa.com,,,Melanie.Iris.Kaufman@dtaa.com,,16890,0
{Q7J9-F5YT05QF-4166EMKK},2010-05-14 15:08:49.0,MIK0681,Anastasia.Tamekah.Gaines@dtaa.com,,,Melanie.Iris.Kaufman@dtaa.com,,22780,0
{I9P4-M4CH81TO-3453LGMT},2010-05-17 08:24:03.0,MIK0681,Ayanna.Stacey.Leblanc@dtaa.com,,,Melanie.Iris.Kaufman@dtaa.com,,47346,0
{R0M9-H3BW76WJ-4270LCRF},2010-05-18 13:03:27.0,MIK0681,Rachel.Jeanette.Levine@dtaa.com,,,Melanie.Iris.Kaufman@dtaa.com,,40716,0
{G3Y2-T4HI19KS-0616JUAZ},2010-05-20 10:52:11.0,MIK0681,Keane.Gary.Russo@dtaa.com;Nolan.Richard.Blackburn@dtaa.com,,,Melanie.Iris.Kaufman@dtaa.com,,62134,0
{Q7B8-V2LG79LZ-0335TNEJ},2010-05-24 15:01:22.0,MIK0681,Timon.Dane.Floyd@dtaa.com,,,Melanie.Iris.Kaufman@dtaa.com,,66302,0
{K5D9-Y4LW77FS-0362SRZZ},2010-05-27 08:11:07.0,MIK0681,Oleg.Marvin.Alvarez@dtaa.com;Ayanna.Stacey.Leblanc@dtaa.com;Keane.Gary.Russo@dtaa.com;Nolan.Richard.Blackburn@dtaa.com,,,Melanie.Iris.Kaufman@dtaa.com,,36441,0
{D9E3-M9YV81YF-6332VVTK},2010-06-01 09:03:17.0,MIK0681,Cheyenne.Indigo.Meyers@aol.com,,,Melanie.Iris.Kaufman@dtaa.com,,16567,0
{P4H7-Q9MV51AC-9264LGGQ},2010-06-02 13:51:39.0,MIK0681,Elton.Noah.Durham@dtaa.com;Ashely.Violet.Joyner@dtaa.com;Neve.Lila.Downs@sbcglobal.net,,,Melanie.Iris.Kaufman@dtaa.com,,35007,0
{C5M2-D6SK49OK-9494JETR},2010-06-03 13:41:52.0,MIK0681,Abraham.Perry.Reyes@dtaa.com;Neve.Lila.Downs@sbcglobal.net,,,Melanie.Iris.Kaufman@dtaa.com,,23255,0
{C7N2-F8PF56BA-2389YYIW},2010-06-04 11:16:39.0,MIK0681,Zachery.Ashton.Stewart@dtaa.com;Lucius.Cullen.Gallagher@dtaa.com;Marny.Scarlett.Dean@dtaa.com,,,Melanie.Iris.Kaufman@dtaa.com,,21883,0
{W4W4-V1BF40EY-1088EPZO},2010-06-07 08:50:06.0,MIK0681,Lucius.Cullen.Gallagher@dtaa.com;Dakota.Jorden.Velasquez@dtaa.com;Ryder.Benjamin.Salas@dtaa.com,,,Melanie.Iris.Kaufman@dtaa.com,,19972,0
{I4W6-H4OF88HD-5105HOFY},2010-06-09 09:32:08.0,MIK0681,Ayanna.Stacey.Leblanc@dtaa.com;Martina.Christine.Petersen@dtaa.com,,,Melanie.Iris.Kaufman@dtaa.com,,32386,0
{V9P0-W5VG89VD-5608JPSN},2010-06-10 11:45:38.0,MIK0681,Hall.Bruce.Copeland@dtaa.com;Elton.Noah.Durham@dtaa.com,,,Melanie.Iris.Kaufman@dtaa.com,,27753,0
{B3Y0-M7WM98OS-0818NZAT},2010-06-11 08:21:34.0,MIK0681,Britanney.Willa.Wallace@dtaa.com,,,Melanie.Iris.Kaufman@dtaa.com,,34177,0
{S2X6-T7IM24NY-0074WTNV},2010-06-14 14:54:34.0,MIK0681,Dakota.Jorden.Velasquez@dtaa.com,,,Melanie.Iris.Kaufman@dtaa.com,,17217,0
{R2B8-J0ZH84GS-8854ZUZL},2010-06-15 13:47:55.0,MIK0681,Perry.Brandon.Spence@dtaa.com;Neve.Lila.Downs@sbcglobal.net,,,Melanie.Iris.Kaufman@dtaa.com,,31758,0
{A9M0-K9MS91TT-9290HVIB},2010-06-16 14:36:28.0,MIK0681,Dakota.Jorden.Velasquez@dtaa.com,,,Melanie.Iris.Kaufman@dtaa.com,,19193,0
{K3K0-M1TD96GA-3466DOXC},2010-06-17 14:49:16.0,MIK0681,Lucius.Cullen.Gallagher@dtaa.com,,,Melanie.Iris.Kaufman@dtaa.com,,33509,0
{K9E9-W7JW15BE-8019OYXT},2010-06-21 07:52:31.0,MIK0681,Marny.Scarlett.Dean@dtaa.com,,,Melanie.Iris.Kaufman@dtaa.com,,27478,0
{Q2W5-Y9XY67PU-8046QRUE},2010-06-22 09:05:52.0,MIK0681,Marny.Scarlett.Dean@dtaa.com;Curran.Nolan.Carney@dtaa.com,,,Melanie.Iris.Kaufman@dtaa.com,,24574,0
{K8Q7-Z6KO77RT-7943SLKX},2010-06-23 13:37:12.0,MIK0681,Nolan.Richard.Blackburn@dtaa.com;Zachery.Ashton.Stewart@dtaa.com;Nyssa.Zephr.Tyler@dtaa.com,,,Melanie.Iris.Kaufman@dtaa.com,,22854,0
{A3Q3-S9DQ68QB-3883GQPQ},2010-06-24 15:53:33.0,MIK0681,Keane.Gary.Russo@dtaa.com,,,Melanie.Iris.Kaufman@dtaa.com,,26298,0
{V5P8-K4TG88RO-8342FOAQ},2010-06-25 10:36:25.0,MIK0681,Elton.Noah.Durham@dtaa.com,,,Melanie.Iris.Kaufman@dtaa.com,,31345,0
{O4L3-V7UM02GQ-9976YQSE},2010-06-28 07:57:05.0,MIK0681,Eden.Boris.Chase@dtaa.com,,,Melanie.Iris.Kaufman@dtaa.com,,34307,0
{E4L4-N6ND13ZF-1309DJVQ},2010-06-30 09:58:22.0,MIK0681,Cheyenne.Indigo.Meyers@aol.com,,,Melanie.Iris.Kaufman@dtaa.com,,29951,0
{O1A4-I9DT25RT-7840MSJF},2010-07-01 09:31:54.0,MIK0681,Cheyenne.Indigo.Meyers@aol.com,,,Melanie.Iris.Kaufman@dtaa.com,,33743,0
{H8T8-F7GI18UV-2142FGOD},2010-07-02 09:12:47.0,MIK0681,Curran.Nolan.Carney@dtaa.com;William.Hu.Chang@dtaa.com,,,Melanie.Iris.Kaufman@dtaa.com,,17414,0
{Y1C6-U1DN06GW-4900PWBA},2010-07-06 11:33:26.0,MIK0681,Hall.Bruce.Copeland@dtaa.com;William.Hu.Chang@dtaa.com;Cheyenne.Indigo.Meyers@aol.com,,,Melanie.Iris.Kaufman@dtaa.com,,37937,0
{D3L9-C7CR01NC-6462KVPW},2010-07-08 13:09:02.0,MIK0681,Lee.Yen.Frazier@dtaa.com;Hall.Bruce.Copeland@dtaa.com;Oleg.Marvin.Alvarez@dtaa.com,,,Melanie.Iris.Kaufman@dtaa.com,,20698,0
{I0G0-U1RW71OQ-0972SVXX},2010-07-13 15:21:09.0,MIK0681,Keane.Gary.Russo@dtaa.com,,,Melanie.Iris.Kaufman@dtaa.com,,37538,0
{L1F8-K3QI95QP-2609TPFW},2010-07-16 13:22:28.0,MIK0681,Curran.Nolan.Carney@dtaa.com,,,Melanie.Iris.Kaufman@dtaa.com,,30575,0
{X1G9-V4QV42RS-6580CYWZ},2010-07-20 08:06:31.0,MIK0681,Oleg.Marvin.Alvarez@dtaa.com;Marny.Scarlett.Dean@dtaa.com;Halee.Morgan.Wilkins@dtaa.com;Cheyenne.Indigo.Meyers@aol.com,,,Melanie.Iris.Kaufman@dtaa.com,,37311,0
{P2B9-E4JK81DK-1549QEVP},2010-07-21 13:39:08.0,MIK0681,Cheyenne.Indigo.Meyers@aol.com,,,Melanie.Iris.Kaufman@dtaa.com,,43058,0
{D5L5-O0CO78WS-0670NRAH},2010-07-22 15:50:47.0,MIK0681,Rachel.Jeanette.Levine@dtaa.com;Dakota.Jorden.Velasquez@dtaa.com,,,Melanie.Iris.Kaufman@dtaa.com,,32013,0
{L3K6-V6AN04KE-2330LGOI},2010-07-26 08:12:45.0,MIK0681,Uriel.Kermit.Wall@dtaa.com,,,Melanie.Iris.Kaufman@dtaa.com,,27293,0
{J2G4-H3SU63RH-3024MTYU},2010-07-28 10:09:14.0,MIK0681,Veronica.Alexa.David@dtaa.com,,,Melanie.Iris.Kaufman@dtaa.com,,27096,0
{R8M2-L6YE15TJ-0847LRFB},2010-07-29 16:28:04.0,MIK0681,Elton.Noah.Durham@dtaa.com;Uriel.Kermit.Wall@dtaa.com,,,Melanie.Iris.Kaufman@dtaa.com,,31060,0
{L9H4-Q6VG15RE-4187VJNE},2010-07-30 08:06:12.0,MIK0681,Elton.Noah.Durham@dtaa.com,,,Melanie.Iris.Kaufman@dtaa.com,,42786,0
{U3T5-Q6ZS32TO-4651QOSF},2010-08-02 09:40:30.0,MIK0681,Keane.Gary.Russo@dtaa.com,,,Melanie.Iris.Kaufman@dtaa.com,,31657,0
{D2S7-J3JN91WZ-2677CTNK},2010-08-04 16:25:55.0,MIK0681,Veronica.Alexa.David@dtaa.com;Rachel.Jeanette.Levine@dtaa.com;Curran.Nolan.Carney@dtaa.com,,,Melanie.Iris.Kaufman@dtaa.com,,28089,0
{Z6H0-S3HI44QV-0689VGJT},2010-08-05 14:55:36.0,MIK0681,Keane.Gary.Russo@dtaa.com,,,Melanie.Iris.Kaufman@dtaa.com,,19918,0
{R5L3-E6CG56PY-9444KOZY},2010-08-06 08:13:28.0,MIK0681,Abraham.Perry.Reyes@dtaa.com,,,Melanie.Iris.Kaufman@dtaa.com,,29632,0
{E2U7-D4CJ58IW-2643EJMN},2010-08-10 13:54:55.0,MIK0681,Dakota.Jorden.Velasquez@dtaa.com;Lucius.Cullen.Gallagher@dtaa.com,,,Melanie.Iris.Kaufman@dtaa.com,,37547,0
{J2X7-E2VE39UL-6855TLXB},2010-08-11 12:19:24.0,MIK0681,Nolan.Richard.Blackburn@dtaa.com,,,Melanie.Iris.Kaufman@dtaa.com,,14821,0
{J9Y2-C1ZK32UY-7807ZMFT},2010-08-12 15:37:22.0,MIK0681,Hall.Bruce.Copeland@dtaa.com;Neve.Lila.Downs@sbcglobal.net,,,Melanie.Iris.Kaufman@dtaa.com,,24745,0
{S1I3-E8YP80ME-9286SVOE},2010-08-16 08:03:29.0,MIK0681,Nolan.Richard.Blackburn@dtaa.com;Keane.Gary.Russo@dtaa.com;Ayanna.Stacey.Leblanc@dtaa.com;Neve.Lila.Downs@sbcglobal.net,,,Melanie.Iris.Kaufman@dtaa.com,,37115,0
{Y0Q7-Y3AM81GJ-0103AVGM},2010-08-17 15:58:28.0,MIK0681,Ori.Jeanette.Blake@bellsouth.net,,,Melanie.Iris.Kaufman@dtaa.com,,31146,0
{G5U1-O8IP83LG-6006HBNZ},2010-08-18 07:57:13.0,MIK0681,Dakota.Jorden.Velasquez@dtaa.com;Elton.Noah.Durham@dtaa.com,,,Melanie.Iris.Kaufman@dtaa.com,,26220,0
{Q7H5-B7GN15EZ-5875SNVC},2010-08-19 08:30:29.0,MIK0681,Neve.Lila.Downs@sbcglobal.net;Cheyenne.Indigo.Meyers@aol.com,,,Melanie.Iris.Kaufman@dtaa.com,,34655,0
{O9V2-A5FV17TX-5844NBZF},2010-08-20 15:25:32.0,MIK0681,Uriel.Kermit.Wall@dtaa.com;Rachel.Jeanette.Levine@dtaa.com;Xena.Roary.Goodman@dtaa.com;Hunter.Isaac.Odom@gmail.com,,,Melanie.Iris.Kaufman@dtaa.com,,34639,0
{S5Z5-L3LK36OV-2374TXIA},2010-08-23 13:25:15.0,MIK0681,Marny.Scarlett.Dean@dtaa.com;Dakota.Jorden.Velasquez@dtaa.com,,,Melanie.Iris.Kaufman@dtaa.com,,30888,0
{B0O5-U6IV20XL-9099LPCB},2010-08-24 13:11:03.0,MIK0681,Abraham.Perry.Reyes@dtaa.com,,,Melanie.Iris.Kaufman@dtaa.com,,32413,0
{K9U4-S4GZ73ZA-8494VSHI},2010-08-25 16:08:39.0,MIK0681,Zachery.Ashton.Stewart@dtaa.com,,,Melanie.Iris.Kaufman@dtaa.com,,28675,0
{A8Z5-P7PZ05AV-3764SKGF},2010-08-26 10:52:39.0,MIK0681,Lucius.Cullen.Gallagher@dtaa.com,,,Melanie.Iris.Kaufman@dtaa.com,,34067,0
{D8X6-D4IG24ZI-7696LKOT},2010-08-30 07:56:31.0,MIK0681,Keane.Gary.Russo@dtaa.com,,,Melanie.Iris.Kaufman@dtaa.com,,24262,0
{D3N3-T7OF26LY-0099KTWQ},2010-08-31 09:37:55.0,MIK0681,Elton.Noah.Durham@dtaa.com,,,Melanie.Iris.Kaufman@dtaa.com,,21998,0
{G9U1-Z8CV48HF-5167NPLY},2010-09-02 14:58:27.0,MIK0681,Curran.Nolan.Carney@dtaa.com;Dakota.Jorden.Velasquez@dtaa.com;William.Hu.Chang@dtaa.com;Marny.Scarlett.Dean@dtaa.com,,,Melanie.Iris.Kaufman@dtaa.com,,29161,0
{A4I1-F1UP96GZ-8284SZJU},2010-09-07 13:38:05.0,MIK0681,Uta.Adele.Powers@dtaa.com,,,Melanie.Iris.Kaufman@dtaa.com,,48166,0
{I9H3-Q1DR56RL-2758VVJS},2010-09-08 08:30:34.0,MIK0681,William.Hu.Chang@dtaa.com,,,Melanie.Iris.Kaufman@dtaa.com,,63728,0
{S2K7-P0DM44UA-8613YIRV},2010-09-10 09:58:33.0,MIK0681,Paul.Uriel.Brown@raytheon.com,,,Melanie.Iris.Kaufman@dtaa.com,,19113,0
{O6D8-Y0KV86JS-2770FMYW},2010-09-13 11:28:30.0,MIK0681,Curran.Nolan.Carney@dtaa.com;Hedy.Yvette.Cook@dtaa.com,,,Melanie.Iris.Kaufman@dtaa.com,,24184,0
{M6E7-X5JB31YP-0196FYCW},2010-09-14 15:35:35.0,MIK0681,Rachel.Jeanette.Levine@dtaa.com;Kevin.Laith.Fry@dtaa.com;Fiona.Phyllis.Swanson@dtaa.com,,,Melanie.Iris.Kaufman@dtaa.com,,26301,0
{H2O5-F0FA91VZ-0715VJTZ},2010-09-15 10:02:34.0,MIK0681,Veronica.Alexa.David@dtaa.com;Nolan.Richard.Blackburn@dtaa.com;Keane.Gary.Russo@dtaa.com,,,Melanie.Iris.Kaufman@dtaa.com,,24372,0
{F8X7-T8DC77PM-2414YELJ},2010-09-20 08:29:55.0,MIK0681,Ayanna.Stacey.Leblanc@dtaa.com;Oleg.Marvin.Alvarez@dtaa.com,,,Melanie.Iris.Kaufman@dtaa.com,,31407,0
{Q5M3-V3PV99ML-0436UEUX},2010-09-21 08:03:30.0,MIK0681,Uriel.Kermit.Wall@dtaa.com;Veronica.Alexa.David@dtaa.com,,,Melanie.Iris.Kaufman@dtaa.com,,20604,0
{F5P8-Z3FF28GS-8138OVLJ},2010-09-24 16:36:55.0,MIK0681,Cheyenne.Indigo.Meyers@aol.com,,,Melanie.Iris.Kaufman@dtaa.com,,21310,0
{L3X3-Q2VB35JK-2259NSXZ},2010-09-28 14:29:40.0,MIK0681,Elton.Noah.Durham@dtaa.com,,,Melanie.Iris.Kaufman@dtaa.com,,20389,0
{F8Q6-Y0PL35VD-2880IHWQ},2010-09-29 15:04:10.0,MIK0681,Nolan.Richard.Blackburn@dtaa.com,,,Melanie.Iris.Kaufman@dtaa.com,,26884,0
{N0L9-X2MX41YE-4438HNZI},2010-09-30 09:51:11.0,MIK0681,Paul.Uriel.Brown@raytheon.com,,,Melanie.Iris.Kaufman@dtaa.com,,24116,0
{F0N0-J4OY46OC-6804TLBF},2010-10-01 11:06:06.0,MIK0681,Lucius.Cullen.Gallagher@dtaa.com;Hall.Bruce.Copeland@dtaa.com;Zachery.Ashton.Stewart@dtaa.com,,,Melanie.Iris.Kaufman@dtaa.com,,43674,0
{F2V7-I9VC25TD-2051EWWB},2010-10-04 13:10:46.0,MIK0681,Marny.Scarlett.Dean@dtaa.com;Upton.Kevin.Wilcox@dtaa.com,,,Melanie.Iris.Kaufman@dtaa.com,,50075,0
{B3B4-V8PD27AQ-8068AQZR},2010-10-05 08:54:41.0,MIK0681,Neve.Lila.Downs@sbcglobal.net,,,Melanie.Iris.Kaufman@dtaa.com,,51021,0
{A2P9-J1NZ79JI-2033EFBW},2010-10-06 09:53:57.0,MIK0681,Merrill.Nicholas.Ray@sbcglobal.net,,,Melanie.Iris.Kaufman@dtaa.com,,27167,0
{W3N9-M7DZ63GW-7159LZHU},2010-10-07 14:26:46.0,MIK0681,Elton.Noah.Durham@dtaa.com,,,Melanie.Iris.Kaufman@dtaa.com,,30668,0
{J0Q9-F5ZG69JX-9405ATMQ},2010-10-08 14:32:39.0,MIK0681,Kevin.Laith.Fry@dtaa.com,,,Melanie.Iris.Kaufman@dtaa.com,,26482,0
{U4R1-Q0IP97PL-9237ZYNM},2010-10-12 09:39:16.0,MIK0681,Abraham.Perry.Reyes@dtaa.com,,,Melanie.Iris.Kaufman@dtaa.com,,37441,0
{G0D6-E2BD20OM-2631GBFG},2010-10-13 13:25:23.0,MIK0681,Veronica.Alexa.David@dtaa.com,,,Melanie.Iris.Kaufman@dtaa.com,,37239,0
{P3V1-D3QV69DV-6440XDFR},2010-10-14 14:03:50.0,MIK0681,Lucius.Cullen.Gallagher@dtaa.com;Marny.Scarlett.Dean@dtaa.com;Ayanna.Stacey.Leblanc@dtaa.com,,,Melanie.Iris.Kaufman@dtaa.com,,29385,0
{Q9I0-B0QE53HH-8499TFVP},2010-10-15 13:48:00.0,MIK0681,Yuri.Kylan.Weaver@dtaa.com,,,Melanie.Iris.Kaufman@dtaa.com,,20319,0
{I6G8-N2AR23RH-4474NDVY},2010-10-18 12:00:15.0,MIK0681,Lucius.Cullen.Gallagher@dtaa.com;Elton.Noah.Durham@dtaa.com,,,Melanie.Iris.Kaufman@dtaa.com,,27322,0
{F3Y2-U7QG66II-1358IXVZ},2010-10-19 14:36:02.0,MIK0681,Blake.Chadwick.Vaughan@dtaa.com;Oleg.Marvin.Alvarez@dtaa.com;Dakota.Jorden.Velasquez@dtaa.com;Veronica.Alexa.David@dtaa.com,,,Melanie.Iris.Kaufman@dtaa.com,,20975,0
{N7O3-A1MU92ZJ-3396YFSN},2010-10-20 10:08:16.0,MIK0681,Veronica.Alexa.David@dtaa.com,,,Melanie.Iris.Kaufman@dtaa.com,,24283,0
{V6B5-F9MQ68LN-3946RGDX},2010-10-22 14:33:49.0,MIK0681,Neve.Lila.Downs@sbcglobal.net,,,Melanie.Iris.Kaufman@dtaa.com,,13395,0
{U4F7-L1SP73VP-5780BWTI},2010-10-25 09:59:08.0,MIK0681,Elton.Noah.Durham@dtaa.com,,,Melanie.Iris.Kaufman@dtaa.com,,29570,0
{L2Q5-M5TF01DO-2659ONVU},2010-10-27 09:02:46.0,MIK0681,Lucius.Cullen.Gallagher@dtaa.com,,,Melanie.Iris.Kaufman@dtaa.com,,22711,0
{T5X7-B0EA14KZ-5610KFJS},2010-10-28 16:18:49.0,MIK0681,Lucius.Cullen.Gallagher@dtaa.com;Cheyenne.Indigo.Meyers@aol.com,,,Melanie.Iris.Kaufman@dtaa.com,,24548,0
{K0M3-X2BF13QA-6311NZLU},2010-10-29 11:50:04.0,MIK0681,Curran.Nolan.Carney@dtaa.com;Marny.Scarlett.Dean@dtaa.com,,,Melanie.Iris.Kaufman@dtaa.com,,28706,0
{Q0H6-M7AE92LV-3575CUYI},2010-11-02 08:30:20.0,MIK0681,Hall.Bruce.Copeland@dtaa.com;Neve.Lila.Downs@sbcglobal.net,,,Melanie.Iris.Kaufman@dtaa.com,,24174,0
{J4Q9-M6TI28VI-3929MYZK},2010-11-03 08:25:23.0,MIK0681,Hall.Bruce.Copeland@dtaa.com;Dakota.Jorden.Velasquez@dtaa.com,,,Melanie.Iris.Kaufman@dtaa.com,,42569,0
{W1E8-M9AJ27RF-6356AAXR},2010-11-05 09:00:29.0,MIK0681,Zachery.Ashton.Stewart@dtaa.com,,,Melanie.Iris.Kaufman@dtaa.com,,24167,0
{A5M7-V1BN35AF-4353NKHY},2010-11-08 11:25:04.0,MIK0681,Ayanna.Stacey.Leblanc@dtaa.com;Curran.Nolan.Carney@dtaa.com,,,Melanie.Iris.Kaufman@dtaa.com,,21577,0
{Q7J9-G7SJ22EZ-4857KZIP},2010-11-09 14:55:37.0,MIK0681,Nolan.Richard.Blackburn@dtaa.com,,,Melanie.Iris.Kaufman@dtaa.com,,19926,0
{Z4U3-D7YO85DJ-0738NABL},2010-11-10 10:58:33.0,MIK0681,Veronica.Alexa.David@dtaa.com,,,Melanie.Iris.Kaufman@dtaa.com,,38348,0
{J5B0-P4PQ79ZR-9957HERD},2010-11-11 09:45:17.0,MIK0681,Cheyenne.Indigo.Meyers@aol.com,,,Melanie.Iris.Kaufman@dtaa.com,,27774,0
{T1A8-C5WE65SK-2921AHWT},2010-11-12 16:09:06.0,MIK0681,Neve.Lila.Downs@sbcglobal.net,,,Melanie.Iris.Kaufman@dtaa.com,,28463,0
{E0N6-Q5NT64UW-3952YKDO},2010-11-15 08:33:36.0,MIK0681,Rachel.Jeanette.Levine@dtaa.com;Angelica.Shelly.Ortega@dtaa.com;Ayanna.Stacey.Leblanc@dtaa.com,,,Melanie.Iris.Kaufman@dtaa.com,,33291,0
{V3T6-K4UE82RG-1507ISTE},2010-11-16 09:26:55.0,MIK0681,Lucius.Cullen.Gallagher@dtaa.com;Cheyenne.Indigo.Meyers@aol.com,,,Melanie.Iris.Kaufman@dtaa.com,,36034,0
{I2V1-J5QT13QY-2286UHMW},2010-11-17 12:32:57.0,MIK0681,Rachel.Jeanette.Levine@dtaa.com;Brenden.Rahim.Sweeney@dtaa.com;Ayanna.Stacey.Leblanc@dtaa.com,,,Melanie.Iris.Kaufman@dtaa.com,,24647,0
{E0J3-H0EU61HI-7903HEPM},2010-11-18 16:34:56.0,MIK0681,Kevin.Laith.Fry@dtaa.com,,,Melanie.Iris.Kaufman@dtaa.com,,16605,0
{J9K0-S7RK60TG-7466LNOF},2010-11-19 16:05:45.0,MIK0681,Curran.Nolan.Carney@dtaa.com,,,Melanie.Iris.Kaufman@dtaa.com,,29253,0
{H9K3-W2YD59BD-4079DOIC},2010-11-22 09:08:36.0,MIK0681,William.Hu.Chang@dtaa.com,,,Melanie.Iris.Kaufman@dtaa.com,,29304,0
{V9E5-W2CM27GK-8791KDVS},2010-11-23 13:47:53.0,MIK0681,Zachery.Ashton.Stewart@dtaa.com;Hall.Bruce.Copeland@dtaa.com;Cheyenne.Indigo.Meyers@aol.com,,,Melanie.Iris.Kaufman@dtaa.com,,16388,0
{O9B4-D9WQ29US-8748XVEU},2010-11-24 08:57:28.0,MIK0681,Marny.Scarlett.Dean@dtaa.com,,,Melanie.Iris.Kaufman@dtaa.com,,31638,0
{M4H4-Q6DP03PL-7344HYVV},2010-11-29 11:41:00.0,MIK0681,Chancellor.Lee.Ratliff@dtaa.com,,,Melanie.Iris.Kaufman@dtaa.com,,23876,0
{J7S8-M6XF32KO-8857BNGS},2010-11-30 15:07:16.0,MIK0681,Ayanna.Stacey.Leblanc@dtaa.com,,,Melanie.Iris.Kaufman@dtaa.com,,46687,0
{F7N9-O1XK22KQ-4897UKKT},2010-12-02 13:10:31.0,MIK0681,Benjamin.Keith.Miranda@dtaa.com,,,Melanie.Iris.Kaufman@dtaa.com,,30393,0
{O2K0-D1NT87TA-8102FQHF},2010-12-06 12:40:40.0,MIK0681,Uriel.Kermit.Wall@dtaa.com;Zachery.Ashton.Stewart@dtaa.com;Marny.Scarlett.Dean@dtaa.com,,,Melanie.Iris.Kaufman@dtaa.com,,45694,0
{K2H8-O3BT60FO-7956VTBP},2010-12-08 08:00:08.0,MIK0681,Hall.Bruce.Copeland@dtaa.com,,,Melanie.Iris.Kaufman@dtaa.com,,19819,0
{E8K3-Y6QH89GD-0999KSOR},2010-12-09 15:13:03.0,MIK0681,Howard.Jonathan.Contreras@dtaa.com,,,Melanie.Iris.Kaufman@dtaa.com,,42150,0
{B2F2-Y4HG10YL-8056HLKC},2010-12-10 15:11:27.0,MIK0681,Curran.Nolan.Carney@dtaa.com,,,Melanie.Iris.Kaufman@dtaa.com,,45938,0
{I4G4-B6PM50BM-2688KSEE},2010-12-13 09:09:25.0,MIK0681,Hall.Bruce.Copeland@dtaa.com;Raven.Fatima.Norton@aol.com,,,Melanie.Iris.Kaufman@dtaa.com,,20802,0
{J6E4-S2HV36SR-9788MLDQ},2010-12-14 15:56:07.0,MIK0681,Curran.Nolan.Carney@dtaa.com;Keane.Gary.Russo@dtaa.com;Imani.Doris.Meyer@dtaa.com,,,Melanie.Iris.Kaufman@dtaa.com,,23877,0
{P5D3-C5ZE37RQ-3367RMPU},2010-12-20 15:15:31.0,MIK0681,Dakota.Jorden.Velasquez@dtaa.com;Hector.Gannon.Head@harris.com,,,Melanie.Iris.Kaufman@dtaa.com,,22074,0
{F1C1-G9XH88JH-0723QFYW},2010-12-21 11:01:10.0,MIK0681,Nolan.Richard.Blackburn@dtaa.com;Gillian.Brenna.Conley@dtaa.com,,,Melanie.Iris.Kaufman@dtaa.com,,31497,0
{Z3A8-D1OB62IX-6036YOXP},2010-12-22 11:25:57.0,MIK0681,Oleg.Marvin.Alvarez@dtaa.com;William.Hu.Chang@dtaa.com,,,Melanie.Iris.Kaufman@dtaa.com,,21249,0
{M1H4-C5WH20DT-6244MEGZ},2010-12-27 07:49:06.0,MIK0681,Curran.Nolan.Carney@dtaa.com,,,Melanie.Iris.Kaufman@dtaa.com,,50530,0
{O7E4-X0JA66MV-0881BYZW},2010-12-28 11:40:20.0,MIK0681,Rachel.Jeanette.Levine@dtaa.com,,,Melanie.Iris.Kaufman@dtaa.com,,49286,0
{G0L6-V4HW20MQ-4446SKKU},2010-12-30 11:57:44.0,MIK0681,Lucius.Cullen.Gallagher@dtaa.com,,,Melanie.Iris.Kaufman@dtaa.com,,17973,0
{O0Q2-E5IP12TG-3477YEBO},2011-01-03 11:32:40.0,MIK0681,Zachery.Ashton.Stewart@dtaa.com,,,Melanie.Iris.Kaufman@dtaa.com,,29082,0
{C5F5-H5SU10QF-6426IHTM},2011-01-04 09:54:35.0,MIK0681,Rachel.Jeanette.Levine@dtaa.com,,,Melanie.Iris.Kaufman@dtaa.com,,22447,0
{R4G7-G6OY60TN-2800MDWU},2011-01-06 14:43:33.0,MIK0681,Kevin.Laith.Fry@dtaa.com,,,Melanie.Iris.Kaufman@dtaa.com,,32836,0
{U4J2-M9KG54BI-9456VJFV},2011-01-07 16:39:22.0,MIK0681,Nolan.Richard.Blackburn@dtaa.com;Elton.Noah.Durham@dtaa.com;Nichole.Maisie.Leach@verizon.net,,,Melanie.Iris.Kaufman@dtaa.com,,13805,0
{S8X4-F7JT77QN-5492YWSJ},2011-01-10 09:30:42.0,MIK0681,Curran.Nolan.Carney@dtaa.com,,,Melanie.Iris.Kaufman@dtaa.com,,20027,0
{G7Y0-Z2ZA64QM-7774NYER},2011-01-11 08:47:57.0,MIK0681,Keane.Gary.Russo@dtaa.com,,,Melanie.Iris.Kaufman@dtaa.com,,31299,0
{P0G5-X6FI21ZB-5199NHHK},2011-01-12 16:15:29.0,MIK0681,Lucius.Cullen.Gallagher@dtaa.com,,,Melanie.Iris.Kaufman@dtaa.com,,31061,0
{F6T5-L1DR27AR-0401EMLW},2011-01-14 08:07:57.0,MIK0681,William.Hu.Chang@dtaa.com,,,Melanie.Iris.Kaufman@dtaa.com,,17409,0
{X6F6-W1OJ41EO-4504RWVQ},2011-01-17 13:33:15.0,MIK0681,Kevin.Laith.Fry@dtaa.com;Dakota.Jorden.Velasquez@dtaa.com;Uriel.Kermit.Wall@dtaa.com,,,Melanie.Iris.Kaufman@dtaa.com,,37228,0
{R5J7-Y2WD37HX-0067SHVX},2011-01-18 14:53:41.0,MIK0681,Neve.Lila.Downs@sbcglobal.net;Paul.Uriel.Brown@raytheon.com,,,Melanie.Iris.Kaufman@dtaa.com,,20692,0
{A5Z8-E4XD44NU-8960IMLP},2011-01-19 10:55:21.0,MIK0681,Kevin.Laith.Fry@dtaa.com,,,Melanie.Iris.Kaufman@dtaa.com,,28666,0
{K1R1-U8BO06CM-0090MHIB},2011-01-20 11:35:11.0,MIK0681,Hall.Bruce.Copeland@dtaa.com;Cheyenne.Indigo.Meyers@aol.com;Neve.Lila.Downs@sbcglobal.net,,,Melanie.Iris.Kaufman@dtaa.com,,22123,0
{D4M6-K6NR24XQ-4028BNBC},2011-01-21 15:03:01.0,MIK0681,Mariko.Zephr.Page@dtaa.com,,,Melanie.Iris.Kaufman@dtaa.com,,27835,0
{D1O2-M5ZI45RO-1289HLVT},2011-01-24 08:22:28.0,MIK0681,Abraham.Perry.Reyes@dtaa.com,,,Melanie.Iris.Kaufman@dtaa.com,,17352,0
{E9T9-X2PS82DM-2795SQHW},2011-01-25 07:45:19.0,MIK0681,Elmo.Drake.Mcfadden@dtaa.com;Curran.Nolan.Carney@dtaa.com;Abraham.Perry.Reyes@dtaa.com,,,Melanie.Iris.Kaufman@dtaa.com,,38606,0
{E5A0-R6UN06PR-1959MGWJ},2011-01-26 16:40:55.0,MIK0681,Yeo.Fredericka.Thornton@dtaa.com,,,Melanie.Iris.Kaufman@dtaa.com,,26824,0
{B7I2-X2ME49WP-3846DCNR},2011-01-27 14:45:58.0,MIK0681,Nolan.Richard.Blackburn@dtaa.com,,,Melanie.Iris.Kaufman@dtaa.com,,23561,0
{C6E4-C6WZ32ES-9822TQLK},2011-01-28 07:36:52.0,MIK0681,Hall.Bruce.Copeland@dtaa.com,,,Melanie.Iris.Kaufman@dtaa.com,,26607,0
{T8S0-D9JF77LC-5035XOTO},2011-01-31 12:14:31.0,MIK0681,Oleg.Marvin.Alvarez@dtaa.com;Constance.Amy.Collins@juno.com,,,Melanie.Iris.Kaufman@dtaa.com,,25665,0
{U0O0-Y4CB10MG-4268NCDM},2011-02-01 11:16:59.0,MIK0681,Ayanna.Stacey.Leblanc@dtaa.com,,,Melanie.Iris.Kaufman@dtaa.com,,45472,0
{N8E4-V0JA39GY-5338NYRQ},2011-02-02 08:52:19.0,MIK0681,Quentin.Benjamin.Stout@dtaa.com;Cheyenne.Indigo.Meyers@aol.com,,,Melanie.Iris.Kaufman@dtaa.com,,29188,0
{F5N6-M6KN89LQ-7290RQFR},2011-02-03 08:14:44.0,MIK0681,Warren.Louis.Mayo@dtaa.com;Veronica.Alexa.David@dtaa.com;Curran.Nolan.Carney@dtaa.com;Oleg.Marvin.Alvarez@dtaa.com,,,Melanie.Iris.Kaufman@dtaa.com,,19407,0
{Z7X1-F9AM36NE-3919HMSK},2011-02-04 16:30:06.0,MIK0681,Barclay.Lamar.Mclaughlin@dtaa.com;Oleg.Marvin.Alvarez@dtaa.com;Cheyenne.Indigo.Meyers@aol.com,,,Melanie.Iris.Kaufman@dtaa.com,,28605,0
{M4R8-H8PQ04TK-8045VVBZ},2011-02-07 15:46:40.0,MIK0681,Ramona.Sandra.Parrish@dtaa.com;Elton.Noah.Durham@dtaa.com;William.Hu.Chang@dtaa.com,,,Melanie.Iris.Kaufman@dtaa.com,,25490,0
{K2H7-U1NG68FA-1337FFSS},2011-02-08 13:22:16.0,MIK0681,Elton.Noah.Durham@dtaa.com,,,Melanie.Iris.Kaufman@dtaa.com,,29002,0
{K3X4-N6QP82GF-9923BOZL},2011-02-09 14:39:33.0,MIK0681,Uriel.Kermit.Wall@dtaa.com;Elton.Noah.Durham@dtaa.com;Burke.Reed.Haynes@dtaa.com;Abraham.Perry.Reyes@dtaa.com,,,Melanie.Iris.Kaufman@dtaa.com,,21057,0
{S6Q5-T9YY90KZ-5640UWYS},2011-02-10 10:34:00.0,MIK0681,Ayanna.Stacey.Leblanc@dtaa.com;Hall.Bruce.Copeland@dtaa.com,,,Melanie.Iris.Kaufman@dtaa.com,,28516,0
{Q0B6-D4BL86EL-8138OHXI},2011-02-14 09:31:01.0,MIK0681,Zachery.Ashton.Stewart@dtaa.com;Blossom.Rose.Drake@earthlink.net,,,Melanie.Iris.Kaufman@dtaa.com,,33887,0
{O5H5-P1LQ13EM-1930YLYO},2011-02-15 10:27:50.0,MIK0681,Veronica.Alexa.David@dtaa.com;Dakota.Jorden.Velasquez@dtaa.com,,,Melanie.Iris.Kaufman@dtaa.com,,20767,0
{L8O2-H3GQ61ZY-4858KIQV},2011-02-16 08:48:35.0,MIK0681,Hall.Bruce.Copeland@dtaa.com,,,Melanie.Iris.Kaufman@dtaa.com,,24405,0
{R6I6-W9AT79IT-7897QLUJ},2011-02-17 15:57:53.0,MIK0681,Oleg.Marvin.Alvarez@dtaa.com,,,Melanie.Iris.Kaufman@dtaa.com,,19868,0
{B9W3-K3AJ40XD-7166ZACN},2011-02-21 07:55:09.0,MIK0681,Rachel.Jeanette.Levine@dtaa.com,,,Melanie.Iris.Kaufman@dtaa.com,,28294,0
{N1X2-C1VU89HR-8301TXTO},2011-02-22 14:27:00.0,MIK0681,Uriel.Kermit.Wall@dtaa.com,,,Melanie.Iris.Kaufman@dtaa.com,,19190,0
{Q4H2-I7HZ00EA-4827CEZP},2011-02-23 13:18:12.0,MIK0681,Lucius.Cullen.Gallagher@dtaa.com,,,Melanie.Iris.Kaufman@dtaa.com,,28739,0
{F0X3-K6DL96WA-4480UBSS},2011-02-24 14:57:59.0,MIK0681,Jane.Amela.Richards@dtaa.com,,,Melanie.Iris.Kaufman@dtaa.com,,38596,0
{W8Y8-V6UD57ZC-3629HIKL},2011-02-25 16:32:01.0,MIK0681,Veronica.Alexa.David@dtaa.com,,,Melanie.Iris.Kaufman@dtaa.com,,36344,0
{Q6A5-S8QM74MG-6795UXBG},2011-02-28 08:57:08.0,MIK0681,Quemby.Charity.Dudley@dtaa.com,,,Melanie.Iris.Kaufman@dtaa.com,,37737,0
{V1S0-C3CW58RF-8957EZOG},2011-03-02 15:12:40.0,MIK0681,Oleg.Marvin.Alvarez@dtaa.com,,,Melanie.Iris.Kaufman@dtaa.com,,40161,0
{U2Z9-D7SQ47QI-2906VZMZ},2011-03-03 14:50:50.0,MIK0681,Cheyenne.Indigo.Meyers@aol.com,,,Melanie.Iris.Kaufman@dtaa.com,,36855,0
{T6X7-G3YQ68YJ-3372GSWQ},2011-03-04 14:26:10.0,MIK0681,Kevin.Laith.Fry@dtaa.com,,,Melanie.Iris.Kaufman@dtaa.com,,26592,0
{U7X9-G5GB81AT-2772BRWC},2011-03-07 16:14:40.0,MIK0681,Rachel.Jeanette.Levine@dtaa.com;Kevin.Laith.Fry@dtaa.com,,,Melanie.Iris.Kaufman@dtaa.com,,42005,0
{H1W8-G7OD10ZQ-0354KIGT},2011-03-08 10:08:12.0,MIK0681,Jerome.Levi.Mcclain@dtaa.com,,,Melanie.Iris.Kaufman@dtaa.com,,26418,0
{W5L7-D5HS71ZP-0472WPNE},2011-03-09 09:25:57.0,MIK0681,Arden.Wayne.Riley@dtaa.com,,,Melanie.Iris.Kaufman@dtaa.com,,30319,0
{E9Y1-F5RV24RD-9921YAZG},2011-03-11 09:42:02.0,MIK0681,Oleg.Marvin.Alvarez@dtaa.com,,,Melanie.Iris.Kaufman@dtaa.com,,30707,0
{R9I2-F6JH13OX-6472ASKL},2011-03-15 08:45:55.0,MIK0681,Uriel.Kermit.Wall@dtaa.com,,,Melanie.Iris.Kaufman@dtaa.com,,37811,0
{E9T3-G6TY09UJ-9798LGWQ},2011-03-16 13:24:45.0,MIK0681,Veronica.Alexa.David@dtaa.com,,,Melanie.Iris.Kaufman@dtaa.com,,56703,0
{S2N8-H4GW45YF-9205NIWC},2011-03-17 08:23:13.0,MIK0681,Hector.Gannon.Head@harris.com,,,Melanie.Iris.Kaufman@dtaa.com,,18520,0
{V0E5-P1FG71PG-2189PGSE},2011-03-18 14:37:17.0,MIK0681,Ayanna.Stacey.Leblanc@dtaa.com;Paul.Uriel.Brown@raytheon.com,,,Melanie.Iris.Kaufman@dtaa.com,,22208,0
{J0V4-M9QV12AR-6876GFQV},2011-03-21 11:32:21.0,MIK0681,Neve.Lila.Downs@sbcglobal.net,,,Melanie.Iris.Kaufman@dtaa.com,,50878,0
{X9F1-E0EQ22IC-3147COSP},2011-03-22 08:04:47.0,MIK0681,Kevin.Laith.Fry@dtaa.com;Jescie.Francesca.Mccullough@boeing.com,,,Melanie.Iris.Kaufman@dtaa.com,,22629,0
{W7W5-W2KX82WJ-3325YVHM},2011-03-23 08:46:10.0,MIK0681,Keane.Gary.Russo@dtaa.com,,,Melanie.Iris.Kaufman@dtaa.com,,29115,0
{H2R4-Z6GF81EJ-6954UIPT},2011-03-24 16:37:51.0,MIK0681,Kasper.Thomas.Shelton@dtaa.com,,,Melanie.Iris.Kaufman@dtaa.com,,23240,0
{F1S3-N2ZY80NA-9753HHOP},2011-03-28 08:42:11.0,MIK0681,Keane.Gary.Russo@dtaa.com;William.Hu.Chang@dtaa.com,,,Melanie.Iris.Kaufman@dtaa.com,,18573,0
{X9X0-I5QP41JK-3913XUPL},2011-03-29 09:59:53.0,MIK0681,Abraham.Perry.Reyes@dtaa.com,,,Melanie.Iris.Kaufman@dtaa.com,,59081,0
{O6O0-D4KV66ME-4075IVYO},2011-03-30 13:58:17.0,MIK0681,Oleg.Marvin.Alvarez@dtaa.com;Dakota.Jorden.Velasquez@dtaa.com;Mariko.Zephr.Page@dtaa.com;Constance.Amy.Collins@juno.com;Nichole.Maisie.Leach@verizon.net,,,Melanie.Iris.Kaufman@dtaa.com,,15005,0
{O4U5-W1ZJ78NJ-7995ZJUF},2011-03-31 09:01:35.0,MIK0681,Keane.Gary.Russo@dtaa.com,,,Melanie.Iris.Kaufman@dtaa.com,,21752,0
{M8W6-A5AS46GL-9864LWQO},2011-04-01 10:14:48.0,MIK0681,Dakota.Jorden.Velasquez@dtaa.com,,,Melanie.Iris.Kaufman@dtaa.com,,35642,0
{S4K7-Z0WL98ZS-9431CWUR},2011-04-05 12:04:19.0,MIK0681,Tanya.Wanda.Wise@dtaa.com,,,Melanie.Iris.Kaufman@dtaa.com,,20916,0
{O3Q0-J5QL28MM-5418HFPX},2011-04-06 08:25:17.0,MIK0681,Nolan.Richard.Blackburn@dtaa.com;Elton.Noah.Durham@dtaa.com,,,Melanie.Iris.Kaufman@dtaa.com,,32171,0
{O1B9-V1PF83GM-9730CZLP},2011-04-07 15:43:20.0,MIK0681,Marny.Scarlett.Dean@dtaa.com,,,Melanie.Iris.Kaufman@dtaa.com,,32992,0
{F5J0-W0PW18JH-7114DASW},2011-04-08 12:04:44.0,MIK0681,Hall.Bruce.Copeland@dtaa.com,,,Melanie.Iris.Kaufman@dtaa.com,,48093,0
{F2Y6-T5MY26ED-9943AYUJ},2011-04-11 16:35:34.0,MIK0681,Hall.Bruce.Copeland@dtaa.com,,,Melanie.Iris.Kaufman@dtaa.com,,19915,0
{O4C5-Y6DL77YA-1433IJUZ},2011-04-13 12:48:15.0,MIK0681,Nolan.Richard.Blackburn@dtaa.com;Kevin.Laith.Fry@dtaa.com,,,Melanie.Iris.Kaufman@dtaa.com,,29564,0
{W2C1-K3OV76ST-2845BUAH},2011-04-14 08:54:08.0,MIK0681,Rachel.Jeanette.Levine@dtaa.com;Zachery.Ashton.Stewart@dtaa.com,,,Melanie.Iris.Kaufman@dtaa.com,,32635,0
{E4J7-U9KH30AI-2295RWJU},2011-04-15 09:36:14.0,MIK0681,Hall.Bruce.Copeland@dtaa.com,,,Melanie.Iris.Kaufman@dtaa.com,,26733,0
{K1M1-F5YI48TN-5289UCRX},2011-04-18 08:24:55.0,MIK0681,Nolan.Richard.Blackburn@dtaa.com,,,Melanie.Iris.Kaufman@dtaa.com,,31483,0
{D0F5-D2US92AT-7717LFLU},2011-04-20 14:04:36.0,MIK0681,Zachery.Ashton.Stewart@dtaa.com,,,Melanie.Iris.Kaufman@dtaa.com,,35086,0
{L4A7-K9CT09WP-1154LWAZ},2011-04-26 09:03:43.0,MIK0681,Zachery.Ashton.Stewart@dtaa.com;Dakota.Jorden.Velasquez@dtaa.com,,,Melanie.Iris.Kaufman@dtaa.com,,31946,0
{B9B5-J5ZR62VX-6026EIPZ},2011-04-27 08:19:57.0,MIK0681,Curran.Nolan.Carney@dtaa.com,,,Melanie.Iris.Kaufman@dtaa.com,,14762,0
{J3Q4-W2NM44HG-7406OUYV},2011-04-28 16:44:06.0,MIK0681,Hall.Bruce.Copeland@dtaa.com,,,Melanie.Iris.Kaufman@dtaa.com,,37118,0
{V5A3-U2TB41WC-0479NELI},2011-04-29 16:27:50.0,MIK0681,Elton.Noah.Durham@dtaa.com,,,Melanie.Iris.Kaufman@dtaa.com,,23582,0
