{U3P5-D6VG32BB-5601RAZG},2010-01-04 10:54:42.0,ZLB0620,Tana.Kyra.Campos@netzero.com,,,Zelenia.Lydia.Boyer@dtaa.com,,22069,0
{Y8C3-I0WN03GQ-8218OVWE},2010-01-04 16:54:40.0,ZLB0620,Amethyst.Suki.Norris@dtaa.com,,,Zelenia.Lydia.Boyer@dtaa.com,,22828,0
{U3D4-A3RR75JD-5971ENBU},2010-01-04 18:04:03.0,ZLB0620,Benedict.Ivan.Rowe@dtaa.com;Tana.Kyra.Campos@netzero.com,,,Zelenia.Lydia.Boyer@dtaa.com,,23398,0
{C9M2-C1CB12IJ-0475VTKI},2010-01-06 11:01:35.0,ZLB0620,Chase.Jakeem.Manning@dtaa.com,,,Zelenia.Lydia.Boyer@dtaa.com,,42409,0
{V0N1-X4YS49UM-3150UQUL},2010-01-06 15:50:26.0,ZLB0620,Tana.Kyra.Campos@netzero.com;Price.Brady.Dickerson@hotmail.com,,,Zelenia.Lydia.Boyer@dtaa.com,,31060,0
{C6K6-W4QW45YP-7406UICU},2010-01-07 12:17:03.0,ZLB0620,Benedict.Ivan.Rowe@dtaa.com,,,Zelenia.Lydia.Boyer@dtaa.com,,30307,0
{R9F5-I1KD96CY-4632BVQH},2010-01-07 17:36:13.0,ZLB0620,Tana.Kyra.Campos@netzero.com,,,Zelenia.Lydia.Boyer@dtaa.com,,23182,0
{S6F2-W0UC59VI-3527XMNF},2010-01-08 07:45:42.0,ZLB0620,Amethyst.Suki.Norris@dtaa.com;Margaret.Darrel.Cleveland@msn.com,,,Zelenia.Lydia.Boyer@dtaa.com,,35299,0
{L2E5-O9BB73FW-5673ZPVJ},2010-01-08 08:30:14.0,ZLB0620,Davis.Gareth.Cote@dtaa.com,,,Zelenia.Lydia.Boyer@dtaa.com,,53799,0
{M4H8-Z4JE21VH-3089DLZS},2010-01-11 11:11:33.0,ZLB0620,Amethyst.Suki.Norris@dtaa.com,,,Zelenia.Lydia.Boyer@dtaa.com,,27011,0
{Q6U4-J0HE63HF-2858RVVZ},2010-01-11 12:20:29.0,ZLB0620,Benedict.Ivan.Rowe@dtaa.com;William.Abel.Wiley@dtaa.com;Price.Brady.Dickerson@hotmail.com,,,Zelenia.Lydia.Boyer@dtaa.com,,16010,0
{Z8Q7-Z7LI59LM-4326OBZG},2010-01-12 07:24:52.0,ZLB0620,Dana.Inga.Leach@dtaa.com;Price.Brady.Dickerson@hotmail.com;Margaret.Darrel.Cleveland@msn.com,,,Zelenia.Lydia.Boyer@dtaa.com,,28779,0
{E5U6-G3MZ10SB-7130WNHA},2010-01-14 07:33:27.0,ZLB0620,Amethyst.Suki.Norris@dtaa.com;Tana.Kyra.Campos@netzero.com,,,Zelenia.Lydia.Boyer@dtaa.com,,14719,0
{G5Q6-X7JX06XR-9381OVXX},2010-01-15 14:27:55.0,ZLB0620,Amethyst.Suki.Norris@dtaa.com,,,Zelenia.Lydia.Boyer@dtaa.com,,35768,0
{G9W4-M9DK81NA-8933FVLI},2010-01-15 15:32:12.0,ZLB0620,Tyler.Richard.Todd@bellsouth.net,,,Zelenia.Lydia.Boyer@dtaa.com,,25512,0
{Q6N2-X4MR69FI-1751MXOW},2010-01-18 07:31:29.0,ZLB0620,William.Abel.Wiley@dtaa.com;Price.Brady.Dickerson@hotmail.com,,,Zelenia.Lydia.Boyer@dtaa.com,,42362,0
{B5K2-I5YT75GG-3176IGUS},2010-01-18 12:39:44.0,ZLB0620,Price.Brady.Dickerson@hotmail.com,,,Zelenia.Lydia.Boyer@dtaa.com,,46342,0
{H7U2-B4YI75BO-7007OBNA},2010-01-19 18:19:24.0,ZLB0620,Taylor.Brady.House@dtaa.com;Moses.Paul.Bowers@dtaa.com,,,Zelenia.Lydia.Boyer@dtaa.com,,36815,0
{F6T7-O7OP40JB-0891UPGC},2010-01-21 11:46:46.0,ZLB0620,Tyler.Richard.Todd@bellsouth.net;Margaret.Darrel.Cleveland@msn.com,,,Zelenia.Lydia.Boyer@dtaa.com,,31074,0
{G1H8-I7MN58DH-2185CSCA},2010-01-21 15:57:07.0,ZLB0620,Tana.Kyra.Campos@netzero.com,,,Zelenia.Lydia.Boyer@dtaa.com,,21025,0
{W3Y1-X5OH40WB-4077EMHI},2010-01-22 12:50:45.0,ZLB0620,Price.Brady.Dickerson@hotmail.com,,,Zelenia.Lydia.Boyer@dtaa.com,,22392,0
{S2S2-Q4UG48FO-4971LGTH},2010-01-22 14:52:31.0,ZLB0620,Tana.Kyra.Campos@netzero.com,,,Zelenia.Lydia.Boyer@dtaa.com,,33428,0
{K8W4-Q7IL50CC-3694WBYC},2010-01-25 07:23:29.0,ZLB0620,Amethyst.Suki.Norris@dtaa.com;Price.Brady.Dickerson@hotmail.com,,,Zelenia.Lydia.Boyer@dtaa.com,,36729,0
{Z0N6-S8DM97BX-7982UFRI},2010-01-25 17:06:41.0,ZLB0620,Danielle.Ila.Benson@dtaa.com;Tana.Kyra.Campos@netzero.com,,,Zelenia.Lydia.Boyer@dtaa.com,,14753,0
{L5A4-O5BC08CT-1359BFMN},2010-01-26 15:15:38.0,ZLB0620,Amethyst.Suki.Norris@dtaa.com;Tyler.Richard.Todd@bellsouth.net,,,Zelenia.Lydia.Boyer@dtaa.com,,42939,0
{X0S4-G4PG26ZI-5133TSUE},2010-01-27 14:48:09.0,ZLB0620,Benedict.Ivan.Rowe@dtaa.com,,,Zelenia.Lydia.Boyer@dtaa.com,,28102,0
{P5V4-P5FM91RP-5496TKWV},2010-01-28 10:29:38.0,ZLB0620,William.Abel.Wiley@dtaa.com;Tana.Kyra.Campos@netzero.com,,,Zelenia.Lydia.Boyer@dtaa.com,,27944,0
{H0V3-A3XC97YT-3285CORA},2010-01-29 13:00:52.0,ZLB0620,William.Abel.Wiley@dtaa.com,,,Zelenia.Lydia.Boyer@dtaa.com,,37493,0
{M8X1-W9ZD31JC-4390FLBW},2010-02-02 15:27:14.0,ZLB0620,Dana.Inga.Leach@dtaa.com,,,Zelenia.Lydia.Boyer@dtaa.com,,19250,0
{W7L7-G3MS37IT-9045TXQF},2010-02-02 17:05:05.0,ZLB0620,Tana.Kyra.Campos@netzero.com;Price.Brady.Dickerson@hotmail.com,,,Zelenia.Lydia.Boyer@dtaa.com,,23714,0
{X9R6-S4MQ00HP-9786OSHF},2010-02-04 08:58:00.0,ZLB0620,Christian.Thomas.Copeland@dtaa.com,,,Zelenia.Lydia.Boyer@dtaa.com,,27781,0
{F7K2-W8YM50HM-7731EKND},2010-02-04 13:21:25.0,ZLB0620,Joelle.Eleanor.Best@dtaa.com,,,Zelenia.Lydia.Boyer@dtaa.com,,25161,0
{A3W5-E5QJ83VN-1271YMRB},2010-02-05 08:55:31.0,ZLB0620,William.Abel.Wiley@dtaa.com;Tana.Kyra.Campos@netzero.com,,,Zelenia.Lydia.Boyer@dtaa.com,,29374,0
{V5R9-Z5NM65IE-3231TMGF},2010-02-05 12:06:08.0,ZLB0620,Malachi.Jakeem.Rush@dtaa.com;Samantha.Brianna.Britt@comcast.net,,,Zelenia.Lydia.Boyer@dtaa.com,,31401,0
{T7U8-H1IP32TL-0818UIDV},2010-02-05 12:13:38.0,ZLB0620,Tana.Kyra.Campos@netzero.com,,,Zelenia.Lydia.Boyer@dtaa.com,,29155,0
{H8E6-Q4KH00WJ-4176WTBE},2010-02-08 13:49:40.0,ZLB0620,Melyssa.Deborah.Spence@dtaa.com,,,Zelenia.Lydia.Boyer@dtaa.com,,47695,0
{E5K6-P9TM59QE-7093PBDQ},2010-02-09 11:21:35.0,ZLB0620,Davis.Gareth.Cote@dtaa.com,,,Zelenia.Lydia.Boyer@dtaa.com,,15295,0
{E5C0-Z9IV85BW-5843ZOZH},2010-02-10 10:52:33.0,ZLB0620,Arden.Wayne.Riley@dtaa.com,,,Zelenia.Lydia.Boyer@dtaa.com,,25474,0
{L8V4-O9HE97KT-4664MWXJ},2010-02-11 08:51:55.0,ZLB0620,Benedict.Ivan.Rowe@dtaa.com,,,Zelenia.Lydia.Boyer@dtaa.com,,27625,0
{W5W0-G0PV83OX-7196NCDC},2010-02-12 08:16:50.0,ZLB0620,Amethyst.Suki.Norris@dtaa.com;Murphy.Elliott.Hurley@comcast.net,,,Zelenia.Lydia.Boyer@dtaa.com,,33736,0
{J4G6-D8AT98MT-8918YIQK},2010-02-12 16:11:07.0,ZLB0620,Tana.Kyra.Campos@netzero.com,,,Zelenia.Lydia.Boyer@dtaa.com,,32167,2
{H5D6-V3PM73WB-2638KNFE},2010-02-15 09:45:58.0,ZLB0620,William.Abel.Wiley@dtaa.com;Tyler.Richard.Todd@bellsouth.net,,,Zelenia.Lydia.Boyer@dtaa.com,,16890,0
{S7X4-F2IV61BV-6324HBXG},2010-02-16 11:55:48.0,ZLB0620,Price.Brady.Dickerson@hotmail.com,,,Zelenia.Lydia.Boyer@dtaa.com,,22780,0
{G4U2-C8ZX43YZ-3847NANI},2010-02-16 16:13:29.0,ZLB0620,Amy.Juliet.Galloway@optonline.net,,,Zelenia.Lydia.Boyer@dtaa.com,,47346,0
{M0E5-T4ZU40WO-5478YABH},2010-02-18 15:28:31.0,ZLB0620,Benedict.Ivan.Rowe@dtaa.com,,,Zelenia.Lydia.Boyer@dtaa.com,,17206,0
{Y6R5-P7LA47ZO-7855AFWX},2010-02-18 17:26:50.0,ZLB0620,Cora.Rose.Graves@dtaa.com,,,Zelenia.Lydia.Boyer@dtaa.com,,66302,0
{W7P9-I0CV98EI-2710OTSQ},2010-02-19 09:33:09.0,ZLB0620,Benedict.Ivan.Rowe@dtaa.com;Wade.Castor.Cabrera@dtaa.com,,,Zelenia.Lydia.Boyer@dtaa.com,,16567,0
{Y6A2-Z9LC59ZJ-2778RLZV},2010-02-19 09:56:34.0,ZLB0620,Price.Brady.Dickerson@hotmail.com,,,Zelenia.Lydia.Boyer@dtaa.com,,36441,0
{J1T9-O4SI68QK-3697GBAV},2010-02-22 10:27:06.0,ZLB0620,Tana.Kyra.Campos@netzero.com,,,Zelenia.Lydia.Boyer@dtaa.com,,21883,0
{W4R5-R6UJ61JR-8891RVVS},2010-02-22 15:20:38.0,ZLB0620,Audrey.Shea.Joyce@dtaa.com,,,Zelenia.Lydia.Boyer@dtaa.com,,35007,0
{J7M4-N1KI36LT-9114OWEF},2010-02-23 13:39:58.0,ZLB0620,Dana.Inga.Leach@dtaa.com,,,Zelenia.Lydia.Boyer@dtaa.com,,19972,0
{I6J7-N0CQ20PX-0991QYAX},2010-02-24 14:28:02.0,ZLB0620,Price.Brady.Dickerson@hotmail.com,,,Zelenia.Lydia.Boyer@dtaa.com,,27753,0
{S9X4-L4LQ22ER-4426ZJWC},2010-02-25 14:33:26.0,ZLB0620,Chaney.Amir.Ross@dtaa.com,,,Zelenia.Lydia.Boyer@dtaa.com,,19193,0
{S5C8-H3UD50EZ-1623XCQP},2010-02-26 13:42:51.0,ZLB0620,Benedict.Ivan.Rowe@dtaa.com,,,Zelenia.Lydia.Boyer@dtaa.com,,27478,3
{N5U9-S0XU53ZW-0707TMUU},2010-03-01 09:13:36.0,ZLB0620,Jolene.Cameron.Jacobs@dtaa.com,,,Zelenia.Lydia.Boyer@dtaa.com,,26298,0
{W1D0-B1CW21QB-5544DXWF},2010-03-01 12:29:24.0,ZLB0620,Amethyst.Suki.Norris@dtaa.com,,,Zelenia.Lydia.Boyer@dtaa.com,,22854,1
{F6K2-J6TU96EI-2149MKAJ},2010-03-03 13:21:05.0,ZLB0620,Benedict.Ivan.Rowe@dtaa.com,,,Zelenia.Lydia.Boyer@dtaa.com,,33743,0
{O3F4-V3WT72FB-5154DQVL},2010-03-08 12:00:39.0,ZLB0620,William.Abel.Wiley@dtaa.com;Benedict.Ivan.Rowe@dtaa.com;Price.Brady.Dickerson@hotmail.com,,,Zelenia.Lydia.Boyer@dtaa.com,,25585,9
{N9K9-N9EQ22DN-4332ZVTN},2010-03-08 15:12:26.0,ZLB0620,Roth.Malcolm.Yang@dtaa.com,,,Zelenia.Lydia.Boyer@dtaa.com,,26855,0
{S3F1-C7ZR24CV-7067GSDU},2010-03-09 07:59:02.0,ZLB0620,Dana.Inga.Leach@dtaa.com,,,Zelenia.Lydia.Boyer@dtaa.com,,43058,0
{W5B2-T9ZK17JH-7554ORYZ},2010-03-09 14:44:30.0,ZLB0620,Amethyst.Suki.Norris@dtaa.com,,,Zelenia.Lydia.Boyer@dtaa.com,,37311,0
{B7E2-M2UX06PH-5065HCNO},2010-03-09 15:29:03.0,ZLB0620,Amethyst.Suki.Norris@dtaa.com;Benedict.Ivan.Rowe@dtaa.com;William.Abel.Wiley@dtaa.com,,,Zelenia.Lydia.Boyer@dtaa.com,,32013,0
{B8E4-L8YX68NZ-2260BZZG},2010-03-12 09:58:28.0,ZLB0620,William.Abel.Wiley@dtaa.com,,,Zelenia.Lydia.Boyer@dtaa.com,,28089,0
{Z3D9-F5VG94PW-0099RCEI},2010-03-12 11:31:34.0,ZLB0620,William.Abel.Wiley@dtaa.com,,,Zelenia.Lydia.Boyer@dtaa.com,,29953,0
{Z1K7-K0RV30FK-0519YVVP},2010-03-15 08:29:55.0,ZLB0620,Price.Brady.Dickerson@hotmail.com,,,Zelenia.Lydia.Boyer@dtaa.com,,19918,0
{E6E9-Z6MK72FL-1165ZVJU},2010-03-16 12:09:38.0,ZLB0620,Tana.Kyra.Campos@netzero.com;Tyler.Richard.Todd@bellsouth.net,,,Zelenia.Lydia.Boyer@dtaa.com,,24745,0
{I8Q0-M7CH64DZ-1105RQLM},2010-03-17 12:43:08.0,ZLB0620,Hedwig.Casey.Farmer@dtaa.com;Price.Brady.Dickerson@hotmail.com,,,Zelenia.Lydia.Boyer@dtaa.com,,37115,0
{M0N8-G9NE89UR-7156QDHC},2010-03-17 15:40:42.0,ZLB0620,Cyrus.Macaulay.Middleton@dtaa.com,,,Zelenia.Lydia.Boyer@dtaa.com,,31146,0
{O4L7-K3YD40LD-4555HGRB},2010-03-18 08:50:38.0,ZLB0620,Dana.Inga.Leach@dtaa.com,,,Zelenia.Lydia.Boyer@dtaa.com,,34655,0
{U4O3-I0AC01VT-2690SLSJ},2010-03-19 15:06:39.0,ZLB0620,Sloane.Lacey.Mcmahon@dtaa.com,,,Zelenia.Lydia.Boyer@dtaa.com,,32413,0
{V8C2-R4SX65ZW-4201SBYJ},2010-03-23 11:15:07.0,ZLB0620,Price.Brady.Dickerson@hotmail.com,,,Zelenia.Lydia.Boyer@dtaa.com,,29161,0
{K8M2-F2WS47RR-7577FLFG},2010-03-23 12:57:19.0,ZLB0620,Reagan.Shafira.Castaneda@dtaa.com,,,Zelenia.Lydia.Boyer@dtaa.com,,47668,0
{B6Z4-L9VE70BT-0519EURP},2010-03-24 15:56:11.0,ZLB0620,Amethyst.Suki.Norris@dtaa.com;Benedict.Ivan.Rowe@dtaa.com;William.Abel.Wiley@dtaa.com,,,Zelenia.Lydia.Boyer@dtaa.com,,48166,0
{P6H9-Z2OY15GF-5928OKMN},2010-03-25 09:55:38.0,ZLB0620,Tana.Kyra.Campos@netzero.com,,,Zelenia.Lydia.Boyer@dtaa.com,,19113,0
{C0K2-R6DI00HF-5358YDMN},2010-03-25 14:45:27.0,ZLB0620,William.Abel.Wiley@dtaa.com;Price.Brady.Dickerson@hotmail.com,,,Zelenia.Lydia.Boyer@dtaa.com,,24184,0
{H2C0-V4WL40EO-2299KJKU},2010-03-26 10:31:47.0,ZLB0620,Eric.Ulric.Conley@dtaa.com;Amethyst.Suki.Norris@dtaa.com,,,Zelenia.Lydia.Boyer@dtaa.com,,26301,1
{Z1J2-E8HO35JM-1068CGGP},2010-03-30 12:39:54.0,ZLB0620,Amy.Juliet.Galloway@optonline.net,,,Zelenia.Lydia.Boyer@dtaa.com,,27722,0
{C2S3-M9AF85SH-5858HSIN},2010-03-31 09:14:54.0,ZLB0620,Price.Brady.Dickerson@hotmail.com,,,Zelenia.Lydia.Boyer@dtaa.com,,21657,2
{D6W0-B6XU96OK-0849XKRF},2010-03-31 14:30:55.0,ZLB0620,Price.Brady.Dickerson@hotmail.com,,,Zelenia.Lydia.Boyer@dtaa.com,,26884,2
{A1U9-E9RN19AD-5669NLJZ},2010-03-31 16:19:12.0,ZLB0620,William.Abel.Wiley@dtaa.com,,,Zelenia.Lydia.Boyer@dtaa.com,,20389,0
{Y7C3-C9SD81JI-9349VVDU},2010-04-01 16:03:24.0,ZLB0620,Dana.Inga.Leach@dtaa.com,,,Zelenia.Lydia.Boyer@dtaa.com,,50075,0
{D5E7-T7MM83FE-5825WFLD},2010-04-05 08:41:54.0,ZLB0620,Driscoll.Jin.Dotson@charter.net;Price.Brady.Dickerson@hotmail.com,,,Zelenia.Lydia.Boyer@dtaa.com,,30668,0
{C5U5-B8ES85AB-4768XIXE},2010-04-05 14:24:56.0,ZLB0620,George.Tad.Foster@dtaa.com,,,Zelenia.Lydia.Boyer@dtaa.com,,51021,0
{C5K6-O7KC81VV-7702TUVL},2010-04-05 14:56:41.0,ZLB0620,Dana.Inga.Leach@dtaa.com,,,Zelenia.Lydia.Boyer@dtaa.com,,27167,0
{I6Y3-I4QM97DF-4878WHKS},2010-04-06 12:54:35.0,ZLB0620,Amethyst.Suki.Norris@dtaa.com,,,Zelenia.Lydia.Boyer@dtaa.com,,26482,0
{V4W9-U7YE23DH-5863QGVW},2010-04-07 09:43:54.0,ZLB0620,Price.Rashad.Manning@hotmail.com,,,Zelenia.Lydia.Boyer@dtaa.com,,20319,0
{R9V7-B7RA26GM-7978RXXN},2010-04-07 11:36:43.0,ZLB0620,Benedict.Ivan.Rowe@dtaa.com,,,Zelenia.Lydia.Boyer@dtaa.com,,37239,0
{Y8B9-F9UK89AW-6256HFAP},2010-04-08 13:48:56.0,ZLB0620,Amethyst.Suki.Norris@dtaa.com;Tana.Kyra.Campos@netzero.com,,,Zelenia.Lydia.Boyer@dtaa.com,,24283,0
{S6N1-N9JL33YN-9634RRGV},2010-04-08 13:50:27.0,ZLB0620,Uta.Jamalia.Bullock@dtaa.com,,,Zelenia.Lydia.Boyer@dtaa.com,,20975,0
{L2B3-W9CX10YY-2886AVNT},2010-04-12 08:41:06.0,ZLB0620,Anastasia.Tamekah.Gaines@dtaa.com;Xena.Genevieve.Berg@cox.net,,,Zelenia.Lydia.Boyer@dtaa.com,,19737,0
{N1A5-Z3BB89AO-8633PEHF},2010-04-12 15:15:47.0,ZLB0620,Dana.Inga.Leach@dtaa.com,,,Zelenia.Lydia.Boyer@dtaa.com,,24548,0
{Z0C6-L4GP22MK-0384AVUY},2010-04-12 16:58:09.0,ZLB0620,Cassady.Riley.Alvarez@dtaa.com,,,Zelenia.Lydia.Boyer@dtaa.com,,22711,1
{K2X1-J4QO43OR-5210DBUH},2010-04-13 12:56:12.0,ZLB0620,Amethyst.Suki.Norris@dtaa.com,,,Zelenia.Lydia.Boyer@dtaa.com,,24174,0
{Y9O0-M7OZ52QB-2300FXEC},2010-04-13 14:23:27.0,ZLB0620,Amethyst.Suki.Norris@dtaa.com,,,Zelenia.Lydia.Boyer@dtaa.com,,33227,0
{Q8B2-H0FV35ZO-5316RHPF},2010-04-14 16:39:05.0,ZLB0620,Sarah.Penelope.Duffy@dtaa.com;Benedict.Ivan.Rowe@dtaa.com;Dana.Inga.Leach@dtaa.com;Price.Brady.Dickerson@hotmail.com,,,Zelenia.Lydia.Boyer@dtaa.com,,42569,3
{P1T5-M9EM33HZ-4712WXQR},2010-04-15 08:47:25.0,ZLB0620,William.Abel.Wiley@dtaa.com,,,Zelenia.Lydia.Boyer@dtaa.com,,21577,0
{F1U8-X1VG32QI-3446EZEA},2010-04-15 15:51:15.0,ZLB0620,Stella.Ursula.Velasquez@dtaa.com,,,Zelenia.Lydia.Boyer@dtaa.com,,38348,0
{S7T0-Q6RX93PJ-5971HNEW},2010-04-16 09:09:09.0,ZLB0620,Price.Brady.Dickerson@hotmail.com,,,Zelenia.Lydia.Boyer@dtaa.com,,33291,0
{B2K7-E5UC24OY-3563ZEQW},2010-04-16 10:34:17.0,ZLB0620,Margaret.Darrel.Cleveland@msn.com,,,Zelenia.Lydia.Boyer@dtaa.com,,28463,0
{U3T0-H7DA83TT-2096NFNO},2010-04-16 17:58:20.0,ZLB0620,Shaeleigh.Stella.Chambers@dtaa.com;Dana.Inga.Leach@dtaa.com,,,Zelenia.Lydia.Boyer@dtaa.com,,27774,0
{S2K5-K9XG07HO-7479RMZU},2010-04-19 07:44:12.0,ZLB0620,Murphy.Elliott.Hurley@comcast.net,,,Zelenia.Lydia.Boyer@dtaa.com,,24647,0
{D6T3-M9ZC26JH-8658RGFX},2010-04-20 09:04:58.0,ZLB0620,Amethyst.Suki.Norris@dtaa.com;Price.Brady.Dickerson@hotmail.com,,,Zelenia.Lydia.Boyer@dtaa.com,,16388,0
{J6V6-S2KO84WV-8619QIJV},2010-04-20 14:19:41.0,ZLB0620,Price.Brady.Dickerson@hotmail.com,,,Zelenia.Lydia.Boyer@dtaa.com,,29253,0
{R8Z6-A6AK69GG-2686ESQL},2010-04-21 10:06:08.0,ZLB0620,Benedict.Ivan.Rowe@dtaa.com;Denton.Casey.Meadows@dtaa.com,,,Zelenia.Lydia.Boyer@dtaa.com,,23876,0
{E7A2-O6MH46NE-5222FQGW},2010-04-22 13:04:20.0,ZLB0620,Price.Brady.Dickerson@hotmail.com,,,Zelenia.Lydia.Boyer@dtaa.com,,30393,0
{C4A3-E1UO03OF-4389TFUM},2010-04-22 13:06:01.0,ZLB0620,Daquan.Wesley.Mcknight@dtaa.com,,,Zelenia.Lydia.Boyer@dtaa.com,,12127,0
{O2X2-P6CI61UT-2278UXDH},2010-04-23 08:02:15.0,ZLB0620,Dana.Inga.Leach@dtaa.com,,,Zelenia.Lydia.Boyer@dtaa.com,,19819,0
{I9F0-Y3JA18NS-0156VVLC},2010-04-23 14:16:46.0,ZLB0620,William.Abel.Wiley@dtaa.com;Price.Brady.Dickerson@hotmail.com,,,Zelenia.Lydia.Boyer@dtaa.com,,45694,0
{R2C2-F6WT41QE-8917ZYJD},2010-04-26 08:11:26.0,ZLB0620,Barclay.Lance.Roberts@hotmail.com,,,Zelenia.Lydia.Boyer@dtaa.com,,42150,0
{N8Y9-P8WS18AU-1394CZAA},2010-04-26 09:27:32.0,ZLB0620,William.Abel.Wiley@dtaa.com,,,Zelenia.Lydia.Boyer@dtaa.com,,20802,1
{S6G4-F8MX68LI-3158NLEE},2010-04-27 08:48:57.0,ZLB0620,William.Abel.Wiley@dtaa.com,,,Zelenia.Lydia.Boyer@dtaa.com,,15647,0
{C0S8-P5UG34DT-9045ZQWC},2010-04-27 12:49:11.0,ZLB0620,Amethyst.Suki.Norris@dtaa.com,,,Zelenia.Lydia.Boyer@dtaa.com,,23877,0
{D7Z4-F9JF51CS-0977JTGX},2010-04-28 14:40:39.0,ZLB0620,Dana.Inga.Leach@dtaa.com,,,Zelenia.Lydia.Boyer@dtaa.com,,22074,9
{K4Y8-S2SX86ZS-5898CVRD},2010-04-29 12:06:34.0,ZLB0620,Price.Rashad.Manning@hotmail.com,,,Zelenia.Lydia.Boyer@dtaa.com,,21249,0
{F2A7-O8HB38XQ-1678VEMR},2010-04-30 15:53:11.0,ZLB0620,Zoe.Jena.Williams@dtaa.com,,,Zelenia.Lydia.Boyer@dtaa.com,,17973,0
{N4Q6-O0BJ18ZG-5799HMHF},2010-05-03 13:49:23.0,ZLB0620,Tyler.Damian.Boyd@dtaa.com,,,Zelenia.Lydia.Boyer@dtaa.com,,22447,0
{B0R8-G9TW19ND-4341AQHA},2010-05-04 13:50:53.0,ZLB0620,William.Leroy.Sharpe@msn.com,,,Zelenia.Lydia.Boyer@dtaa.com,,13805,0
{C5X3-F3LY31YG-1858DOFT},2010-05-05 10:44:18.0,ZLB0620,Price.Brady.Dickerson@hotmail.com;Martin.Samuel.Ferrell@hp.com,,,Zelenia.Lydia.Boyer@dtaa.com,,46716,0
{S7Y5-S9CY34JW-2861HFFM},2010-05-05 12:39:16.0,ZLB0620,Price.Brady.Dickerson@hotmail.com,,,Zelenia.Lydia.Boyer@dtaa.com,,17409,0
{S5K8-K7GI71VW-0243LBPZ},2010-05-06 11:46:54.0,ZLB0620,Ivan.Tanek.Garrison@dtaa.com,,,Zelenia.Lydia.Boyer@dtaa.com,,20692,0
{Y0C3-Y4ND36MX-8640SKUI},2010-05-06 13:50:18.0,ZLB0620,Amethyst.Suki.Norris@dtaa.com,,,Zelenia.Lydia.Boyer@dtaa.com,,28666,0
{G5J9-I5KB99WE-1730VBGG},2010-05-06 17:31:14.0,ZLB0620,Amethyst.Suki.Norris@dtaa.com,,,Zelenia.Lydia.Boyer@dtaa.com,,37228,0
{B8B4-A0ZN39TQ-5902RWWJ},2010-05-07 07:53:53.0,ZLB0620,Vladimir.Uriel.Barker@dtaa.com;Price.Brady.Dickerson@hotmail.com,,,Zelenia.Lydia.Boyer@dtaa.com,,22123,0
{Z2L4-R5OA89CF-6732HBFA},2010-05-07 09:33:17.0,ZLB0620,Price.Brady.Dickerson@hotmail.com,,,Zelenia.Lydia.Boyer@dtaa.com,,27835,0
{C0P7-R3CV37FY-8414MBPR},2010-05-10 10:53:48.0,ZLB0620,Benedict.Ivan.Rowe@dtaa.com;Tana.Kyra.Campos@netzero.com,,,Zelenia.Lydia.Boyer@dtaa.com,,38606,0
{Q4S9-I1IB89IH-2462LBFI},2010-05-10 14:21:35.0,ZLB0620,Price.Brady.Dickerson@hotmail.com,,,Zelenia.Lydia.Boyer@dtaa.com,,23561,0
{D2I4-M5AL20LD-9040YHDP},2010-05-11 13:27:10.0,ZLB0620,William.Abel.Wiley@dtaa.com,,,Zelenia.Lydia.Boyer@dtaa.com,,26607,0
{Q6F0-N0YB39VY-6864RXFR},2010-05-11 13:45:32.0,ZLB0620,Isaiah.Hyatt.Talley@dtaa.com;Amethyst.Suki.Norris@dtaa.com;Price.Brady.Dickerson@hotmail.com,,,Zelenia.Lydia.Boyer@dtaa.com,,45472,1
{Y9K0-I5GE02OQ-4077UQCL},2010-05-11 17:06:46.0,ZLB0620,Kamal.Judah.Fox@dtaa.com,,,Zelenia.Lydia.Boyer@dtaa.com,,25665,1
{H7R8-T5UY52NC-5768EZOO},2010-05-12 12:10:46.0,ZLB0620,Jade.Portia.Foley@dtaa.com,,,Zelenia.Lydia.Boyer@dtaa.com,,28605,0
{S8G8-X0ES19OJ-2530ZXFW},2010-05-13 07:40:23.0,ZLB0620,Benedict.Ivan.Rowe@dtaa.com,,,Zelenia.Lydia.Boyer@dtaa.com,,29002,0
{Y9W7-Y2ZE84EH-1580CHIR},2010-05-13 10:37:30.0,ZLB0620,William.Abel.Wiley@dtaa.com,,,Zelenia.Lydia.Boyer@dtaa.com,,21057,0
{Y5M1-T4VV03LK-8190IZLI},2010-05-14 08:06:32.0,ZLB0620,William.Abel.Wiley@dtaa.com,,,Zelenia.Lydia.Boyer@dtaa.com,,18672,0
{A9R0-B5GL31YT-0516EZZT},2010-05-14 09:42:07.0,ZLB0620,Dana.Inga.Leach@dtaa.com,,,Zelenia.Lydia.Boyer@dtaa.com,,33887,0
{V7N0-I3AC37BD-2472BNGV},2010-05-14 12:04:21.0,ZLB0620,Price.Rashad.Manning@hotmail.com,,,Zelenia.Lydia.Boyer@dtaa.com,,28516,0
{X5W2-Q2SC58JD-1605AZMX},2010-05-17 09:03:31.0,ZLB0620,Benedict.Ivan.Rowe@dtaa.com,,,Zelenia.Lydia.Boyer@dtaa.com,,20767,0
{I1Q8-P2UW97TW-5244JSSP},2010-05-17 09:05:17.0,ZLB0620,Ivana.Sasha.Blankenship@dtaa.com,,,Zelenia.Lydia.Boyer@dtaa.com,,19868,0
{C6Q4-F6RD65VA-8189GDRR},2010-05-18 08:55:49.0,ZLB0620,Amethyst.Suki.Norris@dtaa.com,,,Zelenia.Lydia.Boyer@dtaa.com,,28294,0
{U7H5-R4QB35MK-3149BBLN},2010-05-19 07:34:18.0,ZLB0620,Signe.Tashya.Reed@dtaa.com;Simone.Holly.Pratt@dtaa.com,,,Zelenia.Lydia.Boyer@dtaa.com,,36344,1
{P7R6-U8ZZ85OU-7407DVVV},2010-05-19 14:40:48.0,ZLB0620,Kaitlin.Amity.Armstrong@dtaa.com,,,Zelenia.Lydia.Boyer@dtaa.com,,28739,0
{G0A9-H3JW66OQ-7838ZOOB},2010-05-20 09:08:15.0,ZLB0620,Dana.Inga.Leach@dtaa.com,,,Zelenia.Lydia.Boyer@dtaa.com,,40161,0
{D5L5-A9SZ03SU-9522GDQP},2010-05-20 12:56:33.0,ZLB0620,Price.Brady.Dickerson@hotmail.com,,,Zelenia.Lydia.Boyer@dtaa.com,,34555,0
{O8A2-T6SQ15MW-2149SSUJ},2010-05-25 12:12:22.0,ZLB0620,Price.Brady.Dickerson@hotmail.com,,,Zelenia.Lydia.Boyer@dtaa.com,,34062,0
{T7O2-I5EO98BP-0665IPIB},2010-05-25 12:35:59.0,ZLB0620,Price.Brady.Dickerson@hotmail.com,,,Zelenia.Lydia.Boyer@dtaa.com,,37811,0
{L6J1-M1PR63RE-1612TZZU},2010-05-25 15:36:16.0,ZLB0620,Eden.Bernard.Strickland@dtaa.com,,,Zelenia.Lydia.Boyer@dtaa.com,,30707,0
{K6K6-Y1FR55ZY-0793UBMT},2010-05-26 13:11:54.0,ZLB0620,Dana.Inga.Leach@dtaa.com;Shaeleigh.Stella.Chambers@dtaa.com;Suki.Mallory.Baker@dtaa.com;Price.Brady.Dickerson@hotmail.com,,,Zelenia.Lydia.Boyer@dtaa.com,,18520,0
{P3S1-V5DR76XQ-3980DPOX},2010-05-27 12:09:23.0,ZLB0620,Hasad.Tobias.Mcconnell@dtaa.com,,,Zelenia.Lydia.Boyer@dtaa.com,,22629,0
{C2N5-L7YJ75KC-0762IWNE},2010-05-27 12:14:28.0,ZLB0620,Ivana.Octavia.Terrell@dtaa.com,,,Zelenia.Lydia.Boyer@dtaa.com,,29115,0
{D4G2-D1VN06XY-0701GYRC},2010-05-28 08:24:13.0,ZLB0620,Lev.Colby.Pope@dtaa.com,,,Zelenia.Lydia.Boyer@dtaa.com,,35488,0
{L5M7-C4YQ65GE-0548QUDQ},2010-05-28 13:10:25.0,ZLB0620,Price.Rashad.Manning@hotmail.com;Tyler.Richard.Todd@bellsouth.net,,,Zelenia.Lydia.Boyer@dtaa.com,,23240,0
{X3G7-O2BN54AS-3644AWBR},2010-06-01 07:24:26.0,ZLB0620,Dana.Inga.Leach@dtaa.com,,,Zelenia.Lydia.Boyer@dtaa.com,,21752,0
{S3X7-A6IM31YR-4543JRHH},2010-06-01 07:24:40.0,ZLB0620,Amethyst.Suki.Norris@dtaa.com;Amy.Juliet.Galloway@optonline.net;Margaret.Darrel.Cleveland@msn.com,,,Zelenia.Lydia.Boyer@dtaa.com,,15005,0
{C8F7-S6FC09VQ-8581QBQR},2010-06-02 10:49:01.0,ZLB0620,Sean.Declan.Hull@dtaa.com,,,Zelenia.Lydia.Boyer@dtaa.com,,20916,1
{H2O3-D7YT52HV-9498OYYR},2010-06-02 12:24:35.0,ZLB0620,Price.Brady.Dickerson@hotmail.com,,,Zelenia.Lydia.Boyer@dtaa.com,,18565,0
{L3Y4-Z1EA07IS-0630ZKNA},2010-06-03 07:51:30.0,ZLB0620,Benedict.Ivan.Rowe@dtaa.com,,,Zelenia.Lydia.Boyer@dtaa.com,,32992,0
{V1K8-D7EX24JU-9358PHRL},2010-06-07 07:24:33.0,ZLB0620,Kasper.Zeph.Moran@dtaa.com,,,Zelenia.Lydia.Boyer@dtaa.com,,31483,0
{D6U0-G8RO89AB-6695DYET},2010-06-07 13:46:21.0,ZLB0620,Amethyst.Suki.Norris@dtaa.com,,,Zelenia.Lydia.Boyer@dtaa.com,,32635,0
{L2M5-N8BG93XD-4495WGIT},2010-06-07 15:56:33.0,ZLB0620,William.Abel.Wiley@dtaa.com,,,Zelenia.Lydia.Boyer@dtaa.com,,26733,0
{P2E1-Z9VU51DQ-9140WJWY},2010-06-09 07:24:24.0,ZLB0620,Raja.Holmes.Tyler@dtaa.com,,,Zelenia.Lydia.Boyer@dtaa.com,,14762,0
{V4Y1-N9CE94ZX-7165QJSA},2010-06-09 13:21:40.0,ZLB0620,William.Abel.Wiley@dtaa.com,,,Zelenia.Lydia.Boyer@dtaa.com,,31946,0
{J0M6-Y2GA73QN-3186JIIK},2010-06-10 08:28:03.0,ZLB0620,Ezra.Chadwick.Sargent@dtaa.com,,,Zelenia.Lydia.Boyer@dtaa.com,,23582,0
{G8N4-Q2NV04BJ-7373THKZ},2010-06-10 16:59:54.0,ZLB0620,Price.Brady.Dickerson@hotmail.com,,,Zelenia.Lydia.Boyer@dtaa.com,,23086,0
{A4W5-G9KS77IQ-4005PBNC},2010-06-11 07:43:00.0,ZLB0620,Amethyst.Suki.Norris@dtaa.com;Jack.Nicolas.Christensen@dtaa.com;Price.Brady.Dickerson@hotmail.com,,,Zelenia.Lydia.Boyer@dtaa.com,,29045,0
{Z4H3-R2XM51TV-5659MVDQ},2010-06-11 18:01:22.0,ZLB0620,Price.Brady.Dickerson@hotmail.com,,,Zelenia.Lydia.Boyer@dtaa.com,,34537,0
{R9K8-V2HP39MT-5808LZGU},2010-06-14 11:51:10.0,ZLB0620,William.Abel.Wiley@dtaa.com,,,Zelenia.Lydia.Boyer@dtaa.com,,20496,0
{E3C8-E5JK18CM-4891FOYC},2010-06-15 16:36:46.0,ZLB0620,Amy.Juliet.Galloway@optonline.net,,,Zelenia.Lydia.Boyer@dtaa.com,,28818,0
{R8J9-Y3NW29MP-6718VNWY},2010-06-15 17:33:19.0,ZLB0620,Price.Brady.Dickerson@hotmail.com,,,Zelenia.Lydia.Boyer@dtaa.com,,23693,0
{Z1Z6-D2AP91AD-8761HCGB},2010-06-16 13:32:09.0,ZLB0620,Ross.Grady.Mccullough@sbcglobal.net,,,Zelenia.Lydia.Boyer@dtaa.com,,22167,0
{K7Q5-R8EQ37DE-8627OPOS},2010-06-16 14:33:19.0,ZLB0620,Carson.Amal.Orr@dtaa.com;Hakeem.Herman.Buck@dtaa.com;Dana.Inga.Leach@dtaa.com,,,Zelenia.Lydia.Boyer@dtaa.com,,29512,2
{W9R0-N8HT44XP-3570PDQB},2010-06-18 08:09:10.0,ZLB0620,Dana.Inga.Leach@dtaa.com,,,Zelenia.Lydia.Boyer@dtaa.com,,12528,0
{G8F7-D5XP14FU-6290WQVG},2010-06-18 10:22:05.0,ZLB0620,Amethyst.Suki.Norris@dtaa.com,,,Zelenia.Lydia.Boyer@dtaa.com,,24586,0
{I5K1-U3OU68LA-7686SGVM},2010-06-18 13:05:47.0,ZLB0620,Amethyst.Suki.Norris@dtaa.com,,,Zelenia.Lydia.Boyer@dtaa.com,,39110,1
{B6J5-Q0TS98ID-7414HARZ},2010-06-22 14:03:59.0,ZLB0620,Danielle.Quon.Mosley@dtaa.com,,,Zelenia.Lydia.Boyer@dtaa.com,,51044,0
{X1B5-D6II47RI-8279WOOB},2010-06-23 11:58:06.0,ZLB0620,Dana.Inga.Leach@dtaa.com,,,Zelenia.Lydia.Boyer@dtaa.com,,43825,0
{F1Y2-E1GZ12KN-3354SRCZ},2010-06-25 10:08:44.0,ZLB0620,Hashim.Kasper.Woodard@dtaa.com;Dana.Inga.Leach@dtaa.com;Evan.Bevis.Colon@dtaa.com;William.Leroy.Sharpe@msn.com,,,Zelenia.Lydia.Boyer@dtaa.com,,36317,0
{L4O3-G3BM98BH-5528WQKC},2010-06-25 15:31:26.0,ZLB0620,Dana.Inga.Leach@dtaa.com;Tana.Kyra.Campos@netzero.com,,,Zelenia.Lydia.Boyer@dtaa.com,,23726,0
{Z9U5-N5VY52QN-4641NCYA},2010-06-28 07:17:21.0,ZLB0620,Price.Brady.Dickerson@hotmail.com,,,Zelenia.Lydia.Boyer@dtaa.com,,17717,0
{Y2Z2-Z5XI60IC-6576MPJR},2010-06-28 13:30:12.0,ZLB0620,Jaquelyn.September.David@dtaa.com,,,Zelenia.Lydia.Boyer@dtaa.com,,29824,0
{J7N0-S1LQ63AJ-6624LFLP},2010-06-29 14:43:03.0,ZLB0620,Tana.Kyra.Campos@netzero.com,,,Zelenia.Lydia.Boyer@dtaa.com,,20943,0
{C2R3-Z7OI17BB-4438AZBA},2010-07-01 17:17:28.0,ZLB0620,Audra.Madonna.Tran@dtaa.com,,,Zelenia.Lydia.Boyer@dtaa.com,,25869,0
{S2L5-S1OU62BK-6118FYOU},2010-07-02 12:51:40.0,ZLB0620,Celeste.Quintessa.Rivera@dtaa.com,,,Zelenia.Lydia.Boyer@dtaa.com,,26521,0
{K5L1-U1VQ60KA-7648JJBF},2010-07-02 16:23:08.0,ZLB0620,Amethyst.Suki.Norris@dtaa.com;Dana.Inga.Leach@dtaa.com,,,Zelenia.Lydia.Boyer@dtaa.com,,21974,0
{I8W7-I0QF09WM-7743KJTL},2010-07-06 07:26:58.0,ZLB0620,Benedict.Ivan.Rowe@dtaa.com;William.Leroy.Sharpe@msn.com,,,Zelenia.Lydia.Boyer@dtaa.com,,33754,0
{A3N0-W2BP92VY-9746ZPQV},2010-07-06 12:19:46.0,ZLB0620,Amethyst.Suki.Norris@dtaa.com;Rebecca.Rhiannon.Battle@dtaa.com,,,Zelenia.Lydia.Boyer@dtaa.com,,31627,0
{W7S4-G6UC37EQ-8358FTKH},2010-07-07 10:32:04.0,ZLB0620,Benedict.Ivan.Rowe@dtaa.com,,,Zelenia.Lydia.Boyer@dtaa.com,,24793,0
{V2G4-L7GA13UB-9628HIFP},2010-07-07 13:33:01.0,ZLB0620,Mariam.Roary.Jacobs@dtaa.com,,,Zelenia.Lydia.Boyer@dtaa.com,,40302,1
{V6G0-B1GK93UE-6651QHYT},2010-07-08 10:07:43.0,ZLB0620,Hiram.Sawyer.Sykes@dtaa.com,,,Zelenia.Lydia.Boyer@dtaa.com,,16776,0
{M5K3-M7KB26EU-1653JEGW},2010-07-09 10:36:05.0,ZLB0620,India.Rinah.Murphy@dtaa.com,,,Zelenia.Lydia.Boyer@dtaa.com,,62897,0
{N7G8-Y7GV22ND-4337WCPF},2010-07-12 13:50:21.0,ZLB0620,Dana.Inga.Leach@dtaa.com;William.Abel.Wiley@dtaa.com,,,Zelenia.Lydia.Boyer@dtaa.com,,23651,0
{C8H7-N6PA07JB-9743WADF},2010-07-13 15:58:28.0,ZLB0620,Price.Rashad.Manning@hotmail.com,,,Zelenia.Lydia.Boyer@dtaa.com,,17396,0
{Q7J6-C9GH02HA-3348SLLU},2010-07-15 11:23:49.0,ZLB0620,Lane.Jonathan.Bridges@dtaa.com;India.Karina.Todd@dtaa.com;Amber.Jolene.Hopper@yahoo.com,,,Zelenia.Lydia.Boyer@dtaa.com,,36586,2
{K4P5-H8JW19XF-6454PWDX},2010-07-16 15:40:20.0,ZLB0620,Benedict.Ivan.Rowe@dtaa.com;Naida.Jamalia.Keith@comcast.net,,,Zelenia.Lydia.Boyer@dtaa.com,,21704,0
{V8W8-X5JP90HP-5537PGOA},2010-07-22 09:42:05.0,ZLB0620,William.Abel.Wiley@dtaa.com,,,Zelenia.Lydia.Boyer@dtaa.com,,29998,1
{Q1P5-T7TL30EO-8147PPLZ},2010-07-23 14:56:25.0,ZLB0620,William.Leroy.Sharpe@msn.com;Murphy.Elliott.Hurley@comcast.net,,,Zelenia.Lydia.Boyer@dtaa.com,,21112,0
{C6E2-B1BE72AV-8931HIXY},2010-07-26 08:38:27.0,ZLB0620,William.Leroy.Sharpe@msn.com,,,Zelenia.Lydia.Boyer@dtaa.com,,29471,0
{T1D2-Z8NT95OI-6326AXMW},2010-07-26 09:27:32.0,ZLB0620,Driscoll.Jin.Dotson@charter.net;Price.Brady.Dickerson@hotmail.com,,,Zelenia.Lydia.Boyer@dtaa.com,,57318,0
{T7A6-N8WD19ZE-5878FPNZ},2010-07-27 17:36:08.0,ZLB0620,Dana.Inga.Leach@dtaa.com,,,Zelenia.Lydia.Boyer@dtaa.com,,34784,0
{C1R6-C8YW64LG-5508QHPF},2010-07-28 10:54:31.0,ZLB0620,Kamal.Judah.Fox@dtaa.com;Tana.Kyra.Campos@netzero.com,,,Zelenia.Lydia.Boyer@dtaa.com,,21168,1
{K1G6-O1RB70SC-2570HWAJ},2010-07-28 15:30:37.0,ZLB0620,Benedict.Ivan.Rowe@dtaa.com,,,Zelenia.Lydia.Boyer@dtaa.com,,18976,0
{C2I3-J0JS87KK-9543GSAE},2010-07-29 09:05:23.0,ZLB0620,William.Abel.Wiley@dtaa.com;Benedict.Ivan.Rowe@dtaa.com,,,Zelenia.Lydia.Boyer@dtaa.com,,33211,0
{N2E8-P7IQ57DY-3888SRBK},2010-07-29 11:57:45.0,ZLB0620,Price.Brady.Dickerson@hotmail.com,,,Zelenia.Lydia.Boyer@dtaa.com,,28637,0
{X4D6-E9KN12UK-5987FUOM},2010-07-29 14:42:59.0,ZLB0620,Shaeleigh.Melinda.Diaz@dtaa.com;William.Leroy.Sharpe@msn.com,,,Zelenia.Lydia.Boyer@dtaa.com,,17958,0
{X6G4-C1OP51YR-5707WASO},2010-07-30 09:05:04.0,ZLB0620,William.Abel.Wiley@dtaa.com;Price.Brady.Dickerson@hotmail.com,,,Zelenia.Lydia.Boyer@dtaa.com,,32749,1
{V2J0-T6DI48ON-3342LVKD},2010-07-30 09:49:26.0,ZLB0620,Amena.Fay.Lucas@yahoo.com;Price.Brady.Dickerson@hotmail.com,,,Zelenia.Lydia.Boyer@dtaa.com,,26010,0
{Q4U5-K9TT02WR-2986ZNOZ},2010-07-30 15:22:22.0,ZLB0620,Tana.Kyra.Campos@netzero.com,,,Zelenia.Lydia.Boyer@dtaa.com,,21730,0
{K4A3-D7QP32WW-5046NAHY},2010-08-02 07:29:30.0,ZLB0620,Amethyst.Suki.Norris@dtaa.com;William.Leroy.Sharpe@msn.com,,,Zelenia.Lydia.Boyer@dtaa.com,,30737,0
{O6H8-L8WP43AV-2205AZVU},2010-08-03 08:59:10.0,ZLB0620,Price.Brady.Dickerson@hotmail.com,,,Zelenia.Lydia.Boyer@dtaa.com,,23749,3
{Y1X2-D5VY27AA-9413XGFY},2010-08-05 07:48:08.0,ZLB0620,Amethyst.Suki.Norris@dtaa.com;Rigel.Donovan.Quinn@boeing.com,,,Zelenia.Lydia.Boyer@dtaa.com,,48638,1
{N8E2-Z2ZO00KV-4106KTSX},2010-08-05 16:22:50.0,ZLB0620,Dana.Inga.Leach@dtaa.com,,,Zelenia.Lydia.Boyer@dtaa.com,,40342,0
{C2K4-F7QO24CI-0534UAPD},2010-08-06 12:15:07.0,ZLB0620,Odysseus.Finn.Shepherd@dtaa.com;Price.Brady.Dickerson@hotmail.com,,,Zelenia.Lydia.Boyer@dtaa.com,,29779,0
{X7P9-I9LV60VV-0936HIMR},2010-08-06 15:46:43.0,ZLB0620,Jemima.Jane.Park@dtaa.com,,,Zelenia.Lydia.Boyer@dtaa.com,,43786,0
{Y8Z5-E3KO69TU-5704LBKE},2010-08-09 12:23:00.0,ZLB0620,Palmer.Nathaniel.Church@dtaa.com,,,Zelenia.Lydia.Boyer@dtaa.com,,19334,0
{G1Y4-Y4GK22ZV-7348PVKH},2010-08-09 12:43:27.0,ZLB0620,Price.Brady.Dickerson@hotmail.com,,,Zelenia.Lydia.Boyer@dtaa.com,,34233,0
{V2N0-S5NG90JR-7209FAVM},2010-08-10 09:07:23.0,ZLB0620,Price.Brady.Dickerson@hotmail.com,,,Zelenia.Lydia.Boyer@dtaa.com,,39241,0
{H9X7-D3XZ33OR-4601VHTF},2010-08-10 14:42:50.0,ZLB0620,Hedwig.Casey.Farmer@dtaa.com,,,Zelenia.Lydia.Boyer@dtaa.com,,25254,0
{D0C3-F0PG66UN-5200EXHS},2010-08-11 10:09:37.0,ZLB0620,Amethyst.Suki.Norris@dtaa.com;Hilel.Dale.Hebert@juno.com,,,Zelenia.Lydia.Boyer@dtaa.com,,16789,0
{O4R7-D0CS32CU-6224UUEN},2010-08-11 16:42:58.0,ZLB0620,Dana.Inga.Leach@dtaa.com,,,Zelenia.Lydia.Boyer@dtaa.com,,22760,0
{O2L7-R9JV63TO-9945IVCY},2010-08-12 07:43:11.0,ZLB0620,William.Abel.Wiley@dtaa.com;Dana.Inga.Leach@dtaa.com,,,Zelenia.Lydia.Boyer@dtaa.com,,20486,0
{B6G9-O9RP01CQ-4217DTIE},2010-08-13 08:33:44.0,ZLB0620,Price.Brady.Dickerson@hotmail.com,,,Zelenia.Lydia.Boyer@dtaa.com,,33204,0
{A3U2-R9IW57WA-2607HSJG},2010-08-13 12:20:10.0,ZLB0620,Candace.Althea.Dale@yahoo.com,,,Zelenia.Lydia.Boyer@dtaa.com,,24995,1
{M8S7-H6XN39JJ-6599QXBQ},2010-08-16 11:32:13.0,ZLB0620,Benedict.Ivan.Rowe@dtaa.com,,,Zelenia.Lydia.Boyer@dtaa.com,,31658,0
{Y8X1-A8DE98PB-8293WFRQ},2010-08-17 16:28:21.0,ZLB0620,Rhona.Paula.Hammond@dtaa.com,,,Zelenia.Lydia.Boyer@dtaa.com,,35491,1
{R9L0-F7RR12OT-2959ZKAU},2010-08-18 07:45:56.0,ZLB0620,Price.Brady.Dickerson@hotmail.com,,,Zelenia.Lydia.Boyer@dtaa.com,,30251,0
{Z4P7-P4KD61UH-2078WXPA},2010-08-18 07:56:44.0,ZLB0620,Suki.Linda.Odom@dtaa.com,,,Zelenia.Lydia.Boyer@dtaa.com,,27531,0
{Q2B6-F7BK55FG-9039XBMW},2010-08-19 12:40:50.0,ZLB0620,Dana.Inga.Leach@dtaa.com,,,Zelenia.Lydia.Boyer@dtaa.com,,18170,0
{D0Z0-R9CW08BE-2611SMTX},2010-08-20 12:28:54.0,ZLB0620,Amy.Juliet.Galloway@optonline.net,,,Zelenia.Lydia.Boyer@dtaa.com,,18989,0
{G7Y3-N7TZ18HK-2351CBSH},2010-08-23 14:19:27.0,ZLB0620,Dana.Inga.Leach@dtaa.com;Thomas.Luke.Gonzales@dtaa.com,,,Zelenia.Lydia.Boyer@dtaa.com,,28747,0
{G0K8-B1KR70GM-5686NUPR},2010-08-24 14:00:31.0,ZLB0620,Dana.Inga.Leach@dtaa.com,,,Zelenia.Lydia.Boyer@dtaa.com,,39657,0
{U1Z0-U4EP03KS-2302BLQW},2010-08-24 14:49:32.0,ZLB0620,Veronica.Alexa.David@dtaa.com,,,Zelenia.Lydia.Boyer@dtaa.com,,27190,0
{G0H9-W9AS60HA-1961KVZY},2010-08-24 17:37:05.0,ZLB0620,Dana.Inga.Leach@dtaa.com,,,Zelenia.Lydia.Boyer@dtaa.com,,43277,0
{I9O7-K8FE62AP-2364JXFW},2010-08-25 07:45:21.0,ZLB0620,Ivan.Avram.Hanson@dtaa.com,,,Zelenia.Lydia.Boyer@dtaa.com,,32999,0
{A6U5-K4AS34LN-7606PJUR},2010-08-26 10:17:23.0,ZLB0620,Benedict.Ivan.Rowe@dtaa.com;William.Abel.Wiley@dtaa.com,,,Zelenia.Lydia.Boyer@dtaa.com,,47803,0
{K6U9-L4JY03OT-1133ISQU},2010-08-27 08:17:33.0,ZLB0620,William.Abel.Wiley@dtaa.com,,,Zelenia.Lydia.Boyer@dtaa.com,,46409,0
{D5W6-Y5VG85SU-9069PKMC},2010-08-27 16:02:55.0,ZLB0620,Margaret.Darrel.Cleveland@msn.com,,,Zelenia.Lydia.Boyer@dtaa.com,,20047,0
{F3F0-C0FT42MD-1010HJAW},2010-08-30 11:16:46.0,ZLB0620,Jorden.Maris.Clemons@dtaa.com,,,Zelenia.Lydia.Boyer@dtaa.com,,30254,0
{P7V5-Q9MA10LX-8723JJJX},2010-09-02 08:18:13.0,ZLB0620,Hope.Remedios.Andrews@dtaa.com,,,Zelenia.Lydia.Boyer@dtaa.com,,33544,0
{S2A4-X6VB70XN-2049NPES},2010-09-02 11:57:14.0,ZLB0620,Dana.Inga.Leach@dtaa.com,,,Zelenia.Lydia.Boyer@dtaa.com,,27579,0
{F5J3-Z4YG52IJ-9152GNTY},2010-09-03 09:09:10.0,ZLB0620,Perry.Deacon.Harding@dtaa.com,,,Zelenia.Lydia.Boyer@dtaa.com,,25556,0
{Q8B1-P8WU53FQ-8756HTAY},2010-09-03 17:21:46.0,ZLB0620,Tana.Kyra.Campos@netzero.com,,,Zelenia.Lydia.Boyer@dtaa.com,,24075,0
{U8Z7-O4HL41KG-4327JEPG},2010-09-08 09:21:30.0,ZLB0620,Dana.Inga.Leach@dtaa.com,,,Zelenia.Lydia.Boyer@dtaa.com,,37944,0
{V8E7-Q0XM87LA-2409TOYN},2010-09-08 11:59:23.0,ZLB0620,Dana.Inga.Leach@dtaa.com;William.Abel.Wiley@dtaa.com,,,Zelenia.Lydia.Boyer@dtaa.com,,33499,2
{N4E2-S0NB55QH-5636LQMF},2010-09-08 14:54:13.0,ZLB0620,Barbara.Jamalia.Hahn@dtaa.com,,,Zelenia.Lydia.Boyer@dtaa.com,,18980,0
{X9G3-K4PK34AO-0335LGDB},2010-09-09 16:33:00.0,ZLB0620,William.Abel.Wiley@dtaa.com;Joshua.Taylor.Sims@dtaa.com;India.Naida.Hurst@msn.com,,,Zelenia.Lydia.Boyer@dtaa.com,,14942,0
{V5O7-K7JD07WP-5295DPPG},2010-09-10 08:00:55.0,ZLB0620,Amethyst.Suki.Norris@dtaa.com;Price.Brady.Dickerson@hotmail.com,,,Zelenia.Lydia.Boyer@dtaa.com,,24981,0
{F0U9-X1OV30MP-0220HVTL},2010-09-10 13:09:15.0,ZLB0620,Dana.Inga.Leach@dtaa.com;Price.Brady.Dickerson@hotmail.com,,,Zelenia.Lydia.Boyer@dtaa.com,,31457,0
{F6V8-N4VF13VZ-8758ZURN},2010-09-13 07:55:57.0,ZLB0620,Benedict.Ivan.Rowe@dtaa.com,,,Zelenia.Lydia.Boyer@dtaa.com,,40726,4
{D7G5-A6OX65QB-3246KLBZ},2010-09-13 17:39:48.0,ZLB0620,Lucius.Cullen.Gallagher@dtaa.com,,,Zelenia.Lydia.Boyer@dtaa.com,,42426,0
{V4F1-Q6EN06UT-9728ZVIM},2010-09-15 08:05:14.0,ZLB0620,Price.Brady.Dickerson@hotmail.com,,,Zelenia.Lydia.Boyer@dtaa.com,,16675,0
{V0Z7-L8IJ64WA-5668IRGT},2010-09-15 11:23:07.0,ZLB0620,Germane.Vielka.Rivas@dtaa.com,,,Zelenia.Lydia.Boyer@dtaa.com,,39578,0
{F1M4-Y9UH96GL-5175DTNG},2010-09-16 11:31:12.0,ZLB0620,Suki.Ginger.Estes@dtaa.com;Donna.Carissa.Herrera@earthlink.net,,,Zelenia.Lydia.Boyer@dtaa.com,,26609,0
{N1O4-Z1FT94AY-9678OEUJ},2010-09-16 15:49:36.0,ZLB0620,Hall.Curran.Hood@dtaa.com;Jackson.Victor.Mays@dtaa.com;Branden.Tyrone.Moore@verizon.net,,,Zelenia.Lydia.Boyer@dtaa.com,,21389,0
{S4G4-K0KC22CG-8977PDZF},2010-09-17 14:43:00.0,ZLB0620,Price.Brady.Dickerson@hotmail.com,,,Zelenia.Lydia.Boyer@dtaa.com,,85904,0
{P7T0-Y4IE89KM-3305IISX},2010-09-17 14:43:29.0,ZLB0620,Sarah.Bryar.Whitfield@dtaa.com,,,Zelenia.Lydia.Boyer@dtaa.com,,30977,0
{S9W5-L6NN31QF-0185UIBJ},2010-09-20 09:04:48.0,ZLB0620,William.Abel.Wiley@dtaa.com,,,Zelenia.Lydia.Boyer@dtaa.com,,21320,0
{K4M0-K1JQ28IL-1472JIWQ},2010-09-20 13:41:03.0,ZLB0620,Isabella.Nina.Moore@comcast.net,,,Zelenia.Lydia.Boyer@dtaa.com,,12724,0
{V3G3-Y3AN34PC-3347DMAR},2010-09-21 09:59:26.0,ZLB0620,Dana.Inga.Leach@dtaa.com,,,Zelenia.Lydia.Boyer@dtaa.com,,31471,0
{F4W8-R6UV60OV-4145VHOW},2010-09-21 12:42:13.0,ZLB0620,Price.Brady.Dickerson@hotmail.com,,,Zelenia.Lydia.Boyer@dtaa.com,,23503,0
{C1H6-I4XE82VI-5365FQXU},2010-09-21 15:31:23.0,ZLB0620,Christen.Tashya.Rodgers@dtaa.com;Dana.Inga.Leach@dtaa.com,,,Zelenia.Lydia.Boyer@dtaa.com,,21023,0
{T2C1-V9FF30QZ-4644VOKI},2010-09-22 09:01:07.0,ZLB0620,Price.Brady.Dickerson@hotmail.com,,,Zelenia.Lydia.Boyer@dtaa.com,,23659,0
{S5I0-P0NJ45YU-7897YOGE},2010-09-22 11:57:16.0,ZLB0620,William.Abel.Wiley@dtaa.com,,,Zelenia.Lydia.Boyer@dtaa.com,,31060,1
{M3P5-F1NJ46AM-3848ILJN},2010-09-22 14:04:12.0,ZLB0620,Price.Brady.Dickerson@hotmail.com,,,Zelenia.Lydia.Boyer@dtaa.com,,25554,3
{X4C5-U4RE74RJ-8568MTPP},2010-09-23 14:39:10.0,ZLB0620,Price.Brady.Dickerson@hotmail.com,,,Zelenia.Lydia.Boyer@dtaa.com,,21943,0
{X0B3-B9GR37HE-6639IUUG},2010-09-24 10:59:26.0,ZLB0620,Roth.Laith.Pena@dtaa.com;Ashely.Kai.Bruce@dtaa.com;Ramona.Sandra.Parrish@dtaa.com,,,Zelenia.Lydia.Boyer@dtaa.com,,25612,0
{Z0C3-B9US62HA-8979JOQQ},2010-09-27 07:59:15.0,ZLB0620,Dana.Inga.Leach@dtaa.com,,,Zelenia.Lydia.Boyer@dtaa.com,,37667,0
{T8R5-N6YX30ZG-8280HBMK},2010-09-27 16:11:24.0,ZLB0620,Amethyst.Suki.Norris@dtaa.com;William.Abel.Wiley@dtaa.com;Tyler.Richard.Todd@bellsouth.net,,,Zelenia.Lydia.Boyer@dtaa.com,,23177,0
{Q5K3-T6VJ03IR-7967VHTQ},2010-09-28 10:23:10.0,ZLB0620,Octavius.Evan.Henderson@dtaa.com;Price.Brady.Dickerson@hotmail.com,,,Zelenia.Lydia.Boyer@dtaa.com,,41125,0
{A5B4-I0LP33JL-8947OSJP},2010-09-28 12:11:32.0,ZLB0620,Price.Brady.Dickerson@hotmail.com,,,Zelenia.Lydia.Boyer@dtaa.com,,25300,0
{L0S0-X7KF25NN-9287XQKA},2010-09-29 10:27:32.0,ZLB0620,Dana.Inga.Leach@dtaa.com,,,Zelenia.Lydia.Boyer@dtaa.com,,36458,0
{Y2K9-Z2FS61KA-8661KIEK},2010-09-29 14:24:13.0,ZLB0620,Benedict.Ivan.Rowe@dtaa.com,,,Zelenia.Lydia.Boyer@dtaa.com,,27505,0
{D6Z3-A2QR84QZ-6315KOGZ},2010-09-30 07:27:21.0,ZLB0620,Hilda.Freya.Jacobson@dtaa.com,,,Zelenia.Lydia.Boyer@dtaa.com,,29093,0
{P2M0-B1KI76RF-9652GQTT},2010-10-01 08:50:06.0,ZLB0620,Amethyst.Suki.Norris@dtaa.com,,,Zelenia.Lydia.Boyer@dtaa.com,,47814,0
{Y0X6-K0ZN05TW-9757ZVWD},2010-10-01 09:42:21.0,ZLB0620,Benedict.Ivan.Rowe@dtaa.com,,,Zelenia.Lydia.Boyer@dtaa.com,,49533,0
{O2S2-X5LI74HG-7546LHRX},2010-10-01 14:56:16.0,ZLB0620,Ashton.Lucius.Mccarty@dtaa.com;Benedict.Ivan.Rowe@dtaa.com,,,Zelenia.Lydia.Boyer@dtaa.com,,31093,0
{W8L5-U9WS90JS-1739VRSG},2010-10-04 16:57:00.0,ZLB0620,Chastity.Tamara.Fowler@dtaa.com,,,Zelenia.Lydia.Boyer@dtaa.com,,44450,0
{P0V6-X7CR80HS-5525HQJM},2010-10-05 10:18:14.0,ZLB0620,Desiree.Claudia.Booth@dtaa.com,,,Zelenia.Lydia.Boyer@dtaa.com,,42931,0
{Y2N2-F3PA05LY-8672IEGN},2010-10-06 11:31:36.0,ZLB0620,Benedict.Ivan.Rowe@dtaa.com,,,Zelenia.Lydia.Boyer@dtaa.com,,26551,0
{Z8G4-I8BI51GQ-4064TEAL},2010-10-06 15:26:25.0,ZLB0620,Lila.Brooke.Mann@dtaa.com,,,Zelenia.Lydia.Boyer@dtaa.com,,46591,0
{F0I2-E6RZ71TS-6199HNXU},2010-10-06 18:04:30.0,ZLB0620,Amethyst.Suki.Norris@dtaa.com,,,Zelenia.Lydia.Boyer@dtaa.com,,36674,0
{P6Z8-L9ON03YE-0434VZOI},2010-10-07 08:09:41.0,ZLB0620,Dana.Inga.Leach@dtaa.com,,,Zelenia.Lydia.Boyer@dtaa.com,,49985,0
{F2L1-R9CQ19GX-2623SBYG},2010-10-07 13:21:22.0,ZLB0620,Price.Brady.Dickerson@hotmail.com,,,Zelenia.Lydia.Boyer@dtaa.com,,21190,0
{G4Y5-N5XO86HM-1991IOUN},2010-10-08 17:56:14.0,ZLB0620,William.Abel.Wiley@dtaa.com;Whitney.Phyllis.Bush@charter.net,,,Zelenia.Lydia.Boyer@dtaa.com,,26140,0
{W7C3-C9BF84KB-9210CDTO},2010-10-11 11:04:36.0,ZLB0620,Amethyst.Suki.Norris@dtaa.com,,,Zelenia.Lydia.Boyer@dtaa.com,,32439,0
{T5Q9-A3ZM21GG-0959EYFV},2010-10-11 14:01:08.0,ZLB0620,Amy.Juliet.Galloway@optonline.net,,,Zelenia.Lydia.Boyer@dtaa.com,,32142,0
{C6G6-C0II54CY-4566GPUF},2010-10-12 15:32:04.0,ZLB0620,Price.Brady.Dickerson@hotmail.com,,,Zelenia.Lydia.Boyer@dtaa.com,,26997,0
{K9D5-V6DT15QS-6785MZSZ},2010-10-13 14:10:34.0,ZLB0620,Dana.Inga.Leach@dtaa.com;Benedict.Ivan.Rowe@dtaa.com;Price.Rashad.Manning@hotmail.com,,,Zelenia.Lydia.Boyer@dtaa.com,,21823,0
{D0P7-E4OS57GX-9711YYYK},2010-10-13 14:13:45.0,ZLB0620,Price.Rashad.Manning@hotmail.com,,,Zelenia.Lydia.Boyer@dtaa.com,,28471,1
{U2X9-F0ZW27ZB-0034WRGU},2010-10-14 10:50:53.0,ZLB0620,Price.Brady.Dickerson@hotmail.com,,,Zelenia.Lydia.Boyer@dtaa.com,,28113,0
{H8N7-X1HZ22GS-0204OMMX},2010-10-15 11:31:05.0,ZLB0620,Price.Brady.Dickerson@hotmail.com,,,Zelenia.Lydia.Boyer@dtaa.com,,37324,0
{Z8O1-K5JC68ZR-6069GUJT},2010-10-18 09:52:29.0,ZLB0620,Price.Brady.Dickerson@hotmail.com,,,Zelenia.Lydia.Boyer@dtaa.com,,38494,0
{B1C4-J8CH66UH-2937JMCL},2010-10-18 15:35:02.0,ZLB0620,Price.Brady.Dickerson@hotmail.com,,,Zelenia.Lydia.Boyer@dtaa.com,,35657,0
{Q6M0-K5WO17SB-0028DKEH},2010-10-19 08:01:45.0,ZLB0620,Benedict.Ivan.Rowe@dtaa.com,,,Zelenia.Lydia.Boyer@dtaa.com,,19421,0
{R8E3-I5QC34PA-2695CUSF},2010-10-19 13:31:10.0,ZLB0620,Albert.Colt.Wiggins@dtaa.com;Price.Brady.Dickerson@hotmail.com,,,Zelenia.Lydia.Boyer@dtaa.com,,33191,0
{X8L1-R5LN53MO-3016QVZG},2010-10-21 13:37:27.0,ZLB0620,Price.Brady.Dickerson@hotmail.com,,,Zelenia.Lydia.Boyer@dtaa.com,,15853,6
{A1W8-W5GZ56TH-9784PGSP},2010-10-22 15:30:15.0,ZLB0620,Benedict.Ivan.Rowe@dtaa.com,,,Zelenia.Lydia.Boyer@dtaa.com,,21091,0
{U2S4-S4QB93AU-6514RWOD},2010-10-22 17:33:41.0,ZLB0620,Price.Brady.Dickerson@hotmail.com,,,Zelenia.Lydia.Boyer@dtaa.com,,33734,0
{V7Y5-Z6OQ77NG-7702ISAJ},2010-10-25 08:38:10.0,ZLB0620,Amethyst.Suki.Norris@dtaa.com,,,Zelenia.Lydia.Boyer@dtaa.com,,33071,0
{M0E1-A5GN05YM-4960KIBX},2010-10-25 09:41:03.0,ZLB0620,Emi.Blossom.Richard@dtaa.com;Margaret.Darrel.Cleveland@msn.com,,,Zelenia.Lydia.Boyer@dtaa.com,,28426,0
{L0H6-U9RZ66VZ-2755BGHJ},2010-10-25 17:56:49.0,ZLB0620,Dana.Inga.Leach@dtaa.com,,,Zelenia.Lydia.Boyer@dtaa.com,,31552,0
{E5M9-W2BH78IE-8362GIXW},2010-10-26 12:55:12.0,ZLB0620,Dana.Inga.Leach@dtaa.com,,,Zelenia.Lydia.Boyer@dtaa.com,,35029,0
{G2T2-H9XY75QD-0322GBXD},2010-10-27 13:11:32.0,ZLB0620,Benedict.Ivan.Rowe@dtaa.com,,,Zelenia.Lydia.Boyer@dtaa.com,,27677,0
{Z4O6-L8VW19UR-7582WJYQ},2010-10-27 14:37:01.0,ZLB0620,Cherokee.Athena.Horn@dtaa.com,,,Zelenia.Lydia.Boyer@dtaa.com,,33251,0
{C5W7-J6RG27IB-8124TFTG},2010-10-27 14:59:20.0,ZLB0620,Dana.Inga.Leach@dtaa.com;Benedict.Ivan.Rowe@dtaa.com,,,Zelenia.Lydia.Boyer@dtaa.com,,27291,0
{B7Q8-S9ZX01PX-9020XMDU},2010-10-28 17:23:38.0,ZLB0620,Amethyst.Suki.Norris@dtaa.com;Karleigh.Candace.Lowe@dtaa.com,,,Zelenia.Lydia.Boyer@dtaa.com,,37373,0
{H6T6-Y8YV12MC-2886NAZQ},2010-10-29 10:56:12.0,ZLB0620,Dana.Inga.Leach@dtaa.com,,,Zelenia.Lydia.Boyer@dtaa.com,,43111,0
{L6P3-Q3HU31IV-0279IEWI},2010-10-29 12:24:34.0,ZLB0620,William.Abel.Wiley@dtaa.com;Price.Brady.Dickerson@hotmail.com,,,Zelenia.Lydia.Boyer@dtaa.com,,43292,0
{J9J9-R4YD64TH-7719IEBN},2010-11-01 12:28:43.0,ZLB0620,Dana.Inga.Leach@dtaa.com;Quemby.Charity.Dudley@dtaa.com,,,Zelenia.Lydia.Boyer@dtaa.com,,29573,0
{O1J6-Z3BA42BJ-1652SPVE},2010-11-01 17:12:14.0,ZLB0620,William.Abel.Wiley@dtaa.com,,,Zelenia.Lydia.Boyer@dtaa.com,,21768,0
{W5T4-Z5GX20DP-2237SCJH},2010-11-02 12:10:55.0,ZLB0620,William.Leroy.Sharpe@msn.com,,,Zelenia.Lydia.Boyer@dtaa.com,,51780,2
{Q7W2-F0DI46AB-7434PABV},2010-11-03 13:10:52.0,ZLB0620,Stephen.Timothy.Waters@dtaa.com,,,Zelenia.Lydia.Boyer@dtaa.com,,30231,0
{S1J4-Z2OI17UD-9907XNGI},2010-11-04 17:18:35.0,ZLB0620,Dana.Inga.Leach@dtaa.com;James.Colby.Glenn@comcast.net,,,Zelenia.Lydia.Boyer@dtaa.com,,18490,0
{P6E5-S9ZV31LM-7590QYCE},2010-11-05 11:48:42.0,ZLB0620,Palmer.Josiah.Young@dtaa.com;Price.Brady.Dickerson@hotmail.com;Arden.Yoshio.Joyner@juno.com,,,Zelenia.Lydia.Boyer@dtaa.com,,15129,0
{X8P4-Q2XR53LV-2685LEPZ},2010-11-05 15:11:22.0,ZLB0620,Dana.Inga.Leach@dtaa.com;Zelenia.Neve.Snider@dtaa.com,,,Zelenia.Lydia.Boyer@dtaa.com,,23847,1
{S5Z6-D2LC07IF-7806EXBK},2010-11-05 16:49:26.0,ZLB0620,Russell.Sawyer.Russell@dtaa.com;Benedict.Ivan.Rowe@dtaa.com,,,Zelenia.Lydia.Boyer@dtaa.com,,36983,2
{F6D9-U5BZ99BG-6410SFOD},2010-11-09 08:40:05.0,ZLB0620,Price.Brady.Dickerson@hotmail.com,,,Zelenia.Lydia.Boyer@dtaa.com,,38880,0
{T2H5-O7WB44FN-0793JKAF},2010-11-10 14:35:36.0,ZLB0620,Price.Brady.Dickerson@hotmail.com,,,Zelenia.Lydia.Boyer@dtaa.com,,25546,0
{T2S0-Y3LL50BD-1250GSEM},2010-11-11 13:32:55.0,ZLB0620,Price.Brady.Dickerson@hotmail.com,,,Zelenia.Lydia.Boyer@dtaa.com,,27857,0
{B2Z3-E5IF48ZK-4429HMRJ},2010-11-11 15:12:33.0,ZLB0620,Price.Brady.Dickerson@hotmail.com,,,Zelenia.Lydia.Boyer@dtaa.com,,28083,0
{E9Y6-F7KY36KP-4693IVNK},2010-11-12 11:27:36.0,ZLB0620,Benedict.Ivan.Rowe@dtaa.com,,,Zelenia.Lydia.Boyer@dtaa.com,,29753,0
{D8L0-K2HA12XN-9093ZGEK},2010-11-15 12:44:43.0,ZLB0620,William.Abel.Wiley@dtaa.com,,,Zelenia.Lydia.Boyer@dtaa.com,,32604,2
{H3K8-L2WL82TG-6421TFMQ},2010-11-16 08:31:06.0,ZLB0620,Price.Brady.Dickerson@hotmail.com,,,Zelenia.Lydia.Boyer@dtaa.com,,19637,0
{D9H4-A8XV84AB-4073YIGZ},2010-11-16 11:24:27.0,ZLB0620,Dana.Inga.Leach@dtaa.com,,,Zelenia.Lydia.Boyer@dtaa.com,,33303,0
{O8D3-S9XP27VK-3639ZAPQ},2010-11-17 09:23:29.0,ZLB0620,Kitra.Jenette.Chambers@dtaa.com,,,Zelenia.Lydia.Boyer@dtaa.com,,38338,0
{E1B7-H5MG62QW-7046QPFO},2010-11-17 18:06:56.0,ZLB0620,Armando.Hakeem.Hart@comcast.net,,,Zelenia.Lydia.Boyer@dtaa.com,,30236,0
{I2Y3-U8QI46KP-7826VMCG},2010-11-18 09:59:47.0,ZLB0620,Benedict.Ivan.Rowe@dtaa.com;Margaret.Darrel.Cleveland@msn.com,,,Zelenia.Lydia.Boyer@dtaa.com,,25638,0
{F4S0-L8ML37JL-1264NFCR},2010-11-19 13:43:26.0,ZLB0620,William.Abel.Wiley@dtaa.com,,,Zelenia.Lydia.Boyer@dtaa.com,,35890,0
{Y5R7-Z0QH39BD-0283MIVW},2010-11-22 09:17:14.0,ZLB0620,Allen.Chandler.Stephenson@dtaa.com;Amethyst.Suki.Norris@dtaa.com;Dana.Inga.Leach@dtaa.com,,,Zelenia.Lydia.Boyer@dtaa.com,,15775,0
{H7X2-U2FV43QR-8710PUVI},2010-11-22 17:55:02.0,ZLB0620,Price.Brady.Dickerson@hotmail.com,,,Zelenia.Lydia.Boyer@dtaa.com,,43658,0
{T9Q3-B9SP53NZ-7297ZWNE},2010-11-23 09:36:29.0,ZLB0620,Patrick.Paul.Robles@dtaa.com,,,Zelenia.Lydia.Boyer@dtaa.com,,20575,0
{U9U5-G9HE86GY-9131NSTU},2010-11-24 09:50:36.0,ZLB0620,Ferdinand.Leonard.Roth@dtaa.com,,,Zelenia.Lydia.Boyer@dtaa.com,,22499,0
{I5R9-Q2FW28KH-8005MMKC},2010-11-29 16:51:08.0,ZLB0620,Price.Brady.Dickerson@hotmail.com,,,Zelenia.Lydia.Boyer@dtaa.com,,26800,0
{D6K3-M1SE25SI-1782CPHN},2010-11-30 18:03:38.0,ZLB0620,William.Abel.Wiley@dtaa.com,,,Zelenia.Lydia.Boyer@dtaa.com,,24753,0
{F9E3-D5YZ35BA-7628PIJQ},2010-12-01 10:21:36.0,ZLB0620,Willow.Winifred.Mcgowan@dtaa.com,,,Zelenia.Lydia.Boyer@dtaa.com,,25415,0
{Z6J7-V3GG06BF-2590CNNB},2010-12-03 08:16:21.0,ZLB0620,Price.Brady.Dickerson@hotmail.com,,,Zelenia.Lydia.Boyer@dtaa.com,,20281,2
{V7A1-H0NG71UW-3237BBPY},2010-12-06 15:48:58.0,ZLB0620,Helen.Brooke.Buchanan@dtaa.com,,,Zelenia.Lydia.Boyer@dtaa.com,,57982,0
{N9F5-T9VM37LJ-6972UHOH},2010-12-07 09:03:03.0,ZLB0620,Dana.Inga.Leach@dtaa.com,,,Zelenia.Lydia.Boyer@dtaa.com,,43164,0
{K7L9-R9SS43XL-6970QKPF},2010-12-07 13:39:27.0,ZLB0620,Price.Brady.Dickerson@hotmail.com,,,Zelenia.Lydia.Boyer@dtaa.com,,26660,0
{C2B8-T8JW52LC-2165AJVO},2010-12-08 07:23:17.0,ZLB0620,William.Abel.Wiley@dtaa.com,,,Zelenia.Lydia.Boyer@dtaa.com,,60039,1
{H1L1-J2NS96IQ-5422CGDZ},2010-12-08 16:01:28.0,ZLB0620,Amethyst.Suki.Norris@dtaa.com,,,Zelenia.Lydia.Boyer@dtaa.com,,32483,0
{P2Q4-Q7FM68HU-8454SORI},2010-12-13 10:00:29.0,ZLB0620,Lawrence.Mark.Harrington@dtaa.com,,,Zelenia.Lydia.Boyer@dtaa.com,,34814,0
{J6X7-N5YL44BF-1550YMOC},2010-12-13 13:09:15.0,ZLB0620,William.Leroy.Sharpe@msn.com;Price.Brady.Dickerson@hotmail.com,,,Zelenia.Lydia.Boyer@dtaa.com,,31690,0
{Y6G2-K0WS21IG-9642UOHP},2010-12-14 07:55:30.0,ZLB0620,Kevin.Gareth.Joyner@optonline.net,,,Zelenia.Lydia.Boyer@dtaa.com,,31665,0
{O5G1-Z6LB24RV-0512SDBI},2010-12-14 10:49:19.0,ZLB0620,Christen.Tashya.Rodgers@dtaa.com,,,Zelenia.Lydia.Boyer@dtaa.com,,33350,0
{S3O8-R6IA44EX-0330WAAO},2010-12-16 13:04:19.0,ZLB0620,Dana.Inga.Leach@dtaa.com;Georgia.Madison.Preston@dtaa.com,,,Zelenia.Lydia.Boyer@dtaa.com,,36959,0
{F8A3-O3YN39VR-6102XSRY},2010-12-16 14:02:09.0,ZLB0620,William.Abel.Wiley@dtaa.com,,,Zelenia.Lydia.Boyer@dtaa.com,,27744,0
{B2A4-R0AL69WT-6710YNAS},2010-12-17 12:02:28.0,ZLB0620,William.Abel.Wiley@dtaa.com,,,Zelenia.Lydia.Boyer@dtaa.com,,32287,0
{Q8G3-L3OK43LZ-6179KNFD},2010-12-20 07:38:18.0,ZLB0620,Amethyst.Suki.Norris@dtaa.com,,,Zelenia.Lydia.Boyer@dtaa.com,,41037,0
{S5Q4-S9TO62TX-8568NTCH},2010-12-22 11:20:29.0,ZLB0620,Gabriel.Camden.Joseph@dtaa.com,,,Zelenia.Lydia.Boyer@dtaa.com,,52804,1
{U0T9-X8KP83UP-6377WDHT},2010-12-27 17:23:48.0,ZLB0620,Dana.Inga.Leach@dtaa.com,,,Zelenia.Lydia.Boyer@dtaa.com,,14354,0
{B5Y7-R2YB11BV-4479DQST},2010-12-28 16:20:45.0,ZLB0620,Amethyst.Suki.Norris@dtaa.com;Tyler.Richard.Todd@bellsouth.net,,,Zelenia.Lydia.Boyer@dtaa.com,,27795,3
{R5P4-C9UR82BF-5403PLLP},2010-12-29 17:09:47.0,ZLB0620,Cora.Maggy.Wise@dtaa.com;Benedict.Ivan.Rowe@dtaa.com;Price.Rashad.Manning@hotmail.com;Price.Brady.Dickerson@hotmail.com,,,Zelenia.Lydia.Boyer@dtaa.com,,19906,0
{H3G1-D9NI08UM-7440CKBK},2010-12-30 17:20:51.0,ZLB0620,Holmes.Francis.Foley@dtaa.com;Price.Brady.Dickerson@hotmail.com,,,Zelenia.Lydia.Boyer@dtaa.com,,30285,0
{S9G6-C0PH97NN-3959RVQG},2011-01-03 10:33:19.0,ZLB0620,Amethyst.Suki.Norris@dtaa.com,,,Zelenia.Lydia.Boyer@dtaa.com,,24648,2
{Z6D9-T2YR27VA-0881QZIL},2011-01-04 14:55:51.0,ZLB0620,Price.Brady.Dickerson@hotmail.com,,,Zelenia.Lydia.Boyer@dtaa.com,,34930,0
{X1M6-I4BL21IB-5228XINO},2011-01-05 10:43:42.0,ZLB0620,Tara.Elizabeth.Chen@dtaa.com,,,Zelenia.Lydia.Boyer@dtaa.com,,24727,0
{A1L9-Q6QI35NV-3089LSDJ},2011-01-05 15:46:39.0,ZLB0620,Rhea.Lacey.Harmon@dtaa.com,,,Zelenia.Lydia.Boyer@dtaa.com,,22758,0
{S6J7-P2HY33BC-7207WRRB},2011-01-06 08:38:04.0,ZLB0620,Price.Brady.Dickerson@hotmail.com,,,Zelenia.Lydia.Boyer@dtaa.com,,23090,0
{N2Y5-F4WA82DP-3242OEXN},2011-01-06 13:25:31.0,ZLB0620,Tana.Kyra.Campos@netzero.com,,,Zelenia.Lydia.Boyer@dtaa.com,,19870,0
{M7Z8-I0AW54QT-4638UHVZ},2011-01-11 15:54:49.0,ZLB0620,Jada.Joan.Mack@bellsouth.net,,,Zelenia.Lydia.Boyer@dtaa.com,,15387,0
{J1N0-C5ZG56VR-9369UIDH},2011-01-11 17:49:43.0,ZLB0620,Harper.Lawrence.Knox@msn.com,,,Zelenia.Lydia.Boyer@dtaa.com,,24949,0
{N1S2-X0CG28XB-0024PYRH},2011-01-13 16:37:12.0,ZLB0620,Guy.Caesar.Finch@dtaa.com;Price.Brady.Dickerson@hotmail.com,,,Zelenia.Lydia.Boyer@dtaa.com,,27050,0
{M5K1-V6GO91NO-3048DMRH},2011-01-14 11:26:10.0,ZLB0620,Joel.Ezra.Parks@dtaa.com,,,Zelenia.Lydia.Boyer@dtaa.com,,25728,0
{L8D6-S3HT80UP-8951AWYW},2011-01-17 07:46:28.0,ZLB0620,Duncan.Akeem.Nunez@yahoo.com,,,Zelenia.Lydia.Boyer@dtaa.com,,15423,0
{C3I6-W5VH19OV-5986RCFI},2011-01-17 08:08:54.0,ZLB0620,Price.Brady.Dickerson@hotmail.com,,,Zelenia.Lydia.Boyer@dtaa.com,,23218,0
{A0P8-Y3OO10JH-5416HJOO},2011-01-17 18:02:15.0,ZLB0620,William.Abel.Wiley@dtaa.com,,,Zelenia.Lydia.Boyer@dtaa.com,,25583,0
{L1T9-M7TK01TC-5350MHMG},2011-01-18 17:12:22.0,ZLB0620,Dominic.Jamal.Jacobson@earthlink.net,,,Zelenia.Lydia.Boyer@dtaa.com,,33669,0
{V7X1-T4KZ86YP-1690AQDG},2011-01-19 10:13:49.0,ZLB0620,Nyssa.Zephr.Tyler@dtaa.com;Dalton.Nicholas.Buchanan@netzero.com,,,Zelenia.Lydia.Boyer@dtaa.com,,48389,0
{B7O5-N7EP17NU-7623QION},2011-01-20 09:05:53.0,ZLB0620,Price.Brady.Dickerson@hotmail.com,,,Zelenia.Lydia.Boyer@dtaa.com,,14634,0
{J9O5-K2DV38SB-4521NFAP},2011-01-20 14:35:58.0,ZLB0620,George.Tad.Foster@dtaa.com;Driscoll.Jin.Dotson@charter.net,,,Zelenia.Lydia.Boyer@dtaa.com,,27179,0
{D2Z4-A5UC86VF-5986AHSU},2011-01-21 13:50:52.0,ZLB0620,Benedict.Ivan.Rowe@dtaa.com,,,Zelenia.Lydia.Boyer@dtaa.com,,17518,0
{O9F0-P6JZ73MZ-2533AVDJ},2011-01-24 07:17:32.0,ZLB0620,Dana.Inga.Leach@dtaa.com,,,Zelenia.Lydia.Boyer@dtaa.com,,48509,0
{U6D5-L6JZ17FM-7622EUPN},2011-01-24 16:27:31.0,ZLB0620,William.Abel.Wiley@dtaa.com;Casey.Adena.Butler@dtaa.com,,,Zelenia.Lydia.Boyer@dtaa.com,,30239,0
{M8V3-Q8AE41SF-5729HZOP},2011-01-25 08:05:59.0,ZLB0620,Price.Brady.Dickerson@hotmail.com,,,Zelenia.Lydia.Boyer@dtaa.com,,24862,0
{O9A2-L7BZ32SI-1131OUDQ},2011-01-25 11:27:09.0,ZLB0620,Price.Rashad.Manning@hotmail.com,,,Zelenia.Lydia.Boyer@dtaa.com,,18416,0
{I3D3-F8KN38LZ-0407VBUD},2011-01-26 13:37:23.0,ZLB0620,Sloane.Martha.Mcleod@dtaa.com,,,Zelenia.Lydia.Boyer@dtaa.com,,29249,0
{N9L1-L4FN91XS-5949XOUW},2011-01-27 12:29:45.0,ZLB0620,Amethyst.Suki.Norris@dtaa.com,,,Zelenia.Lydia.Boyer@dtaa.com,,25133,0
{B8V0-E8US10YN-7671BHQL},2011-01-27 16:46:59.0,ZLB0620,Dana.Inga.Leach@dtaa.com,,,Zelenia.Lydia.Boyer@dtaa.com,,33666,0
{X8B2-Z0FL01LZ-2134WZTQ},2011-01-28 14:38:40.0,ZLB0620,Hiram.Alec.Wyatt@bellsouth.net,,,Zelenia.Lydia.Boyer@dtaa.com,,36936,0
{J8G2-V7WZ37PI-2456JDZK},2011-02-01 12:02:09.0,ZLB0620,Amy.Juliet.Galloway@optonline.net,,,Zelenia.Lydia.Boyer@dtaa.com,,22250,0
{L8G0-L3WK96UB-0053NGUL},2011-02-02 08:56:25.0,ZLB0620,Madaline.Pamela.Mcknight@dtaa.com,,,Zelenia.Lydia.Boyer@dtaa.com,,38683,0
{P1H3-H7BE68IL-4919KPNL},2011-02-02 09:48:58.0,ZLB0620,Benedict.Ivan.Rowe@dtaa.com,,,Zelenia.Lydia.Boyer@dtaa.com,,20449,0
{Z5H2-D4YB32TF-2086SJKO},2011-02-03 09:53:02.0,ZLB0620,Price.Brady.Dickerson@hotmail.com,,,Zelenia.Lydia.Boyer@dtaa.com,,60793,0
{P4T6-N5JH52TU-0561ZFCA},2011-02-04 12:52:29.0,ZLB0620,Amethyst.Suki.Norris@dtaa.com,,,Zelenia.Lydia.Boyer@dtaa.com,,30339,0
{Z4P2-S8RE09VW-8502BPPW},2011-02-04 13:39:37.0,ZLB0620,Price.Brady.Dickerson@hotmail.com,,,Zelenia.Lydia.Boyer@dtaa.com,,23892,0
{O3Y4-E0YS11WP-8467HKTW},2011-02-08 09:41:15.0,ZLB0620,Buffy.Meredith.Giles@dtaa.com,,,Zelenia.Lydia.Boyer@dtaa.com,,23186,0
{L9I4-V1YF11LS-4087VKJV},2011-02-08 12:01:24.0,ZLB0620,Dana.Inga.Leach@dtaa.com,,,Zelenia.Lydia.Boyer@dtaa.com,,25659,0
{D9P4-W8XN12IM-9488EOZW},2011-02-10 09:30:19.0,ZLB0620,Dana.Inga.Leach@dtaa.com;William.Leroy.Sharpe@msn.com,,,Zelenia.Lydia.Boyer@dtaa.com,,17117,0
{C4N4-A5QO48GB-9848DFBV},2011-02-14 12:43:16.0,ZLB0620,Margaret.Darrel.Cleveland@msn.com,,,Zelenia.Lydia.Boyer@dtaa.com,,26839,0
{P9D6-X7IU52QG-1561BPFZ},2011-02-15 15:05:45.0,ZLB0620,Dana.Inga.Leach@dtaa.com,,,Zelenia.Lydia.Boyer@dtaa.com,,18407,0
{Q5C8-A7FG07SS-0782ODRB},2011-02-15 17:36:34.0,ZLB0620,Lars.Scott.Hatfield@dtaa.com;Amethyst.Suki.Norris@dtaa.com,,,Zelenia.Lydia.Boyer@dtaa.com,,34919,0
{S7S9-P8IX83WQ-4843TSPR},2011-02-16 07:47:11.0,ZLB0620,Amethyst.Suki.Norris@dtaa.com,,,Zelenia.Lydia.Boyer@dtaa.com,,38111,0
{A4Z5-C3NH42QA-3832IULZ},2011-02-16 12:34:22.0,ZLB0620,Price.Brady.Dickerson@hotmail.com,,,Zelenia.Lydia.Boyer@dtaa.com,,27711,2
{I8U9-J7UL08GN-7134VOFM},2011-02-16 15:42:28.0,ZLB0620,Amethyst.Suki.Norris@dtaa.com,,,Zelenia.Lydia.Boyer@dtaa.com,,23719,1
{D1X3-C0JF11KO-9032LZJI},2011-02-17 14:08:55.0,ZLB0620,Uriel.Kermit.Wall@dtaa.com,,,Zelenia.Lydia.Boyer@dtaa.com,,29275,0
{A7E1-M5ZZ90AK-0291IRJF},2011-02-17 15:40:06.0,ZLB0620,Benedict.Ivan.Rowe@dtaa.com;Colette.Eden.Foley@dtaa.com,,,Zelenia.Lydia.Boyer@dtaa.com,,68446,1
{H0G6-G3ON88XB-3383SZQF},2011-02-21 09:44:05.0,ZLB0620,Joseph.Denton.Fernandez@harris.com,,,Zelenia.Lydia.Boyer@dtaa.com,,45196,0
{Y9Z1-H5YU31II-8023DNXQ},2011-02-24 13:36:23.0,ZLB0620,Amethyst.Suki.Norris@dtaa.com,,,Zelenia.Lydia.Boyer@dtaa.com,,47394,0
{Z3M1-O1OA47JZ-4982EQAJ},2011-02-25 10:12:21.0,ZLB0620,Ciaran.Theodore.Maxwell@dtaa.com;Perry.Reese.Morton@dtaa.com,,,Zelenia.Lydia.Boyer@dtaa.com,,23533,1
{W0E4-N9DD36XI-1143QDSZ},2011-02-25 11:56:09.0,ZLB0620,Tyler.Richard.Todd@bellsouth.net,,,Zelenia.Lydia.Boyer@dtaa.com,,31959,0
{U6E9-M0YD69CG-5949RXKX},2011-02-28 07:56:49.0,ZLB0620,Driscoll.Jin.Dotson@charter.net,,,Zelenia.Lydia.Boyer@dtaa.com,,18108,0
{F8H2-R0KC81PD-4220UCPT},2011-02-28 10:40:59.0,ZLB0620,Benedict.Ivan.Rowe@dtaa.com,,,Zelenia.Lydia.Boyer@dtaa.com,,19180,1
{Z9Y9-S1LG39OR-2305YEFR},2011-03-01 08:09:57.0,ZLB0620,Xanthus.Malachi.Larson@dtaa.com,,,Zelenia.Lydia.Boyer@dtaa.com,,27932,0
{D1M3-O6AE59DC-1709VQQW},2011-03-01 15:00:34.0,ZLB0620,Benedict.Ivan.Rowe@dtaa.com,,,Zelenia.Lydia.Boyer@dtaa.com,,43216,0
{N7I3-R1JI47AO-8125VBVW},2011-03-02 08:43:29.0,ZLB0620,Yen.Echo.Velez@dtaa.com,,,Zelenia.Lydia.Boyer@dtaa.com,,36200,0
{E5W8-T3CN10DP-2760NFWG},2011-03-02 12:51:44.0,ZLB0620,Kaden.Tarik.Giles@dtaa.com,,,Zelenia.Lydia.Boyer@dtaa.com,,26621,3
{A2J7-F6BD16ER-0286WXPE},2011-03-02 12:59:48.0,ZLB0620,Benedict.Ivan.Rowe@dtaa.com,,,Zelenia.Lydia.Boyer@dtaa.com,,30620,0
{F2X8-N0QW54JT-3071ISON},2011-03-03 12:11:18.0,ZLB0620,Price.Brady.Dickerson@hotmail.com,,,Zelenia.Lydia.Boyer@dtaa.com,,35785,0
{E5W7-J9JC13VX-5597NKUQ},2011-03-03 12:43:48.0,ZLB0620,Amethyst.Suki.Norris@dtaa.com;Ivory.Ann.Shelton@dtaa.com,,,Zelenia.Lydia.Boyer@dtaa.com,,23273,0
{F7S4-D3NB09IX-7511HABK},2011-03-04 10:35:31.0,ZLB0620,William.Abel.Wiley@dtaa.com;Amethyst.Suki.Norris@dtaa.com,,,Zelenia.Lydia.Boyer@dtaa.com,,23876,1
{X7R0-Y2NF53QN-9796UPCS},2011-03-04 14:14:07.0,ZLB0620,Melvin.Alec.Delgado@dtaa.com;Ross.Dean.Sharpe@dtaa.com;Margaret.Darrel.Cleveland@msn.com,,,Zelenia.Lydia.Boyer@dtaa.com,,18809,1
{B2G1-Q9WE04CM-1340EOHC},2011-03-07 13:17:12.0,ZLB0620,Caleb.Leroy.Mccoy@dtaa.com,,,Zelenia.Lydia.Boyer@dtaa.com,,32481,0
{X2B5-E1MO59XK-4318JANC},2011-03-07 14:43:35.0,ZLB0620,Price.Brady.Dickerson@hotmail.com,,,Zelenia.Lydia.Boyer@dtaa.com,,31974,0
{E1R3-J8ER00LJ-4430FWOI},2011-03-07 16:42:51.0,ZLB0620,Price.Brady.Dickerson@hotmail.com,,,Zelenia.Lydia.Boyer@dtaa.com,,28167,1
{B6G1-Q9NC40KM-6599WFGR},2011-03-10 12:57:56.0,ZLB0620,Wallace.Mannix.Deleon@dtaa.com;William.Abel.Wiley@dtaa.com,,,Zelenia.Lydia.Boyer@dtaa.com,,42723,1
{K9M8-J9VO28OM-2891XFKP},2011-03-10 13:01:24.0,ZLB0620,Eve.Wyoming.Jefferson@harris.com,,,Zelenia.Lydia.Boyer@dtaa.com,,21582,0
{Z2E1-R4RE38OC-3013MPIV},2011-03-11 08:37:04.0,ZLB0620,Price.Brady.Dickerson@hotmail.com,,,Zelenia.Lydia.Boyer@dtaa.com,,31694,0
{H1Y2-R6VK05SS-4864NONZ},2011-03-14 14:43:17.0,ZLB0620,Amethyst.Suki.Norris@dtaa.com,,,Zelenia.Lydia.Boyer@dtaa.com,,24901,0
{M6N1-H2DF22VG-8929SVQN},2011-03-15 10:05:02.0,ZLB0620,Xena.Uma.Gibson@dtaa.com;Madeline.Mia.Schultz@dtaa.com,,,Zelenia.Lydia.Boyer@dtaa.com,,21989,0
{J8F0-L8HU19VK-6607XDIC},2011-03-16 10:04:59.0,ZLB0620,Price.Brady.Dickerson@hotmail.com,,,Zelenia.Lydia.Boyer@dtaa.com,,24518,0
{N6C8-Z3CY28ZS-0610IOCH},2011-03-16 12:26:46.0,ZLB0620,Price.Brady.Dickerson@hotmail.com,,,Zelenia.Lydia.Boyer@dtaa.com,,50777,0
{A1U1-O2KA97BV-1381DHKS},2011-03-16 12:32:48.0,ZLB0620,William.Abel.Wiley@dtaa.com,,,Zelenia.Lydia.Boyer@dtaa.com,,28830,0
{I8K9-D9KD07TK-9834EKJL},2011-03-17 11:41:13.0,ZLB0620,Ryder.Ivan.Bowers@dtaa.com;William.Leroy.Sharpe@msn.com,,,Zelenia.Lydia.Boyer@dtaa.com,,23905,0
{L4P6-A4UQ45CZ-5767UUHJ},2011-03-18 14:18:05.0,ZLB0620,William.Abel.Wiley@dtaa.com,,,Zelenia.Lydia.Boyer@dtaa.com,,27520,0
{D5R9-T4MH24QX-6406XWCB},2011-03-18 17:04:59.0,ZLB0620,Breanna.Leila.Alexander@dtaa.com;Danielle.Quon.Mosley@dtaa.com;William.Abel.Wiley@dtaa.com,,,Zelenia.Lydia.Boyer@dtaa.com,,43773,0
{H8G3-F7LZ59KU-5906ETBR},2011-03-21 11:30:35.0,ZLB0620,Baker.Vladimir.Wells@dtaa.com,,,Zelenia.Lydia.Boyer@dtaa.com,,25532,0
{S0X0-D2QP31NG-1263FMZT},2011-03-21 14:04:40.0,ZLB0620,Casey.Adena.Butler@dtaa.com;Tyler.Richard.Todd@bellsouth.net,,,Zelenia.Lydia.Boyer@dtaa.com,,24074,0
{A7K1-H4EI23YZ-1844HTCJ},2011-03-22 11:06:06.0,ZLB0620,Tana.Kyra.Campos@netzero.com,,,Zelenia.Lydia.Boyer@dtaa.com,,32198,0
{A8W6-P2OQ49KQ-3439WQVP},2011-03-22 16:43:03.0,ZLB0620,William.Abel.Wiley@dtaa.com,,,Zelenia.Lydia.Boyer@dtaa.com,,24562,0
{Y7L8-D1AY23LO-3698ECWQ},2011-03-23 16:56:36.0,ZLB0620,Ahmed.Quinlan.Melton@dtaa.com,,,Zelenia.Lydia.Boyer@dtaa.com,,23328,0
{X3Q9-S9QV13PN-6525AXSF},2011-03-25 11:00:21.0,ZLB0620,Zeph.Ezekiel.Richards@msn.com;Lucian.Herman.Gibbs@gmail.com,,,Zelenia.Lydia.Boyer@dtaa.com,,25357,0
{D0Y4-W2DY99UQ-8703SYSJ},2011-03-25 16:25:02.0,ZLB0620,Benedict.Ivan.Rowe@dtaa.com,,,Zelenia.Lydia.Boyer@dtaa.com,,17672,0
{X3L1-I7IK22HQ-9405JOZD},2011-03-28 17:38:15.0,ZLB0620,Ocean.Clementine.Long@dtaa.com,,,Zelenia.Lydia.Boyer@dtaa.com,,19990,0
{Y0P2-B4SV04FQ-2329RKNO},2011-03-29 08:54:45.0,ZLB0620,Amethyst.Suki.Norris@dtaa.com,,,Zelenia.Lydia.Boyer@dtaa.com,,23106,0
{U7R7-X4OC49YM-8642RLHO},2011-03-30 09:54:02.0,ZLB0620,Danielle.Alisa.Montgomery@aol.com,,,Zelenia.Lydia.Boyer@dtaa.com,,27984,0
{K8F9-Y7PW11RA-8436AXLG},2011-03-30 12:51:02.0,ZLB0620,Urielle.Alexis.Bartlett@dtaa.com,,,Zelenia.Lydia.Boyer@dtaa.com,,44934,0
{P6J8-P1TA09ZZ-9544UNWA},2011-03-31 08:31:55.0,ZLB0620,Francesca.Aimee.Mendoza@dtaa.com;Price.Brady.Dickerson@hotmail.com,,,Zelenia.Lydia.Boyer@dtaa.com,,60256,0
{U2T1-F2OV58CE-7750RQYV},2011-04-01 11:29:29.0,ZLB0620,Amy.Juliet.Galloway@optonline.net,,,Zelenia.Lydia.Boyer@dtaa.com,,33568,0
{O9O7-R4HL58BO-1556TQEM},2011-04-01 11:46:36.0,ZLB0620,Amethyst.Suki.Norris@dtaa.com,,,Zelenia.Lydia.Boyer@dtaa.com,,28129,0
{P0R2-E7VM23JU-5153YCHH},2011-04-01 12:49:06.0,ZLB0620,Dana.Inga.Leach@dtaa.com;William.Abel.Wiley@dtaa.com,,,Zelenia.Lydia.Boyer@dtaa.com,,38459,1
{R7L1-O6YG08DH-3569QHSJ},2011-04-04 14:29:23.0,ZLB0620,Benedict.Ivan.Rowe@dtaa.com,,,Zelenia.Lydia.Boyer@dtaa.com,,23309,0
{E7R7-F0RF86RR-1541WRMG},2011-04-05 14:54:35.0,ZLB0620,Price.Brady.Dickerson@hotmail.com,,,Zelenia.Lydia.Boyer@dtaa.com,,28124,2
{W9K7-F4NF63WK-2307AWFA},2011-04-07 13:29:29.0,ZLB0620,Benedict.Ivan.Rowe@dtaa.com,,,Zelenia.Lydia.Boyer@dtaa.com,,28583,0
{T8U5-A7CS46SK-0049EJQZ},2011-04-07 15:18:09.0,ZLB0620,Price.Brady.Dickerson@hotmail.com,,,Zelenia.Lydia.Boyer@dtaa.com,,25467,0
{S6U1-B1IP49FK-9179OAKL},2011-04-08 12:40:30.0,ZLB0620,Dana.Inga.Leach@dtaa.com,,,Zelenia.Lydia.Boyer@dtaa.com,,41680,0
{Z1P3-W7BM41LN-2064GIJC},2011-04-08 13:14:39.0,ZLB0620,Anastasia.Tamekah.Gaines@dtaa.com;Price.Brady.Dickerson@hotmail.com,,,Zelenia.Lydia.Boyer@dtaa.com,,29500,0
{S0O8-S9SJ65PH-6548IRIN},2011-04-11 11:34:19.0,ZLB0620,Cole.Thaddeus.Ellison@dtaa.com,,,Zelenia.Lydia.Boyer@dtaa.com,,20636,0
{J2B8-O8UP23NN-9855HIVQ},2011-04-11 15:06:39.0,ZLB0620,Amethyst.Suki.Norris@dtaa.com,,,Zelenia.Lydia.Boyer@dtaa.com,,25569,0
{K1F5-B4EK77VJ-7248PCED},2011-04-12 10:43:39.0,ZLB0620,William.Abel.Wiley@dtaa.com,,,Zelenia.Lydia.Boyer@dtaa.com,,31869,0
{F6E2-T8UR01KR-4046XTWF},2011-04-12 17:54:18.0,ZLB0620,Tana.Kyra.Campos@netzero.com,,,Zelenia.Lydia.Boyer@dtaa.com,,29083,0
{C5M5-H8XQ30KD-1316YKCB},2011-04-13 11:08:26.0,ZLB0620,Adrienne.Joelle.Mclean@dtaa.com,,,Zelenia.Lydia.Boyer@dtaa.com,,35468,2
{Q7W2-A7KS66YF-5735JDSK},2011-04-14 09:09:18.0,ZLB0620,Dana.Inga.Leach@dtaa.com,,,Zelenia.Lydia.Boyer@dtaa.com,,37688,1
{P9G4-Y3BR70TE-2005MENW},2011-04-18 08:02:17.0,ZLB0620,Benedict.Ivan.Rowe@dtaa.com,,,Zelenia.Lydia.Boyer@dtaa.com,,28688,0
{E4T6-D9ZU37JN-3066IKRO},2011-04-18 09:54:02.0,ZLB0620,Wade.Casey.Elliott@bellsouth.net,,,Zelenia.Lydia.Boyer@dtaa.com,,17528,0
{L7Q2-X7CN90GY-9792BNQJ},2011-04-18 12:52:58.0,ZLB0620,Damon.Rashad.Weaver@dtaa.com,,,Zelenia.Lydia.Boyer@dtaa.com,,27583,0
{T8J1-Q8KH61ZU-1657JJLQ},2011-04-20 09:58:12.0,ZLB0620,William.Abel.Wiley@dtaa.com,,,Zelenia.Lydia.Boyer@dtaa.com,,25180,0
{T2Z2-G0TJ08TM-2453XUOT},2011-04-20 11:10:39.0,ZLB0620,Amy.Juliet.Galloway@optonline.net,,,Zelenia.Lydia.Boyer@dtaa.com,,25137,0
{U6X3-P9GL80AN-0742TRXW},2011-04-20 11:19:54.0,ZLB0620,Price.Brady.Dickerson@hotmail.com,,,Zelenia.Lydia.Boyer@dtaa.com,,38274,0
{P7N9-M0ID10ZO-4207NJIN},2011-04-21 13:49:25.0,ZLB0620,James.Ivor.Bowen@dtaa.com;Shaine.Alexa.Cobb@dtaa.com,,,Zelenia.Lydia.Boyer@dtaa.com,,38184,0
{A7S3-C6BK99RY-1408GLTB},2011-04-21 15:32:27.0,ZLB0620,Dean.Harper.Witt@dtaa.com,,,Zelenia.Lydia.Boyer@dtaa.com,,32058,0
{H1Q8-R7FL11CI-9123XKRH},2011-04-26 12:32:39.0,ZLB0620,Tyler.Richard.Todd@bellsouth.net,,,Zelenia.Lydia.Boyer@dtaa.com,,36607,2
{S7S7-A8EB74YF-0706GNLJ},2011-04-28 16:35:53.0,ZLB0620,Dana.Inga.Leach@dtaa.com,,,Zelenia.Lydia.Boyer@dtaa.com,,59253,0
{T8K6-J1YO00GR-5499HUNA},2011-04-28 18:12:22.0,ZLB0620,Price.Brady.Dickerson@hotmail.com,,,Zelenia.Lydia.Boyer@dtaa.com,,23976,0
{L5T4-N7JV07CL-9442VNLN},2011-04-29 11:05:58.0,ZLB0620,Tyler.Richard.Todd@bellsouth.net,,,Zelenia.Lydia.Boyer@dtaa.com,,24094,0
{A4X6-Y5NK01BQ-8795XMOC},2011-05-03 09:43:34.0,ZLB0620,William.Leroy.Sharpe@msn.com,,,Zelenia.Lydia.Boyer@dtaa.com,,31408,0
{K0R0-B0UU00BR-3684PXOD},2011-05-04 15:29:06.0,ZLB0620,Margaret.Darrel.Cleveland@msn.com,,,Zelenia.Lydia.Boyer@dtaa.com,,17398,0
{O9Y4-T7QN08FF-1125AYXO},2011-05-05 09:04:45.0,ZLB0620,Price.Rashad.Manning@hotmail.com,,,Zelenia.Lydia.Boyer@dtaa.com,,32260,0
{L5X9-N8AX77IP-7077MZJR},2011-05-05 09:33:07.0,ZLB0620,Benedict.Ivan.Rowe@dtaa.com,,,Zelenia.Lydia.Boyer@dtaa.com,,12094,0
{W2E4-Y3HS85DV-4109WLKV},2011-05-06 14:14:20.0,ZLB0620,Dennis.Carson.Mendoza@dtaa.com,,,Zelenia.Lydia.Boyer@dtaa.com,,16702,0
{H7H4-K2QK56PF-4745LMGO},2011-05-09 14:37:22.0,ZLB0620,Amethyst.Suki.Norris@dtaa.com,,,Zelenia.Lydia.Boyer@dtaa.com,,38577,0
{S9S8-P9YT01OL-2321YHXJ},2011-05-10 16:30:05.0,ZLB0620,Albert.Colt.Wiggins@dtaa.com;Price.Brady.Dickerson@hotmail.com,,,Zelenia.Lydia.Boyer@dtaa.com,,25843,0
{W1R7-P0XG34VQ-3493XXDZ},2011-05-11 10:47:08.0,ZLB0620,Lucy.Anika.Valenzuela@dtaa.com,,,Zelenia.Lydia.Boyer@dtaa.com,,51461,0
