"21c1381e-e7b9-4dc0-a6fd-db7bef8b8e86","2010-01-06 11:18:00.000000","LRF1572","Rebecca.Blythe.Booker@dtaa.com","N","N","Lisandra.Ramona.Foreman@dtaa.com","868","0"
"fa85f283-4e4e-414d-8fb7-dc2eda461f37","2010-01-11 15:48:00.000000","LRF1572","Rebecca.Blythe.Booker@dtaa.com","N","N","Lisandra.Ramona.Foreman@dtaa.com","1319","0"
"7a8c21ce-2b9b-4748-a760-f1c480c50703","2010-01-11 15:48:00.000000","LRF1572","Rebecca.Blythe.Booker@dtaa.com","N","N","Lisandra.Ramona.Foreman@dtaa.com","1319","0"
"30c2c53e-8193-485e-8630-78a8238ef2f2","2010-01-06 11:18:00.000000","LRF1572","Rebecca.Blythe.Booker@dtaa.com","N","N","Lisandra.Ramona.Foreman@dtaa.com","868","0"
"11db6c50-66f6-48eb-be0e-95b78ca8c0c8","2010-01-06 11:18:00.000000","LRF1572","Rebecca.Blythe.Booker@dtaa.com","N","N","Lisandra.Ramona.Foreman@dtaa.com","868","0"
"f92f9976-7d7f-4434-8c78-6fd7f104743d","2010-01-11 15:48:00.000000","LRF1572","Rebecca.Blythe.Booker@dtaa.com","N","N","Lisandra.Ramona.Foreman@dtaa.com","1319","0"
"5c562bd4-e42b-4c63-b19e-a9a79d55dd36","2010-01-06 11:18:00.000000","LRF1572","Rebecca.Blythe.Booker@dtaa.com","N","N","Lisandra.Ramona.Foreman@dtaa.com","868","0"
"37bc4fb3-e26d-4488-b255-3aab8bf12875","2010-01-11 15:48:00.000000","LRF1572","Rebecca.Blythe.Booker@dtaa.com","N","N","Lisandra.Ramona.Foreman@dtaa.com","1319","0"
"ff422f05-dac6-4675-8739-f7c8b25f8026","2010-01-11 15:48:00.000000","LRF1572","Rebecca.Blythe.Booker@dtaa.com","N","N","Lisandra.Ramona.Foreman@dtaa.com","1319","0"
"209fb66b-39de-4103-a7e0-a5ee24cd6505","2010-06-15 14:23:00.000000","LRF1572","fmdutton@aep.com","N","N","Lisandra.Ramona.Foreman@dtaa.com","491","0"
"ac2f5370-c18f-455f-ae35-f689306ee053","2010-06-21 08:56:00.000000","LRF1572","Xantha.Felicia.Lyons@dtaa.com","N","N","Lisandra.Ramona.Foreman@dtaa.com","381","0"
"d740e600-4d5a-4cad-bcfd-c76881a513d8","2010-06-21 09:32:00.000000","LRF1572","rmadden@gibbs-bruns.com","N","N","Lisandra.Ramona.Foreman@dtaa.com","73","0"
"05503bf4-206f-4b8a-8d32-164ac7d7e21f","2010-01-04 09:49:00.000000","LRF1572","Xantha.Felicia.Lyons@dtaa.com","N","N","Lisandra.Ramona.Foreman@dtaa.com","470","0"
"b97a4351-f515-432e-a8d3-f64357b047ea","2010-01-05 09:08:00.000000","LRF1572","Gisela.Kaden.Buchanan@dtaa.com","N","N","Lisandra.Ramona.Foreman@dtaa.com","278","0"
"ba0b8a31-fcdf-4b9d-af14-932fbd6f4f01","2010-01-05 11:53:00.000000","LRF1572","Brielle.Aubrey.Oneill@dtaa.com","N","N","Lisandra.Ramona.Foreman@dtaa.com","1092","0"
"ee72d3d8-e780-486e-ab2d-51253409ca16","2010-01-05 13:46:00.000000","LRF1572","gacox@gsi-net.com","N","N","Lisandra.Ramona.Foreman@dtaa.com","50","0"
"287a1874-6f2f-4615-9cd2-62f771dde89b","2010-01-06 11:18:00.000000","LRF1572","Rebecca.Blythe.Booker@dtaa.com","N","N","Lisandra.Ramona.Foreman@dtaa.com","868","0"
"e587d55e-3e5e-4493-9c1d-ead02964d920","2010-01-10 11:16:00.000000","LRF1572","Brielle.Aubrey.Oneill@dtaa.com","N","N","Lisandra.Ramona.Foreman@dtaa.com","2862","0"
"7d858616-c2db-43d6-8fb0-764022b08a51","2010-01-10 14:20:00.000000","LRF1572","Benjamin.Sylvester.Brown@dtaa.com","N","N","Lisandra.Ramona.Foreman@dtaa.com","1209","0"
"89a2fc90-2baa-42df-92bd-ab3682456202","2010-01-11 11:27:00.000000","LRF1572","Brielle.Aubrey.Oneill@dtaa.com","N","N","Lisandra.Ramona.Foreman@dtaa.com","333","0"
"5833b304-91fc-430a-9252-7abfe96e635e","2010-01-11 15:48:00.000000","LRF1572","Rebecca.Blythe.Booker@dtaa.com","N","N","Lisandra.Ramona.Foreman@dtaa.com","1319","0"
"baa6636c-47c5-42e2-892f-86069cf5091f","2010-01-17 09:17:00.000000","LRF1572","Xantha.Felicia.Lyons@dtaa.com","N","N","Lisandra.Ramona.Foreman@dtaa.com","3042","0"
"e83a521f-7f90-42d2-913d-43a0dd8c29f6","2010-01-17 09:22:00.000000","LRF1572","Xantha.Felicia.Lyons@dtaa.com","N","N","Lisandra.Ramona.Foreman@dtaa.com","436","0"
"ad197cc8-2e1e-4254-ba1b-6bb2018e1a30","2010-01-17 09:32:00.000000","LRF1572","Xantha.Felicia.Lyons@dtaa.com","N","N","Lisandra.Ramona.Foreman@dtaa.com","871","0"
"b0541d1b-9ecf-4170-bd22-07f70c6be963","2010-01-17 10:56:00.000000","LRF1572","Pamela.Paloma.Poole@dtaa.com","N","N","Lisandra.Ramona.Foreman@dtaa.com","1938","0"
"a931b878-15bb-4bc6-ba7e-85fe63c26477","2010-01-17 14:23:00.000000","LRF1572","Jonathan.Neil.Rosales@dtaa.com","N","N","Lisandra.Ramona.Foreman@dtaa.com","118","0"
"0f5cc67c-3e2f-458e-85ac-ae5c78ef6188","2010-01-18 11:29:00.000000","LRF1572","Hiroko.Tana.Christian@dtaa.com","N","N","Lisandra.Ramona.Foreman@dtaa.com","50","0"
"31d3440e-2654-4583-9108-642f99cbbd92","2010-01-18 14:53:00.000000","LRF1572","Brielle.Aubrey.Oneill@dtaa.com","N","N","Lisandra.Ramona.Foreman@dtaa.com","1381","0"
"c05e34db-2555-4ff6-93dd-6daa0a357ff7","2010-01-19 09:20:00.000000","LRF1572","George.Octavius.Rich@dtaa.com","N","N","Lisandra.Ramona.Foreman@dtaa.com","58","0"
"31ef5159-4575-435a-9828-e035291f4b8b","2010-01-19 13:28:00.000000","LRF1572","Virginia.Nelle.Heath@dtaa.com","N","N","Lisandra.Ramona.Foreman@dtaa.com","217","0"
"a37dd204-6449-455c-8d47-733a7cb8540c","2010-01-19 13:51:00.000000","LRF1572","Beatrice.Britanney.Hines@dtaa.com","N","N","Lisandra.Ramona.Foreman@dtaa.com","1567","0"
"07ac93a5-87da-4f9b-9a31-f59634e57952","2010-01-19 14:48:00.000000","LRF1572","Brielle.Aubrey.Oneill@dtaa.com","N","N","Lisandra.Ramona.Foreman@dtaa.com","1316","0"
"3f638200-e00e-4458-9dc3-0718fa0252e3","2010-01-19 15:09:00.000000","LRF1572","mitchell@zoomlaw.com","N","N","Lisandra.Ramona.Foreman@dtaa.com","135","0"
"5a2facc4-baf2-4fe5-acad-67181bba83e4","2010-01-24 15:08:00.000000","LRF1572","Asher.Garrett.Sheppard@dtaa.com","N","N","Lisandra.Ramona.Foreman@dtaa.com","861","0"
"48ac3a83-d769-4b66-b62d-44244e733c5b","2010-01-24 15:08:00.000000","LRF1572","Asher.Garrett.Sheppard@dtaa.com","N","N","Lisandra.Ramona.Foreman@dtaa.com","1536","0"
"5bd3a8b6-dc54-4b77-bacc-72ec61e0caa6","2010-01-24 15:09:00.000000","LRF1572","Asher.Garrett.Sheppard@dtaa.com","N","N","Lisandra.Ramona.Foreman@dtaa.com","2168","0"
"e24b8fe6-cac8-4e5e-ad68-e0e4ac3ffcb8","2010-01-24 15:11:00.000000","LRF1572","Benjamin.Sylvester.Brown@dtaa.com","N","N","Lisandra.Ramona.Foreman@dtaa.com","2160","0"
"1d2deccd-2128-43c2-b649-fbe210a5eed3","2010-01-24 15:39:00.000000","LRF1572","Brielle.Aubrey.Oneill@dtaa.com","N","N","Lisandra.Ramona.Foreman@dtaa.com","2053","0"
"823bb548-17a1-41ce-9c8c-cb34949caf4d","2010-01-24 15:39:00.000000","LRF1572","Asher.Garrett.Sheppard@dtaa.com","N","N","Lisandra.Ramona.Foreman@dtaa.com","684","0"
"6f2a6085-b09a-47bc-b074-f49b39058e5a","2010-01-25 09:03:00.000000","LRF1572","Nerea.Whitney.Higgins@dtaa.com","N","N","Lisandra.Ramona.Foreman@dtaa.com","11","0"
"e0550a4c-91d8-400d-97ef-11f147ebfdc9","2010-01-25 09:46:00.000000","LRF1572","Asher.Garrett.Sheppard@dtaa.com","N","N","Lisandra.Ramona.Foreman@dtaa.com","1536","0"
"e3400069-dd19-4e89-bc59-60e7c3531fe2","2010-01-25 16:35:00.000000","LRF1572","Rebecca.Blythe.Booker@dtaa.com","N","N","Lisandra.Ramona.Foreman@dtaa.com","678","0"
"375c6aed-95f6-4a7b-ba9c-8c80a1267266","2010-01-26 16:04:00.000000","LRF1572","Xantha.Felicia.Lyons@dtaa.com","N","N","Lisandra.Ramona.Foreman@dtaa.com","556","0"
"00d02c4a-616e-4893-a097-fe7416d7e6ff","2010-01-26 17:17:00.000000","LRF1572","Nicolas.Luke.Sellers@dtaa.com","N","N","Lisandra.Ramona.Foreman@dtaa.com","554","0"
"8db918ad-72ab-4da5-962c-4da5647d63c2","2010-01-27 08:37:00.000000","LRF1572","Nathaniel.Paul.Klein@dtaa.com","N","N","Lisandra.Ramona.Foreman@dtaa.com","35","0"
"75d761d0-5343-425c-a9b0-7cfde5b32b7f","2010-01-31 09:46:00.000000","LRF1572","Xantha.Felicia.Lyons@dtaa.com","N","N","Lisandra.Ramona.Foreman@dtaa.com","1267","0"
"3a2b0cfa-0a04-4ab0-ad9d-8a793af95436","2010-02-02 10:04:00.000000","LRF1572","mitchell@zoomlaw.com","N","N","Lisandra.Ramona.Foreman@dtaa.com","76","0"
"305ab9f9-1c5b-4c89-a9db-1ff093c909c3","2010-02-02 11:51:00.000000","LRF1572","b00325@edit.martindale.com","N","N","Lisandra.Ramona.Foreman@dtaa.com","48","0"
"c92b6e8f-15c8-4ae3-846a-9d6f84ab1500","2010-02-02 15:17:00.000000","LRF1572","Xantha.Felicia.Lyons@dtaa.com","N","N","Lisandra.Ramona.Foreman@dtaa.com","7426","0"
"314ef3a9-3e08-4603-964d-1c3a70a5d057","2010-02-03 11:09:00.000000","LRF1572","Xantha.Felicia.Lyons@dtaa.com","N","N","Lisandra.Ramona.Foreman@dtaa.com","267","0"
"45e919ab-334b-4cfc-862f-dee5ff9ea174","2010-02-08 10:28:00.000000","LRF1572","Benjamin.Sylvester.Brown@dtaa.com","N","N","Lisandra.Ramona.Foreman@dtaa.com","1043","0"
"981ac502-6b1d-49d3-b07c-d588e7b1d474","2010-06-22 16:27:00.000000","LRF1572","Gisela.Kaden.Buchanan@dtaa.com","N","N","Lisandra.Ramona.Foreman@dtaa.com","197","0"
"7f790812-4563-4405-89c5-6905edbec069","2010-02-08 10:29:00.000000","LRF1572","Asher.Garrett.Sheppard@dtaa.com","N","N","Lisandra.Ramona.Foreman@dtaa.com","1043","0"
"4278841d-5887-4e73-bf09-c18bd725ab73","2010-02-08 16:46:00.000000","LRF1572","Hamilton.Hyatt.Kirkland@dtaa.com","N","N","Lisandra.Ramona.Foreman@dtaa.com","177","0"
"4c2ddb9d-7ec0-4e92-92a1-0dd1eacfc2b6","2010-02-09 12:02:00.000000","LRF1572","Xantha.Felicia.Lyons@dtaa.com","N","N","Lisandra.Ramona.Foreman@dtaa.com","376","0"
"253adab0-5654-49c9-8f6e-daea83244216","2010-02-09 12:29:00.000000","LRF1572","Benjamin.Sylvester.Brown@dtaa.com","N","N","Lisandra.Ramona.Foreman@dtaa.com","779","0"
"239e2a2e-cade-49a1-80ac-d10f847733f7","2010-02-09 15:58:00.000000","LRF1572","Sylvester.Xenos.Owen@dtaa.com","N","N","Lisandra.Ramona.Foreman@dtaa.com","3321","0"
"4e750dac-2e17-4250-afba-81306c984818","2010-02-14 08:56:00.000000","LRF1572","Gisela.Kaden.Buchanan@dtaa.com","N","N","Lisandra.Ramona.Foreman@dtaa.com","19","0"
"647588f3-3a3b-40b6-9d89-961b1740161f","2010-02-14 14:53:00.000000","LRF1572","Gisela.Kaden.Buchanan@dtaa.com","N","N","Lisandra.Ramona.Foreman@dtaa.com","3077","0"
"eb4b0506-f0bf-41a6-9eb4-665d48e20dc3","2010-02-14 16:45:00.000000","LRF1572","akatz@eei.org","N","N","Lisandra.Ramona.Foreman@dtaa.com","505","0"
"cbe82262-3ce8-4708-8d79-0041f14a3d34","2010-02-15 08:52:00.000000","LRF1572","mitchell@zoomlaw.com","N","N","Lisandra.Ramona.Foreman@dtaa.com","94","0"
"6ddb8fa3-9996-40a6-bcd8-c76d17dba6f9","2010-02-15 11:19:00.000000","LRF1572","Xantha.Felicia.Lyons@dtaa.com","N","N","Lisandra.Ramona.Foreman@dtaa.com","1209","0"
"d82cc8f6-8787-42b8-8c80-86350648ab6d","2010-02-15 14:08:00.000000","LRF1572","mitchell@zoomlaw.com","N","N","Lisandra.Ramona.Foreman@dtaa.com","43","0"
"958652f2-0a51-4d18-a132-08b6fc5afddd","2010-02-15 16:49:00.000000","LRF1572","Xantha.Felicia.Lyons@dtaa.com","N","N","Lisandra.Ramona.Foreman@dtaa.com","575","0"
"7b4d5cff-a3bf-4348-b362-53ab6501dd64","2010-02-17 11:26:00.000000","LRF1572","Xantha.Felicia.Lyons@dtaa.com","N","N","Lisandra.Ramona.Foreman@dtaa.com","476","0"
"822b3acc-564c-492e-8e5a-72b858912578","2010-02-17 13:04:00.000000","LRF1572","Ashton.Emmanuel.Barrett@dtaa.com","N","N","Lisandra.Ramona.Foreman@dtaa.com","853","0"
"7f309705-bf9a-435f-a648-727610de3811","2010-02-17 13:35:00.000000","LRF1572","fred.cohagan@enron.com","N","N","Lisandra.Ramona.Foreman@dtaa.com","90","0"
"a208f241-30b1-43e4-aee9-394dda7d5b53","2010-02-22 10:25:00.000000","LRF1572","Pamela.Paloma.Poole@dtaa.com","N","N","Lisandra.Ramona.Foreman@dtaa.com","1024","0"
"f3bbe1bf-228c-40c3-81ca-4e2d77c22823","2010-02-22 13:55:00.000000","LRF1572","Nicolas.Luke.Sellers@dtaa.com","N","N","Lisandra.Ramona.Foreman@dtaa.com","122","0"
"271f0a41-f795-4668-9d03-72aee8e97385","2010-02-23 09:44:00.000000","LRF1572","Benjamin.Sylvester.Brown@dtaa.com","N","N","Lisandra.Ramona.Foreman@dtaa.com","966","0"
"004e2eca-6b29-4a9a-8db8-fd26f4766fb0","2010-02-23 17:42:00.000000","LRF1572","jklauber@llgm.com","N","N","Lisandra.Ramona.Foreman@dtaa.com","58","0"
"850f2bad-0ae1-4e6b-a98b-d970b39d3587","2010-02-24 14:36:00.000000","LRF1572","james.fallon@enron.com","N","N","Lisandra.Ramona.Foreman@dtaa.com","508","0"
"784f1109-34dd-49d4-98cf-23a5ca5e0bef","2010-02-24 15:07:00.000000","LRF1572","akatz@eei.org","N","N","Lisandra.Ramona.Foreman@dtaa.com","1305","0"
"8166a93b-4c39-46e2-bf93-f9514abd48d9","2010-02-24 15:20:00.000000","LRF1572","Benjamin.Sylvester.Brown@dtaa.com","N","N","Lisandra.Ramona.Foreman@dtaa.com","984","0"
"dc5b3ca8-093e-43fc-b87e-3226cb04ccd7","2010-02-24 15:27:00.000000","LRF1572","Brielle.Aubrey.Oneill@dtaa.com","N","N","Lisandra.Ramona.Foreman@dtaa.com","1291","0"
"00c7eed5-8784-4f90-bcc0-debc3ff9ec16","2010-02-28 08:53:00.000000","LRF1572","Nicolas.Luke.Sellers@dtaa.com","N","N","Lisandra.Ramona.Foreman@dtaa.com","1630","0"
"cce07b1f-57c1-4228-be26-99b6ca352991","2010-02-28 08:57:00.000000","LRF1572","Nicolas.Luke.Sellers@dtaa.com","N","N","Lisandra.Ramona.Foreman@dtaa.com","541","0"
"46cfb793-7fa6-4d05-853e-8d282caa678b","2010-02-28 09:07:00.000000","LRF1572","Xantha.Felicia.Lyons@dtaa.com","N","N","Lisandra.Ramona.Foreman@dtaa.com","2660","0"
"2afd69a4-2ef4-4ddc-bafa-293f655c7ec8","2010-02-28 10:11:00.000000","LRF1572","Iona.Kendall.Allison@dtaa.com","N","N","Lisandra.Ramona.Foreman@dtaa.com","2633","0"
"7b84d0a4-8f80-4de0-9600-fd2874c03f8a","2010-02-28 10:13:00.000000","LRF1572","Iona.Kendall.Allison@dtaa.com","N","N","Lisandra.Ramona.Foreman@dtaa.com","2847","0"
"75f1e57a-5e18-4e22-b87e-f58df5440735","2010-02-28 10:27:00.000000","LRF1572","Nicolas.Luke.Sellers@dtaa.com","N","N","Lisandra.Ramona.Foreman@dtaa.com","43","0"
"85a578da-aa31-4f27-aa3d-6123b6b72674","2010-02-28 10:39:00.000000","LRF1572","Benjamin.Sylvester.Brown@dtaa.com","N","N","Lisandra.Ramona.Foreman@dtaa.com","5313","0"
"53a6ac67-7e3f-4d27-9cd4-5c28aac6385d","2010-02-28 11:40:00.000000","LRF1572","Nicolas.Luke.Sellers@dtaa.com","N","N","Lisandra.Ramona.Foreman@dtaa.com","62","0"
"74dba54a-95ab-470e-acb8-8f8ebe77d6c7","2010-02-28 12:44:00.000000","LRF1572","akatz@eei.org","N","N","Lisandra.Ramona.Foreman@dtaa.com","40","0"
"f91594ce-f1c9-485f-aed1-5965c1bd5b32","2010-02-28 12:47:00.000000","LRF1572","Benjamin.Sylvester.Brown@dtaa.com","N","N","Lisandra.Ramona.Foreman@dtaa.com","5318","0"
"254d192c-384a-437a-9bb0-be99637018f6","2010-02-28 12:51:00.000000","LRF1572","Nicolas.Luke.Sellers@dtaa.com","N","N","Lisandra.Ramona.Foreman@dtaa.com","97","0"
"a9a64b92-710c-47d6-bedf-47417a6d87bc","2010-02-28 12:53:00.000000","LRF1572","Nicolas.Luke.Sellers@dtaa.com","N","N","Lisandra.Ramona.Foreman@dtaa.com","57","0"
"dc3268ea-3e7d-4806-b7c6-7bf3b0602859","2010-02-28 13:10:00.000000","LRF1572","jklauber@llgm.com","N","N","Lisandra.Ramona.Foreman@dtaa.com","95","0"
"86c87241-1937-4a86-93b1-57c3911c1a1b","2010-03-01 13:48:00.000000","LRF1572","Xantha.Felicia.Lyons@dtaa.com","N","N","Lisandra.Ramona.Foreman@dtaa.com","2407","0"
"82818424-4c30-4f9e-a5f1-91b4530b7f29","2010-03-01 14:22:00.000000","LRF1572","Quinlan.Rudyard.James@dtaa.com","N","N","Lisandra.Ramona.Foreman@dtaa.com","1008","0"
"1a891695-bb8a-4cfd-9edf-1b8d6d99a5aa","2010-03-02 09:40:00.000000","LRF1572","Xantha.Felicia.Lyons@dtaa.com","N","N","Lisandra.Ramona.Foreman@dtaa.com","841","0"
"0b0c1bc0-8b52-4b42-b072-97909b57999f","2010-03-02 10:39:00.000000","LRF1572","Lars.Ferris.Clark@dtaa.com","N","N","Lisandra.Ramona.Foreman@dtaa.com","1545","0"
"a6f0d88c-b8e4-496b-9209-824a9b9e5ebd","2010-03-02 14:17:00.000000","LRF1572","Xantha.Felicia.Lyons@dtaa.com","N","N","Lisandra.Ramona.Foreman@dtaa.com","1081","0"
"68cdb6f8-5071-4861-98f6-50ec85c446aa","2010-03-02 14:21:00.000000","LRF1572","Xantha.Felicia.Lyons@dtaa.com","N","N","Lisandra.Ramona.Foreman@dtaa.com","2678","0"
"864a3717-73a8-4717-a644-757f6f1536d7","2010-03-02 16:34:00.000000","LRF1572","Theodore.Victor.Campos@dtaa.com","N","N","Lisandra.Ramona.Foreman@dtaa.com","67","0"
"4ed23130-25be-41eb-ac7a-5b3be6f44631","2010-03-06 09:33:00.000000","LRF1572","Xantha.Felicia.Lyons@dtaa.com","N","N","Lisandra.Ramona.Foreman@dtaa.com","1305","0"
"b2842fe3-6937-4e69-9cdd-acad3bda5e82","2010-03-06 09:33:00.000000","LRF1572","Xantha.Felicia.Lyons@dtaa.com","N","N","Lisandra.Ramona.Foreman@dtaa.com","1859","0"
"dc9096de-26c8-436f-9d4e-cd8a1cd691b4","2010-03-06 09:34:00.000000","LRF1572","Xantha.Felicia.Lyons@dtaa.com","N","N","Lisandra.Ramona.Foreman@dtaa.com","1963","0"
"1e4a8263-5aef-47d6-baca-7d5445cace5f","2010-03-06 12:43:00.000000","LRF1572","gacox@gsi-net.com","N","N","Lisandra.Ramona.Foreman@dtaa.com","285","0"
"a209b9bf-0af4-4bf4-a95d-475e85336b87","2010-03-06 13:49:00.000000","LRF1572","Xantha.Felicia.Lyons@dtaa.com","N","N","Lisandra.Ramona.Foreman@dtaa.com","711","0"
"bc33305c-27fd-4e6c-8d05-d6e114351114","2010-03-06 13:51:00.000000","LRF1572","Xantha.Felicia.Lyons@dtaa.com","N","N","Lisandra.Ramona.Foreman@dtaa.com","825","0"
"b6fd5344-4148-4fdd-ac0d-26201475db51","2010-03-08 14:38:00.000000","LRF1572","Brielle.Aubrey.Oneill@dtaa.com","N","N","Lisandra.Ramona.Foreman@dtaa.com","386","0"
"4b65082f-c204-43df-b72d-33ff3c9f3ca7","2010-03-08 14:41:00.000000","LRF1572","Xantha.Felicia.Lyons@dtaa.com","N","N","Lisandra.Ramona.Foreman@dtaa.com","696","0"
"29d7957a-b78a-4579-b1f4-f3224413440f","2010-03-08 14:42:00.000000","LRF1572","Brielle.Aubrey.Oneill@dtaa.com","N","N","Lisandra.Ramona.Foreman@dtaa.com","476","0"
"29ac7cfd-c914-474e-8981-a643be198ee6","2010-03-09 14:06:00.000000","LRF1572","Xantha.Felicia.Lyons@dtaa.com","N","N","Lisandra.Ramona.Foreman@dtaa.com","396","0"
"a1c63359-8843-4809-ab73-1a559358ebea","2010-03-09 14:08:00.000000","LRF1572","Xantha.Felicia.Lyons@dtaa.com","N","N","Lisandra.Ramona.Foreman@dtaa.com","1599","0"
"0bfa6ece-4126-44a6-b484-9ad2f3cef27f","2010-03-09 16:52:00.000000","LRF1572","Gisela.Kaden.Buchanan@dtaa.com","N","N","Lisandra.Ramona.Foreman@dtaa.com","451","0"
"e6955df0-2512-4fb7-8717-dc0f4733f63c","2010-03-13 09:06:00.000000","LRF1572","Asher.Garrett.Sheppard@dtaa.com","N","N","Lisandra.Ramona.Foreman@dtaa.com","1856","0"
"1ced678b-7b73-4aa0-94a0-79d66055a6bf","2010-03-13 09:46:00.000000","LRF1572","Asher.Garrett.Sheppard@dtaa.com","N","N","Lisandra.Ramona.Foreman@dtaa.com","846","0"
"3164a15a-ac97-4b11-b2f3-9c13e18c4f48","2010-03-13 15:03:00.000000","LRF1572","Xantha.Felicia.Lyons@dtaa.com","N","N","Lisandra.Ramona.Foreman@dtaa.com","499","0"
"0985e5e5-0610-49af-b171-50a4f0027b88","2010-03-13 15:19:00.000000","LRF1572","Nerea.Whitney.Higgins@dtaa.com","N","N","Lisandra.Ramona.Foreman@dtaa.com","1856","0"
"a0dcd670-85ea-43ad-bf71-730e152e1557","2010-03-15 11:17:00.000000","LRF1572","Brielle.Aubrey.Oneill@dtaa.com","N","N","Lisandra.Ramona.Foreman@dtaa.com","651","0"
"f614396b-44af-44d5-bdac-84ecba3e66f4","2010-03-15 11:31:00.000000","LRF1572","grant.cox@enron.com","N","N","Lisandra.Ramona.Foreman@dtaa.com","4029","0"
"95c60e9c-c856-4d24-9bef-b99d84e77c1e","2010-03-15 11:34:00.000000","LRF1572","gacox@gsi-net.com","N","N","Lisandra.Ramona.Foreman@dtaa.com","4041","0"
"78e32605-1fbd-4689-9e6d-eb2d3e17fb16","2010-03-15 16:20:00.000000","LRF1572","Nerea.Whitney.Higgins@dtaa.com","N","N","Lisandra.Ramona.Foreman@dtaa.com","449","0"
"c82f498c-3be8-47c8-8181-b11cd4dbffbb","2010-03-16 08:38:00.000000","LRF1572","gacox@mail.gsi-net.com","N","N","Lisandra.Ramona.Foreman@dtaa.com","26","0"
"5e421c06-ff90-43f2-8c9a-d8969f8dabcf","2010-03-16 13:24:00.000000","LRF1572","gacox@mail.gsi-net.com","N","N","Lisandra.Ramona.Foreman@dtaa.com","149","0"
"fab820c5-4bdd-410c-99d1-166017a3d10f","2010-03-20 14:20:00.000000","LRF1572","gacox@gsi-net.com","N","N","Lisandra.Ramona.Foreman@dtaa.com","314","0"
"ab9a1eb2-51a7-4532-8c8b-62d756733e77","2010-03-20 14:23:00.000000","LRF1572","gacox@gsi-net.com","N","N","Lisandra.Ramona.Foreman@dtaa.com","241","0"
"86628f1c-4eca-420b-b43d-d0cc8a62a328","2010-03-22 12:49:00.000000","LRF1572","Jerry.Cody.Hess@dtaa.com","N","N","Lisandra.Ramona.Foreman@dtaa.com","1465","0"
"e5340db6-135e-458b-b69b-2adf605c9a43","2010-03-23 10:18:00.000000","LRF1572","Robert.Kendall.Hendrix@dtaa.com","N","N","Lisandra.Ramona.Foreman@dtaa.com","1193","0"
"daf041ea-d061-44fe-a9d6-867e104caaf5","2010-03-23 14:22:00.000000","LRF1572","gacox@gsi-net.com","N","N","Lisandra.Ramona.Foreman@dtaa.com","239","0"
"faaad3fb-0c35-406c-9d06-8fc82282c04f","2010-03-27 09:28:00.000000","LRF1572","Xantha.Felicia.Lyons@dtaa.com","N","N","Lisandra.Ramona.Foreman@dtaa.com","2161","0"
"c95d8528-75dc-4750-a1eb-c1d0f6cd18f8","2010-03-27 10:06:00.000000","LRF1572","Xantha.Felicia.Lyons@dtaa.com","N","N","Lisandra.Ramona.Foreman@dtaa.com","1483","0"
"cfa2e55f-fd1d-49a4-9181-f3207400be53","2010-03-28 10:00:00.000000","LRF1572","Benjamin.Sylvester.Brown@dtaa.com","N","N","Lisandra.Ramona.Foreman@dtaa.com","3151","0"
"2eb4acbd-522e-406f-a047-54a4acfadb7d","2010-03-28 10:03:00.000000","LRF1572","Lisandra.Ramona.Foreman@dtaa.com","N","N","Lisandra.Ramona.Foreman@dtaa.com","85","0"
"ba243f68-6c7c-4cc5-8176-24f918fa4292","2010-03-28 11:17:00.000000","LRF1572","Xantha.Felicia.Lyons@dtaa.com","N","N","Lisandra.Ramona.Foreman@dtaa.com","620","0"
"643d5547-2667-4c0e-bf72-ab2aa11be9d6","2010-03-28 14:13:00.000000","LRF1572","mitchell@zoomlaw.com","N","N","Lisandra.Ramona.Foreman@dtaa.com","405","0"
"41c95895-bcba-4f4b-b215-b90673385d12","2010-03-28 14:34:00.000000","LRF1572","Asher.Garrett.Sheppard@dtaa.com","N","N","Lisandra.Ramona.Foreman@dtaa.com","580","0"
"81266b1e-9bea-4b20-bfce-0b18b1f0fa72","2010-03-29 14:06:00.000000","LRF1572","Brenden.Macon.Alvarado@dtaa.com","N","N","Lisandra.Ramona.Foreman@dtaa.com","1801","0"
"19a77bc1-dab4-4539-b31e-4a90c580b089","2010-03-29 14:07:00.000000","LRF1572","Xantha.Felicia.Lyons@dtaa.com","N","N","Lisandra.Ramona.Foreman@dtaa.com","751","0"
"e6a1e0ed-a98b-4224-b040-03aa3880fe6e","2010-03-30 08:25:00.000000","LRF1572","gdavid@mdck.com","N","N","Lisandra.Ramona.Foreman@dtaa.com","148","0"
"7497e17e-cbce-44c6-b05e-1f98ac9d3518","2010-06-28 15:35:00.000000","LRF1572","smiller@drrhr.com","N","N","Lisandra.Ramona.Foreman@dtaa.com","584","0"
"ecbeb0db-31d3-405a-9956-ae0357167cc4","2010-03-30 08:32:00.000000","LRF1572","drusso@reliantenergy.com","N","N","Lisandra.Ramona.Foreman@dtaa.com","382","0"
"3b8b6495-71b1-40c5-b712-c50a9366fa51","2010-03-30 12:32:00.000000","LRF1572","Holmes.Ahmed.Griffin@dtaa.com","N","N","Lisandra.Ramona.Foreman@dtaa.com","306","0"
"89fa4db3-ab81-445a-bcf0-ffd34917193a","2010-03-30 13:10:00.000000","LRF1572","Bo.Yvonne.Leblanc@dtaa.com","N","N","Lisandra.Ramona.Foreman@dtaa.com","573","0"
"8dd38b66-ef4e-42ec-bb12-b42817915dbb","2010-04-04 08:43:00.000000","LRF1572","Xantha.Felicia.Lyons@dtaa.com","N","N","Lisandra.Ramona.Foreman@dtaa.com","593","0"
"210ea053-a3d6-4d9c-a132-7a755b8a8fee","2010-04-04 08:53:00.000000","LRF1572","jklauber@llgm.com","N","N","Lisandra.Ramona.Foreman@dtaa.com","247","0"
"5ce14310-924d-47ec-9f64-d92a6eada2e9","2010-04-04 09:15:00.000000","LRF1572","drusso@reliantenergy.com","N","N","Lisandra.Ramona.Foreman@dtaa.com","237","0"
"9f5ccac1-cd50-4716-9148-2620b373bb85","2010-04-04 13:49:00.000000","LRF1572","Hiroko.Tana.Christian@dtaa.com","N","N","Lisandra.Ramona.Foreman@dtaa.com","250","0"
"843991a2-5969-4ea5-80b2-039bc1662c68","2010-04-04 17:02:00.000000","LRF1572","Lars.Ferris.Clark@dtaa.com","N","N","Lisandra.Ramona.Foreman@dtaa.com","1024","0"
"893814d4-d2a3-45c0-8dad-bf49581b6f7a","2010-04-05 14:24:00.000000","LRF1572","Xantha.Felicia.Lyons@dtaa.com","N","N","Lisandra.Ramona.Foreman@dtaa.com","453","0"
"85962f51-bb18-4724-aed5-3ea2eb5f39b2","2010-04-10 10:02:00.000000","LRF1572","Shafira.Amaya.Berger@dtaa.com","N","N","Lisandra.Ramona.Foreman@dtaa.com","439","0"
"f294ce66-2e62-405f-8f31-516f3bdaf343","2010-04-10 14:27:00.000000","LRF1572","drusso@reliantenergy.com","N","N","Lisandra.Ramona.Foreman@dtaa.com","607","0"
"2f795e9a-d284-46e2-8a13-61f8d8cb1f4a","2010-04-11 11:55:00.000000","LRF1572","Bo.Yvonne.Leblanc@dtaa.com","N","N","Lisandra.Ramona.Foreman@dtaa.com","147","0"
"9ae29bf7-a777-4298-9423-a51bb8d285ca","2010-04-11 11:57:00.000000","LRF1572","drusso@reliantenergy.com","N","N","Lisandra.Ramona.Foreman@dtaa.com","64","0"
"4de46144-e00d-4732-93c2-1b7669570b01","2010-04-11 14:20:00.000000","LRF1572","Xantha.Felicia.Lyons@dtaa.com","N","N","Lisandra.Ramona.Foreman@dtaa.com","669","0"
"ad15461c-1033-409a-b561-58467ee19d3a","2010-04-12 09:41:00.000000","LRF1572","gdavid@mdck.com","N","N","Lisandra.Ramona.Foreman@dtaa.com","13","0"
"b82d271f-0514-4984-85bc-bd3f2df82591","2010-04-12 09:44:00.000000","LRF1572","drusso@reliantenergy.com","N","N","Lisandra.Ramona.Foreman@dtaa.com","275","0"
"394d4b18-2eda-4f6c-8b7a-9aa692ed7a3f","2010-04-13 11:23:00.000000","LRF1572","Xantha.Felicia.Lyons@dtaa.com","N","N","Lisandra.Ramona.Foreman@dtaa.com","562","0"
"3d425c7e-ce42-4698-95ae-a465ea39d51e","2010-04-16 17:29:00.000000","LRF1572","Xantha.Felicia.Lyons@dtaa.com","N","N","Lisandra.Ramona.Foreman@dtaa.com","490","0"
"4db92685-bd05-4a9d-8740-77cbafc5c585","2010-04-16 17:30:00.000000","LRF1572","Xantha.Felicia.Lyons@dtaa.com","N","N","Lisandra.Ramona.Foreman@dtaa.com","1736","0"
"c8cf0c92-a26a-4a39-ad56-660ed22c8eff","2010-04-18 14:05:00.000000","LRF1572","Whoopi.Maite.Maxwell@dtaa.com","N","N","Lisandra.Ramona.Foreman@dtaa.com","550","0"
"990b9854-35db-49f9-9c2d-1984a6512b84","2010-04-18 14:33:00.000000","LRF1572","Xantha.Felicia.Lyons@dtaa.com","N","N","Lisandra.Ramona.Foreman@dtaa.com","1629","0"
"71cbb6ff-bdb7-4c9b-aed9-c9123a748408","2010-04-18 17:00:00.000000","LRF1572","Whoopi.Maite.Maxwell@dtaa.com","N","N","Lisandra.Ramona.Foreman@dtaa.com","554","0"
"63ca4b74-cf91-474a-9293-4f929ac47a3b","2010-04-18 17:01:00.000000","LRF1572","Whoopi.Maite.Maxwell@dtaa.com","N","N","Lisandra.Ramona.Foreman@dtaa.com","849","0"
"742f0f53-1c7c-4e97-985c-b406e50384f0","2010-04-19 08:48:00.000000","LRF1572","Whoopi.Maite.Maxwell@dtaa.com","N","N","Lisandra.Ramona.Foreman@dtaa.com","451","0"
"70ebe6ab-c23a-42d2-97e3-b1da1a932fa3","2010-04-19 11:16:00.000000","LRF1572","Jescie.Kristen.Conley@dtaa.com","N","N","Lisandra.Ramona.Foreman@dtaa.com","38","0"
"955b7313-1f3b-42cb-9ce0-7d0d27bca074","2010-04-19 15:17:00.000000","LRF1572","Xantha.Felicia.Lyons@dtaa.com","N","N","Lisandra.Ramona.Foreman@dtaa.com","935","0"
"20c398fe-4894-4ef4-ae0c-56f4e179c19c","2010-04-20 15:58:00.000000","LRF1572","Vanna.Jaden.Brennan@dtaa.com","N","N","Lisandra.Ramona.Foreman@dtaa.com","326","0"
"301e79e6-5dfa-43fa-bdc3-54d58007935d","2010-04-23 09:02:00.000000","LRF1572","Lars.Ferris.Clark@dtaa.com","N","N","Lisandra.Ramona.Foreman@dtaa.com","1055","0"
"b0d45e79-0203-4d84-9438-a4604fe43eec","2010-04-26 12:47:00.000000","LRF1572","Xantha.Felicia.Lyons@dtaa.com","N","N","Lisandra.Ramona.Foreman@dtaa.com","1791","0"
"cd1e5f0e-974a-4b4e-8518-19f55730c8ed","2010-04-27 08:59:00.000000","LRF1572","drusso@reliantenergy.com","N","N","Lisandra.Ramona.Foreman@dtaa.com","135","0"
"95fd7a7b-2403-4f0f-b65b-5593ba85f2dd","2010-04-27 10:23:00.000000","LRF1572","drusso@reliantenergy.com","N","N","Lisandra.Ramona.Foreman@dtaa.com","16","0"
"4aa955dc-8e8d-4f6c-b17c-229298fdccd9","2010-04-27 12:37:00.000000","LRF1572","Whoopi.Maite.Maxwell@dtaa.com","N","N","Lisandra.Ramona.Foreman@dtaa.com","360","0"
"badb730d-ac48-4a1b-8818-756ba83128f0","2010-04-27 13:20:00.000000","LRF1572","Whoopi.Maite.Maxwell@dtaa.com","N","N","Lisandra.Ramona.Foreman@dtaa.com","412","0"
"7a8a94c2-4877-4766-ada6-560f8c03edf9","2010-04-27 13:56:00.000000","LRF1572","Xantha.Felicia.Lyons@dtaa.com","N","N","Lisandra.Ramona.Foreman@dtaa.com","1105","0"
"d5c1c937-3574-4bb4-98f4-e7f5e19b5d2f","2010-05-01 11:13:00.000000","LRF1572","Pamela.Paloma.Poole@dtaa.com","N","N","Lisandra.Ramona.Foreman@dtaa.com","1564","0"
"e18f5d6d-b888-42e1-82f5-ff6824426668","2010-05-01 11:28:00.000000","LRF1572","Brielle.Aubrey.Oneill@dtaa.com","N","N","Lisandra.Ramona.Foreman@dtaa.com","316","0"
"28cc178f-c2f8-45f0-b2f0-c4b7d6e0195e","2010-05-01 11:57:00.000000","LRF1572","drusso@reliantenergy.com","N","N","Lisandra.Ramona.Foreman@dtaa.com","208","0"
"474a9ce5-d090-4965-8533-21a7222b3d96","2010-05-02 11:21:00.000000","LRF1572","Lars.Ferris.Clark@dtaa.com","N","N","Lisandra.Ramona.Foreman@dtaa.com","760","0"
"38b84e0f-f0d1-4aaf-be69-a74ae756bf1f","2010-05-04 08:23:00.000000","LRF1572","abrock@poloralphlauren.com","N","N","Lisandra.Ramona.Foreman@dtaa.com","57","0"
"ff92856e-e7f1-4edc-a5b2-44ecb292b226","2010-05-04 13:01:00.000000","LRF1572","Kevin.Hop.Patel@dtaa.com","N","N","Lisandra.Ramona.Foreman@dtaa.com","1120","0"
"d84bcc0d-22b1-4456-be5a-4736e558246c","2010-05-04 13:20:00.000000","LRF1572","Erich.Conan.Sims@dtaa.com","N","N","Lisandra.Ramona.Foreman@dtaa.com","123","0"
"2912af88-ca05-437e-8b67-e7041f27e929","2010-05-04 13:23:00.000000","LRF1572","Lars.Ferris.Clark@dtaa.com","N","N","Lisandra.Ramona.Foreman@dtaa.com","748","0"
"5fa2a98c-0ec3-44d8-9cb9-f378a2add983","2010-05-04 17:16:00.000000","LRF1572","drusso@reliantenergy.com","N","N","Lisandra.Ramona.Foreman@dtaa.com","212","0"
"db7827ef-076d-4cdc-8461-757fca2b8e5f","2010-05-08 09:01:00.000000","LRF1572","Mia.Georgia.Berger@dtaa.com","N","N","Lisandra.Ramona.Foreman@dtaa.com","161","0"
"a85fb8df-f9e3-4f89-a630-2510f8a019c3","2010-05-08 09:44:00.000000","LRF1572","Giacomo.Alvin.Alvarez@dtaa.com","N","N","Lisandra.Ramona.Foreman@dtaa.com","1325","0"
"bf82163f-e057-4946-8444-a8512fdea6e7","2010-05-08 13:26:00.000000","LRF1572","Whoopi.Maite.Maxwell@dtaa.com","N","N","Lisandra.Ramona.Foreman@dtaa.com","438","0"
"363d9e44-4fe4-4fd6-96e6-4e86aa912669","2010-05-09 08:49:00.000000","LRF1572","drusso@reliantenergy.com","N","N","Lisandra.Ramona.Foreman@dtaa.com","140","0"
"c2075c5f-fa1c-45f1-9d3d-93c8dcfc01da","2010-05-09 08:51:00.000000","LRF1572","Xantha.Felicia.Lyons@dtaa.com","N","N","Lisandra.Ramona.Foreman@dtaa.com","651","0"
"a76fa831-5eb0-464d-864a-01e6f1bdacbd","2010-05-10 08:45:00.000000","LRF1572","abrock@poloralphlauren.com","N","N","Lisandra.Ramona.Foreman@dtaa.com","386","0"
"d02b6370-3340-421a-87ac-91e3bcc23131","2010-05-10 08:49:00.000000","LRF1572","abrock@poloralphlauren.com","N","N","Lisandra.Ramona.Foreman@dtaa.com","284","0"
"528c3a49-db95-42c9-9c36-c6a4b93b3540","2010-05-10 15:01:00.000000","LRF1572","N","N","N","Lisandra.Ramona.Foreman@dtaa.com","3229","0"
"32738931-888f-48a9-b8e3-243ceb5d4e9b","2010-05-10 15:02:00.000000","LRF1572","Brielle.Aubrey.Oneill@dtaa.com","N","N","Lisandra.Ramona.Foreman@dtaa.com","3268","0"
"ce88fe46-2a8b-4999-bd84-7410a88b5235","2010-05-10 15:08:00.000000","LRF1572","Jerome.Berk.Sellers@dtaa.com","N","N","Lisandra.Ramona.Foreman@dtaa.com","42","0"
"bf2f3124-b0a0-4836-8fc9-7fc510b5d5fc","2010-05-15 09:19:00.000000","LRF1572","Gisela.Kaden.Buchanan@dtaa.com","N","N","Lisandra.Ramona.Foreman@dtaa.com","480","0"
"10950c06-dae9-400d-bd7f-b751ceb35d30","2010-05-15 11:28:00.000000","LRF1572","Lars.Ferris.Clark@dtaa.com","N","N","Lisandra.Ramona.Foreman@dtaa.com","298","0"
"c6a6dad6-a340-4bb8-90c1-5234a0cf38ca","2010-05-17 09:55:00.000000","LRF1572","Whoopi.Maite.Maxwell@dtaa.com","N","N","Lisandra.Ramona.Foreman@dtaa.com","4125","0"
"ad2fe569-31fc-4226-9ae3-266549229523","2010-05-17 09:55:00.000000","LRF1572","Whoopi.Maite.Maxwell@dtaa.com","N","N","Lisandra.Ramona.Foreman@dtaa.com","1175","0"
"cafab1b3-17b1-49c3-932d-b4581c7a7557","2010-05-18 08:49:00.000000","LRF1572","Whoopi.Maite.Maxwell@dtaa.com","N","N","Lisandra.Ramona.Foreman@dtaa.com","209","0"
"9074fad6-a578-4d15-97a7-8db952a3904e","2010-05-18 09:23:00.000000","LRF1572","Whoopi.Maite.Maxwell@dtaa.com","N","N","Lisandra.Ramona.Foreman@dtaa.com","1675","0"
"bb389734-fd44-40f2-aebb-c2a61da7eab5","2010-05-22 08:47:00.000000","LRF1572","Xantha.Felicia.Lyons@dtaa.com","N","N","Lisandra.Ramona.Foreman@dtaa.com","634","0"
"92708d2c-3f21-4d4c-885e-11bba7b212b6","2010-05-23 16:25:00.000000","LRF1572","Brielle.Aubrey.Oneill@dtaa.com","N","N","Lisandra.Ramona.Foreman@dtaa.com","3112","0"
"cacf227d-1bdb-4d9b-830d-91c911625a4c","2010-05-24 08:29:00.000000","LRF1572","jklauber@llgm.com","N","N","Lisandra.Ramona.Foreman@dtaa.com","419","0"
"4c484dc4-d2d7-458a-9b43-8cf7afa7891f","2010-05-24 09:19:00.000000","LRF1572","Xantha.Felicia.Lyons@dtaa.com","N","N","Lisandra.Ramona.Foreman@dtaa.com","1590","0"
"ef1286d9-3521-4d24-b704-3ba9a6618c00","2010-05-24 14:34:00.000000","LRF1572","gdavid@mdck.com","N","N","Lisandra.Ramona.Foreman@dtaa.com","19","0"
"43e7de60-5e41-4b7b-825d-c7d900eaca28","2010-05-25 12:51:00.000000","LRF1572","Benjamin.Sylvester.Brown@dtaa.com","N","N","Lisandra.Ramona.Foreman@dtaa.com","1568","0"
"637e474d-74ce-4984-abff-e2bc409e1bd4","2010-06-05 10:52:00.000000","LRF1572","Xantha.Felicia.Lyons@dtaa.com","N","N","Lisandra.Ramona.Foreman@dtaa.com","1462","0"
"a3d4d7ae-4712-4040-9bd8-cdaa60a58aa6","2010-06-05 14:18:00.000000","LRF1572","Xantha.Felicia.Lyons@dtaa.com","N","N","Lisandra.Ramona.Foreman@dtaa.com","388","0"
"17841fc7-dd50-47fd-96a3-11a2e87a8f0b","2010-06-06 13:24:00.000000","LRF1572","Hiroko.Tana.Christian@dtaa.com","N","N","Lisandra.Ramona.Foreman@dtaa.com","62","0"
"67b9a4b0-cb52-4060-857a-3badc78e8a97","2010-06-07 10:33:00.000000","LRF1572","Lars.Ferris.Clark@dtaa.com","N","N","Lisandra.Ramona.Foreman@dtaa.com","323","0"
"926b4d5d-ea95-44a6-a9b4-50da376ea38a","2010-06-08 08:52:00.000000","LRF1572","Lars.Ferris.Clark@dtaa.com","N","N","Lisandra.Ramona.Foreman@dtaa.com","451","0"
"57849aa9-bafa-48e7-93b2-dfba67c0d501","2010-06-08 15:17:00.000000","LRF1572","sagercox@earthlink.net","N","N","Lisandra.Ramona.Foreman@dtaa.com","24666","0"
"8450bdd1-4142-45b9-afc6-7b86bc6ce0bc","2010-06-08 15:21:00.000000","LRF1572","Lars.Ferris.Clark@dtaa.com","N","N","Lisandra.Ramona.Foreman@dtaa.com","1382","0"
"b95e4b44-7a9d-4bee-aafc-a2c2f6b4ed9b","2010-06-08 15:43:00.000000","LRF1572","howard@wrightlaw.com","N","N","Lisandra.Ramona.Foreman@dtaa.com","563","0"
"e8524306-8ff6-44a6-bf0d-f2843c050583","2010-06-14 16:43:00.000000","LRF1572","kim.bruno@ferc.fed.us","N","N","Lisandra.Ramona.Foreman@dtaa.com","786","0"
"e35e9060-682d-40a9-86bf-415d92f8105e","2010-06-19 11:54:00.000000","LRF1572","Rashad.Honorato.Dixon@dtaa.com","N","N","Lisandra.Ramona.Foreman@dtaa.com","1486","0"
"1e4cf02f-a49e-49a4-bba9-c8054c47d3c0","2010-06-28 16:06:00.000000","LRF1572","abrock@poloralphlauren.com","N","N","Lisandra.Ramona.Foreman@dtaa.com","445","0"
"2b254191-0d97-49b5-957d-7a5d65f0586f","2010-06-29 12:53:00.000000","LRF1572","rmadden@gibbs-bruns.com","N","N","Lisandra.Ramona.Foreman@dtaa.com","928","0"
"38be2e3f-ecd9-4ed4-b728-b7f18d219bbf","2010-06-29 13:01:00.000000","LRF1572","N","N","N","Lisandra.Ramona.Foreman@dtaa.com","544","0"
"ef626a48-c65c-4bed-9829-9eddbc46f15e","2010-06-29 13:07:00.000000","LRF1572","N","N","N","Lisandra.Ramona.Foreman@dtaa.com","727","0"
"796724ae-8fec-49ca-bab7-b6bdd346f867","2010-06-19 14:25:00.000000","LRF1572","Whoopi.Maite.Maxwell@dtaa.com","N","N","Lisandra.Ramona.Foreman@dtaa.com","746","0"
"5a08e47f-a639-4a5c-a49a-926a58cfd863","2010-06-20 11:41:00.000000","LRF1572","Xantha.Felicia.Lyons@dtaa.com","N","N","Lisandra.Ramona.Foreman@dtaa.com","494","0"
"3aa8e13c-0860-4a90-bf07-657e076af49f","2010-06-20 11:49:00.000000","LRF1572","cregg41@gateway.net","N","N","Lisandra.Ramona.Foreman@dtaa.com","371","0"
"b87547d2-aece-4690-8b10-a8e2121efe4e","2010-06-20 12:45:00.000000","LRF1572","rmadden@gibbs-bruns.com","N","N","Lisandra.Ramona.Foreman@dtaa.com","1388","0"
"ca280f71-622f-46b1-a5e5-fc2ae9416ffc","2010-06-20 13:49:00.000000","LRF1572","rmadden@gibbs-bruns.com","N","N","Lisandra.Ramona.Foreman@dtaa.com","85","0"
"7065253e-a02e-4eb6-bafe-d938e23e710f","2010-06-20 14:10:00.000000","LRF1572","drusso@reliantenergy.com","N","N","Lisandra.Ramona.Foreman@dtaa.com","643","0"
"d8461a2d-423d-40fc-9a05-2619805ad712","2010-06-20 14:33:00.000000","LRF1572","Quentin.Nathaniel.Gaines@dtaa.com","N","N","Lisandra.Ramona.Foreman@dtaa.com","901","0"
"cc9190f1-6805-4837-80cc-a66f17d99c8a","2010-06-20 15:46:00.000000","LRF1572","drusso@reliantenergy.com","N","N","Lisandra.Ramona.Foreman@dtaa.com","31","0"
"45dd646b-b8c4-445c-92d5-be5afc826b68","2010-04-12 09:41:00.000000","LRF1572","gdavid@mdck.com","N","N","Lisandra.Ramona.Foreman@dtaa.com","13","0"
"3e51c24f-eee9-4a2a-8377-094b54828eba","2010-02-15 08:52:00.000000","LRF1572","mitchell@zoomlaw.com","N","N","Lisandra.Ramona.Foreman@dtaa.com","94","0"
"ec5dbedc-3dab-46ac-9bfc-312e73f394c6","2010-02-14 16:45:00.000000","LRF1572","akatz@eei.org","N","N","Lisandra.Ramona.Foreman@dtaa.com","505","0"
"aad65059-2131-4d84-ad57-f263facbe8a4","2010-06-15 14:23:00.000000","LRF1572","fmdutton@aep.com","N","N","Lisandra.Ramona.Foreman@dtaa.com","491","0"
"7caa8344-9476-4cd4-804c-a2061677c19c","2010-06-21 08:56:00.000000","LRF1572","Xantha.Felicia.Lyons@dtaa.com","N","N","Lisandra.Ramona.Foreman@dtaa.com","381","0"
"31bcd9e9-f33f-4cf7-8020-a1602aecfcb8","2010-04-23 09:02:00.000000","LRF1572","Lars.Ferris.Clark@dtaa.com","N","N","Lisandra.Ramona.Foreman@dtaa.com","1055","0"
"e50c321b-d6d6-47c7-816f-0abf661c92c3","2010-04-26 12:47:00.000000","LRF1572","Xantha.Felicia.Lyons@dtaa.com","N","N","Lisandra.Ramona.Foreman@dtaa.com","1791","0"
"9a9dd2bb-c94f-4da1-8c8f-13c8dbb01cc9","2010-04-27 08:59:00.000000","LRF1572","drusso@reliantenergy.com","N","N","Lisandra.Ramona.Foreman@dtaa.com","135","0"
"5b735454-6a33-4b0f-ac0c-208b72ed3b4b","2010-04-27 10:23:00.000000","LRF1572","drusso@reliantenergy.com","N","N","Lisandra.Ramona.Foreman@dtaa.com","16","0"
"c8f24145-8059-4214-ad31-7f99bc68591e","2010-04-27 12:37:00.000000","LRF1572","Whoopi.Maite.Maxwell@dtaa.com","N","N","Lisandra.Ramona.Foreman@dtaa.com","360","0"
"b3f36d4b-faec-4949-a007-1969294a2d31","2010-04-27 13:20:00.000000","LRF1572","Whoopi.Maite.Maxwell@dtaa.com","N","N","Lisandra.Ramona.Foreman@dtaa.com","412","0"
"4304953f-2c05-470c-afad-3a9a996634ab","2010-04-27 13:56:00.000000","LRF1572","Xantha.Felicia.Lyons@dtaa.com","N","N","Lisandra.Ramona.Foreman@dtaa.com","1105","0"
"5edff2dc-1e5b-464f-b215-d12047e82793","2010-05-01 11:13:00.000000","LRF1572","Pamela.Paloma.Poole@dtaa.com","N","N","Lisandra.Ramona.Foreman@dtaa.com","1564","0"
"bafe2896-2b25-4acf-b336-bc12b60214cd","2010-05-01 11:28:00.000000","LRF1572","Brielle.Aubrey.Oneill@dtaa.com","N","N","Lisandra.Ramona.Foreman@dtaa.com","316","0"
"c4682ba7-5b52-4b1f-b1db-5e65a8a70cbd","2010-05-01 11:57:00.000000","LRF1572","drusso@reliantenergy.com","N","N","Lisandra.Ramona.Foreman@dtaa.com","208","0"
"2a7881e9-59b5-44ed-9102-4538965d8a49","2010-05-02 11:21:00.000000","LRF1572","Lars.Ferris.Clark@dtaa.com","N","N","Lisandra.Ramona.Foreman@dtaa.com","760","0"
"7337e319-a342-49f3-86e5-096b1a6a0a5d","2010-05-04 08:23:00.000000","LRF1572","abrock@poloralphlauren.com","N","N","Lisandra.Ramona.Foreman@dtaa.com","57","0"
"c468df50-c64d-4ffc-8424-4aca35ab605f","2010-05-04 13:01:00.000000","LRF1572","Kevin.Hop.Patel@dtaa.com","N","N","Lisandra.Ramona.Foreman@dtaa.com","1120","0"
"26da01a5-5d09-4525-b1f8-72003825980e","2010-05-04 13:20:00.000000","LRF1572","Erich.Conan.Sims@dtaa.com","N","N","Lisandra.Ramona.Foreman@dtaa.com","123","0"
"fd21a809-de68-43ac-bb79-374be92751d7","2010-05-04 13:23:00.000000","LRF1572","Lars.Ferris.Clark@dtaa.com","N","N","Lisandra.Ramona.Foreman@dtaa.com","748","0"
"432783b2-b43f-4fc0-9ee9-72912b662eb7","2010-05-04 17:16:00.000000","LRF1572","drusso@reliantenergy.com","N","N","Lisandra.Ramona.Foreman@dtaa.com","212","0"
"09f23acd-db8f-493d-9531-bb90227281ca","2010-05-08 09:01:00.000000","LRF1572","Mia.Georgia.Berger@dtaa.com","N","N","Lisandra.Ramona.Foreman@dtaa.com","161","0"
"99f14fbb-bcf7-4e44-bc55-52e81a7c6509","2010-05-08 09:44:00.000000","LRF1572","Giacomo.Alvin.Alvarez@dtaa.com","N","N","Lisandra.Ramona.Foreman@dtaa.com","1325","0"
"6493a285-6038-4725-be5d-456f70be1d5e","2010-05-08 13:26:00.000000","LRF1572","Whoopi.Maite.Maxwell@dtaa.com","N","N","Lisandra.Ramona.Foreman@dtaa.com","438","0"
"02192d64-7034-40fb-a620-46154dd01b3b","2010-05-09 08:49:00.000000","LRF1572","drusso@reliantenergy.com","N","N","Lisandra.Ramona.Foreman@dtaa.com","140","0"
"73b3764e-e00b-4002-bfb3-469bff0253a6","2010-05-09 08:51:00.000000","LRF1572","Xantha.Felicia.Lyons@dtaa.com","N","N","Lisandra.Ramona.Foreman@dtaa.com","651","0"
"1bad40d1-7298-4f4a-b126-25d96bce8758","2010-05-10 08:45:00.000000","LRF1572","abrock@poloralphlauren.com","N","N","Lisandra.Ramona.Foreman@dtaa.com","386","0"
"152c493c-06fb-48db-88a4-41b4a163f5e1","2010-05-10 08:49:00.000000","LRF1572","abrock@poloralphlauren.com","N","N","Lisandra.Ramona.Foreman@dtaa.com","284","0"
"5b5310d9-d96c-4aa1-9e4d-193557f68a90","2010-05-10 15:02:00.000000","LRF1572","Brielle.Aubrey.Oneill@dtaa.com","N","N","Lisandra.Ramona.Foreman@dtaa.com","3268","0"
"12f05054-e998-4141-9728-ab204b519c33","2010-05-10 15:08:00.000000","LRF1572","Jerome.Berk.Sellers@dtaa.com","N","N","Lisandra.Ramona.Foreman@dtaa.com","42","0"
"0b08fd79-2397-47f1-b604-42db021d41cb","2010-05-15 09:19:00.000000","LRF1572","Gisela.Kaden.Buchanan@dtaa.com","N","N","Lisandra.Ramona.Foreman@dtaa.com","480","0"
"9e288977-395b-4af2-ba34-579cf29db0fb","2010-05-15 11:28:00.000000","LRF1572","Lars.Ferris.Clark@dtaa.com","N","N","Lisandra.Ramona.Foreman@dtaa.com","298","0"
"2633ee16-aca3-4148-b542-ed4906cee497","2010-05-17 09:55:00.000000","LRF1572","Whoopi.Maite.Maxwell@dtaa.com","N","N","Lisandra.Ramona.Foreman@dtaa.com","4125","0"
"0613ec59-3433-4b3a-81e8-665f58f6d270","2010-05-17 09:55:00.000000","LRF1572","Whoopi.Maite.Maxwell@dtaa.com","N","N","Lisandra.Ramona.Foreman@dtaa.com","1175","0"
"2690964c-4cb1-49e6-9801-5faac7e440c1","2010-05-18 08:49:00.000000","LRF1572","Whoopi.Maite.Maxwell@dtaa.com","N","N","Lisandra.Ramona.Foreman@dtaa.com","209","0"
"d9b1121a-a88c-4e47-8341-581e91d10e89","2010-05-18 09:23:00.000000","LRF1572","Whoopi.Maite.Maxwell@dtaa.com","N","N","Lisandra.Ramona.Foreman@dtaa.com","1675","0"
"28cc75b8-9111-4c0e-8273-ab47f5550ac6","2010-05-22 08:47:00.000000","LRF1572","Xantha.Felicia.Lyons@dtaa.com","N","N","Lisandra.Ramona.Foreman@dtaa.com","634","0"
"efcf7ebc-a47b-4e43-9cc3-c22a077e3156","2010-05-23 16:25:00.000000","LRF1572","Brielle.Aubrey.Oneill@dtaa.com","N","N","Lisandra.Ramona.Foreman@dtaa.com","3112","0"
"14bfca27-e249-4f61-869b-1b7fb94b88e4","2010-05-24 08:29:00.000000","LRF1572","jklauber@llgm.com","N","N","Lisandra.Ramona.Foreman@dtaa.com","419","0"
"4b80e158-cbe9-4d01-8598-680c4b645501","2010-05-24 09:19:00.000000","LRF1572","Xantha.Felicia.Lyons@dtaa.com","N","N","Lisandra.Ramona.Foreman@dtaa.com","1590","0"
"558c02fa-6689-44f6-97c8-1886546ce417","2010-05-24 14:34:00.000000","LRF1572","gdavid@mdck.com","N","N","Lisandra.Ramona.Foreman@dtaa.com","19","0"
"c5457466-2735-4110-87f4-32b2f3519346","2010-05-25 12:51:00.000000","LRF1572","Benjamin.Sylvester.Brown@dtaa.com","N","N","Lisandra.Ramona.Foreman@dtaa.com","1568","0"
"8fc2cdfb-60b7-4a43-99a2-fdd3aa8fb5f1","2010-06-05 10:52:00.000000","LRF1572","Xantha.Felicia.Lyons@dtaa.com","N","N","Lisandra.Ramona.Foreman@dtaa.com","1462","0"
"924bcc42-ec0d-4229-a43f-b02f3705da57","2010-06-05 14:18:00.000000","LRF1572","Xantha.Felicia.Lyons@dtaa.com","N","N","Lisandra.Ramona.Foreman@dtaa.com","388","0"
"7bc1a5c5-df34-4d5c-876a-ed48101d683b","2010-06-06 13:24:00.000000","LRF1572","Hiroko.Tana.Christian@dtaa.com","N","N","Lisandra.Ramona.Foreman@dtaa.com","62","0"
"d25eede3-1d5b-4037-a5dd-bfdf4dc14430","2010-06-07 10:33:00.000000","LRF1572","Lars.Ferris.Clark@dtaa.com","N","N","Lisandra.Ramona.Foreman@dtaa.com","323","0"
"efa88509-8108-4604-91f5-a9a60c403993","2010-06-08 08:52:00.000000","LRF1572","Lars.Ferris.Clark@dtaa.com","N","N","Lisandra.Ramona.Foreman@dtaa.com","451","0"
"a60488f8-750c-4cbe-9603-8db14cb6764d","2010-06-08 15:17:00.000000","LRF1572","sagercox@earthlink.net","N","N","Lisandra.Ramona.Foreman@dtaa.com","24666","0"
"71d97813-c694-4ee8-8f8c-0396d33fe86a","2010-06-08 15:21:00.000000","LRF1572","Lars.Ferris.Clark@dtaa.com","N","N","Lisandra.Ramona.Foreman@dtaa.com","1382","0"
"6f98f218-1d63-456d-88f8-17e9fa1d119f","2010-06-08 15:43:00.000000","LRF1572","howard@wrightlaw.com","N","N","Lisandra.Ramona.Foreman@dtaa.com","563","0"
"f3737d49-5cf8-445a-80f5-88ff2034c52b","2010-06-14 16:43:00.000000","LRF1572","kim.bruno@ferc.fed.us","N","N","Lisandra.Ramona.Foreman@dtaa.com","786","0"
"1f7ea23c-b5fd-4ede-a85a-0150ec281da1","2010-06-19 11:54:00.000000","LRF1572","Rashad.Honorato.Dixon@dtaa.com","N","N","Lisandra.Ramona.Foreman@dtaa.com","1486","0"
"d9b76ea6-6159-4f62-84d8-3679520f1fa5","2010-06-21 09:32:00.000000","LRF1572","rmadden@gibbs-bruns.com","N","N","Lisandra.Ramona.Foreman@dtaa.com","73","0"
"d1b85e25-fda3-4d86-b9dc-773bc8e3b477","2010-06-22 16:27:00.000000","LRF1572","Gisela.Kaden.Buchanan@dtaa.com","N","N","Lisandra.Ramona.Foreman@dtaa.com","197","0"
"d9b876bd-0e18-4a7e-af55-37b4c21639c3","2010-06-28 15:35:00.000000","LRF1572","smiller@drrhr.com","N","N","Lisandra.Ramona.Foreman@dtaa.com","584","0"
"a32c41bd-3fd8-4ccc-aa92-82f54cda750c","2010-06-28 16:06:00.000000","LRF1572","abrock@poloralphlauren.com","N","N","Lisandra.Ramona.Foreman@dtaa.com","445","0"
"bf6a84a7-91dc-4bda-855a-fa17ffb11bc1","2010-06-29 12:53:00.000000","LRF1572","rmadden@gibbs-bruns.com","N","N","Lisandra.Ramona.Foreman@dtaa.com","928","0"
"d8d8d25c-36fe-4fc9-aeac-2093a5f7ffd7","2010-06-29 13:01:00.000000","LRF1572","N","N","N","Lisandra.Ramona.Foreman@dtaa.com","544","0"
"b63fdaa7-218d-4ccb-bb16-f0a8d9efaef7","2010-06-29 13:07:00.000000","LRF1572","N","N","N","Lisandra.Ramona.Foreman@dtaa.com","727","0"
"b186b835-2344-4c7c-b003-2f987d282172","2010-06-19 14:25:00.000000","LRF1572","Whoopi.Maite.Maxwell@dtaa.com","N","N","Lisandra.Ramona.Foreman@dtaa.com","746","0"
"2432e28d-daa0-43c8-bb91-3f2be60ae171","2010-06-20 11:41:00.000000","LRF1572","Xantha.Felicia.Lyons@dtaa.com","N","N","Lisandra.Ramona.Foreman@dtaa.com","494","0"
"7e01847d-ac3f-4b02-97ba-69c9f989168e","2010-06-20 11:49:00.000000","LRF1572","cregg41@gateway.net","N","N","Lisandra.Ramona.Foreman@dtaa.com","371","0"
"d9716a4a-29bd-4ef8-b2f2-a17d9697ac06","2010-06-20 12:45:00.000000","LRF1572","rmadden@gibbs-bruns.com","N","N","Lisandra.Ramona.Foreman@dtaa.com","1388","0"
"64eae4fe-3d4b-4541-af30-086c8936a44e","2010-06-20 13:49:00.000000","LRF1572","rmadden@gibbs-bruns.com","N","N","Lisandra.Ramona.Foreman@dtaa.com","85","0"
"c39f1cec-5fdc-46ac-911b-72023dda9ffa","2010-06-20 14:10:00.000000","LRF1572","drusso@reliantenergy.com","N","N","Lisandra.Ramona.Foreman@dtaa.com","643","0"
"493d17a0-41d3-467a-aa54-f98b5bf87c18","2010-06-20 14:33:00.000000","LRF1572","Quentin.Nathaniel.Gaines@dtaa.com","N","N","Lisandra.Ramona.Foreman@dtaa.com","901","0"
"82c14c3a-bb86-47cb-ace2-9817d3f94b65","2010-01-04 09:49:00.000000","LRF1572","Xantha.Felicia.Lyons@dtaa.com","N","N","Lisandra.Ramona.Foreman@dtaa.com","470","0"
"3832c5c4-3b67-41a7-8c47-ffd1e494111c","2010-01-05 09:08:00.000000","LRF1572","Gisela.Kaden.Buchanan@dtaa.com","N","N","Lisandra.Ramona.Foreman@dtaa.com","278","0"
"7e2a7bf0-347f-48c4-ab8e-4baf93d8857f","2010-01-05 11:53:00.000000","LRF1572","Brielle.Aubrey.Oneill@dtaa.com","N","N","Lisandra.Ramona.Foreman@dtaa.com","1092","0"
"9eb7f36e-78b3-4163-8cd0-b7d25bab4a74","2010-01-05 13:46:00.000000","LRF1572","gacox@gsi-net.com","N","N","Lisandra.Ramona.Foreman@dtaa.com","50","0"
"1ba475b4-9460-4be3-bc32-91eaea025ee5","2010-01-06 11:18:00.000000","LRF1572","Rebecca.Blythe.Booker@dtaa.com","N","N","Lisandra.Ramona.Foreman@dtaa.com","868","0"
"2a7c5528-8730-4334-b1db-5aef25de2037","2010-01-10 11:16:00.000000","LRF1572","Brielle.Aubrey.Oneill@dtaa.com","N","N","Lisandra.Ramona.Foreman@dtaa.com","2862","0"
"d2cf0e6b-c4e3-4dd4-a33a-276c456e2bdb","2010-01-10 14:20:00.000000","LRF1572","Benjamin.Sylvester.Brown@dtaa.com","N","N","Lisandra.Ramona.Foreman@dtaa.com","1209","0"
"c0ab27e9-ed80-49e3-8394-7724ab714869","2010-01-11 11:27:00.000000","LRF1572","Brielle.Aubrey.Oneill@dtaa.com","N","N","Lisandra.Ramona.Foreman@dtaa.com","333","0"
"ad2a00c9-3303-41d6-8eb0-bd80fd68a0ae","2010-01-11 15:48:00.000000","LRF1572","Rebecca.Blythe.Booker@dtaa.com","N","N","Lisandra.Ramona.Foreman@dtaa.com","1319","0"
"ecc95eb7-a05f-45e9-912e-96508951842b","2010-01-17 09:17:00.000000","LRF1572","Xantha.Felicia.Lyons@dtaa.com","N","N","Lisandra.Ramona.Foreman@dtaa.com","3042","0"
"9752652c-2a9f-455e-ac70-44711d7886e5","2010-01-17 09:22:00.000000","LRF1572","Xantha.Felicia.Lyons@dtaa.com","N","N","Lisandra.Ramona.Foreman@dtaa.com","436","0"
"78fbc288-96f8-43ab-84f7-6fa3eebf3a8b","2010-01-17 09:32:00.000000","LRF1572","Xantha.Felicia.Lyons@dtaa.com","N","N","Lisandra.Ramona.Foreman@dtaa.com","871","0"
"721049f8-eecb-4ae8-8636-87c043dd4c18","2010-01-17 10:56:00.000000","LRF1572","Pamela.Paloma.Poole@dtaa.com","N","N","Lisandra.Ramona.Foreman@dtaa.com","1938","0"
"df1775b5-3780-4a3e-9d23-a644dac60f73","2010-01-17 14:23:00.000000","LRF1572","Jonathan.Neil.Rosales@dtaa.com","N","N","Lisandra.Ramona.Foreman@dtaa.com","118","0"
"81a787b9-fd11-406e-8ec9-e92dbfc30bb6","2010-01-18 11:29:00.000000","LRF1572","Hiroko.Tana.Christian@dtaa.com","N","N","Lisandra.Ramona.Foreman@dtaa.com","50","0"
"ebb6049c-04a1-45bf-b5ff-0b130009dbda","2010-01-18 14:53:00.000000","LRF1572","Brielle.Aubrey.Oneill@dtaa.com","N","N","Lisandra.Ramona.Foreman@dtaa.com","1381","0"
"004943a8-d4e1-4dde-b3c9-c90a812327fd","2010-01-19 09:20:00.000000","LRF1572","George.Octavius.Rich@dtaa.com","N","N","Lisandra.Ramona.Foreman@dtaa.com","58","0"
"be7d42f6-b666-439e-b0c6-329d22284604","2010-01-19 13:28:00.000000","LRF1572","Virginia.Nelle.Heath@dtaa.com","N","N","Lisandra.Ramona.Foreman@dtaa.com","217","0"
"55efca25-5368-4a4d-baff-4d54cc4eec58","2010-01-19 13:51:00.000000","LRF1572","Beatrice.Britanney.Hines@dtaa.com","N","N","Lisandra.Ramona.Foreman@dtaa.com","1567","0"
"ec26ec53-2da3-46a5-ac2b-7b65252cab14","2010-01-19 14:48:00.000000","LRF1572","Brielle.Aubrey.Oneill@dtaa.com","N","N","Lisandra.Ramona.Foreman@dtaa.com","1316","0"
"623299a3-eee1-4b42-a0bf-1e15b98641dc","2010-01-19 15:09:00.000000","LRF1572","mitchell@zoomlaw.com","N","N","Lisandra.Ramona.Foreman@dtaa.com","135","0"
"38c08740-78e5-4d36-a6d8-d41a058e1532","2010-01-24 15:08:00.000000","LRF1572","Asher.Garrett.Sheppard@dtaa.com","N","N","Lisandra.Ramona.Foreman@dtaa.com","861","0"
"9163715f-f6a7-400d-8430-42356bc0a4fb","2010-01-24 15:08:00.000000","LRF1572","Asher.Garrett.Sheppard@dtaa.com","N","N","Lisandra.Ramona.Foreman@dtaa.com","1536","0"
"12f70fe4-98bb-41bb-b305-eeb212bbfc68","2010-01-24 15:09:00.000000","LRF1572","Asher.Garrett.Sheppard@dtaa.com","N","N","Lisandra.Ramona.Foreman@dtaa.com","2168","0"
"3a1e16f6-4638-486a-a0d4-9b12a962428b","2010-01-24 15:11:00.000000","LRF1572","Benjamin.Sylvester.Brown@dtaa.com","N","N","Lisandra.Ramona.Foreman@dtaa.com","2160","0"
"cbf1b04a-08bf-493e-a5e9-210808678a29","2010-01-24 15:39:00.000000","LRF1572","Brielle.Aubrey.Oneill@dtaa.com","N","N","Lisandra.Ramona.Foreman@dtaa.com","2053","0"
"4ea31c77-313e-4350-ae70-ebc0bbeeeda9","2010-01-24 15:39:00.000000","LRF1572","Asher.Garrett.Sheppard@dtaa.com","N","N","Lisandra.Ramona.Foreman@dtaa.com","684","0"
"ad9c66d5-17e4-4025-91da-7275869ed0f8","2010-01-25 09:03:00.000000","LRF1572","Nerea.Whitney.Higgins@dtaa.com","N","N","Lisandra.Ramona.Foreman@dtaa.com","11","0"
"ae60bc34-f00e-4447-90e0-9642633a520c","2010-01-25 09:46:00.000000","LRF1572","Asher.Garrett.Sheppard@dtaa.com","N","N","Lisandra.Ramona.Foreman@dtaa.com","1536","0"
"ee2539b7-5340-4796-ace0-f264d2f42799","2010-01-25 16:35:00.000000","LRF1572","Rebecca.Blythe.Booker@dtaa.com","N","N","Lisandra.Ramona.Foreman@dtaa.com","678","0"
"cf47eac1-0c5b-4844-9955-ee6e0b781ac4","2010-01-26 16:04:00.000000","LRF1572","Xantha.Felicia.Lyons@dtaa.com","N","N","Lisandra.Ramona.Foreman@dtaa.com","556","0"
"aba27dad-a873-4802-969b-ec9469c24172","2010-01-26 17:17:00.000000","LRF1572","Nicolas.Luke.Sellers@dtaa.com","N","N","Lisandra.Ramona.Foreman@dtaa.com","554","0"
"c0dc200b-873b-467c-9b25-7384a96a8daf","2010-01-27 08:37:00.000000","LRF1572","Nathaniel.Paul.Klein@dtaa.com","N","N","Lisandra.Ramona.Foreman@dtaa.com","35","0"
"4aabf3f3-6656-4c84-81b1-2eb042aecfbf","2010-01-31 09:46:00.000000","LRF1572","Xantha.Felicia.Lyons@dtaa.com","N","N","Lisandra.Ramona.Foreman@dtaa.com","1267","0"
"e97e8bb8-e381-418d-a3df-b20aa9a7fc36","2010-02-02 10:04:00.000000","LRF1572","mitchell@zoomlaw.com","N","N","Lisandra.Ramona.Foreman@dtaa.com","76","0"
"b4f6164d-e5ac-4c83-849f-d5668ffc7ff1","2010-02-02 11:51:00.000000","LRF1572","b00325@edit.martindale.com","N","N","Lisandra.Ramona.Foreman@dtaa.com","48","0"
"210bb37f-9afb-465c-b183-0a20f4078f4e","2010-02-02 15:17:00.000000","LRF1572","Xantha.Felicia.Lyons@dtaa.com","N","N","Lisandra.Ramona.Foreman@dtaa.com","7426","0"
"88fb211e-c6d2-4447-8ac4-411efbb55cf1","2010-02-03 11:09:00.000000","LRF1572","Xantha.Felicia.Lyons@dtaa.com","N","N","Lisandra.Ramona.Foreman@dtaa.com","267","0"
"71b60249-15a0-44b7-942f-19244c60fe32","2010-02-08 10:28:00.000000","LRF1572","Benjamin.Sylvester.Brown@dtaa.com","N","N","Lisandra.Ramona.Foreman@dtaa.com","1043","0"
"74226295-726c-42a9-8d5e-1e741d841932","2010-02-08 10:29:00.000000","LRF1572","Asher.Garrett.Sheppard@dtaa.com","N","N","Lisandra.Ramona.Foreman@dtaa.com","1043","0"
"8eaa9301-2df4-4f63-9264-37d574b86eab","2010-02-08 16:46:00.000000","LRF1572","Hamilton.Hyatt.Kirkland@dtaa.com","N","N","Lisandra.Ramona.Foreman@dtaa.com","177","0"
"d5800ee6-fcfb-4d00-8b6a-258568d08d01","2010-02-09 12:29:00.000000","LRF1572","Benjamin.Sylvester.Brown@dtaa.com","N","N","Lisandra.Ramona.Foreman@dtaa.com","779","0"
"e904dff4-c8e6-42c2-8b17-ba49281e9396","2010-02-09 15:58:00.000000","LRF1572","Sylvester.Xenos.Owen@dtaa.com","N","N","Lisandra.Ramona.Foreman@dtaa.com","3321","0"
"f9ef4004-8510-4453-98e5-2f96e7725a69","2010-02-14 08:56:00.000000","LRF1572","Gisela.Kaden.Buchanan@dtaa.com","N","N","Lisandra.Ramona.Foreman@dtaa.com","19","0"
"1c9401dd-c5e8-44ad-84f6-d4c198284520","2010-02-14 14:53:00.000000","LRF1572","Gisela.Kaden.Buchanan@dtaa.com","N","N","Lisandra.Ramona.Foreman@dtaa.com","3077","0"
"44245a1c-7cbc-4482-be12-518298d52663","2010-02-14 16:45:00.000000","LRF1572","akatz@eei.org","N","N","Lisandra.Ramona.Foreman@dtaa.com","505","0"
"c031edfd-c549-4ced-bead-cda1c914f1b1","2010-02-15 08:52:00.000000","LRF1572","mitchell@zoomlaw.com","N","N","Lisandra.Ramona.Foreman@dtaa.com","94","0"
"332ddbf7-9c12-4b96-b56a-37dbef13082e","2010-06-20 15:46:00.000000","LRF1572","drusso@reliantenergy.com","N","N","Lisandra.Ramona.Foreman@dtaa.com","31","0"
"0cb02858-75c9-4a85-a88a-9090bcf06e2a","2010-02-15 11:19:00.000000","LRF1572","Xantha.Felicia.Lyons@dtaa.com","N","N","Lisandra.Ramona.Foreman@dtaa.com","1209","0"
"ede8b7ff-2d5a-4d44-bf01-ff12f924cf63","2010-02-15 14:08:00.000000","LRF1572","mitchell@zoomlaw.com","N","N","Lisandra.Ramona.Foreman@dtaa.com","43","0"
"87caf974-5e6d-4d10-a13d-8e288f9b0af8","2010-02-15 16:49:00.000000","LRF1572","Xantha.Felicia.Lyons@dtaa.com","N","N","Lisandra.Ramona.Foreman@dtaa.com","575","0"
"554dc89e-4404-49c9-a160-92bc014264af","2010-02-17 11:26:00.000000","LRF1572","Xantha.Felicia.Lyons@dtaa.com","N","N","Lisandra.Ramona.Foreman@dtaa.com","476","0"
"e5ed5ddd-831b-48b4-82bc-249331ea2872","2010-02-17 13:04:00.000000","LRF1572","Ashton.Emmanuel.Barrett@dtaa.com","N","N","Lisandra.Ramona.Foreman@dtaa.com","853","0"
"0fc3487d-6b33-470b-b765-3930d3904d1a","2010-02-17 13:35:00.000000","LRF1572","fred.cohagan@enron.com","N","N","Lisandra.Ramona.Foreman@dtaa.com","90","0"
"b3252136-93ba-46a4-8253-a5cf8ad55a50","2010-02-22 10:25:00.000000","LRF1572","Pamela.Paloma.Poole@dtaa.com","N","N","Lisandra.Ramona.Foreman@dtaa.com","1024","0"
"b1d6d7e7-d33d-456b-bcfe-710bea52cf56","2010-02-22 13:55:00.000000","LRF1572","Nicolas.Luke.Sellers@dtaa.com","N","N","Lisandra.Ramona.Foreman@dtaa.com","122","0"
"ae115354-6723-424c-a91b-26219bb2f3c4","2010-02-23 09:44:00.000000","LRF1572","Benjamin.Sylvester.Brown@dtaa.com","N","N","Lisandra.Ramona.Foreman@dtaa.com","966","0"
"f082605f-f8f5-4deb-b4c8-228caef210fb","2010-02-23 17:42:00.000000","LRF1572","jklauber@llgm.com","N","N","Lisandra.Ramona.Foreman@dtaa.com","58","0"
"6292f61e-d575-41cd-92b4-8340e90e4b68","2010-02-24 14:36:00.000000","LRF1572","james.fallon@enron.com","N","N","Lisandra.Ramona.Foreman@dtaa.com","508","0"
"c08d13c3-fa9c-4d51-80b3-220d02ff2c27","2010-02-24 15:07:00.000000","LRF1572","akatz@eei.org","N","N","Lisandra.Ramona.Foreman@dtaa.com","1305","0"
"a6864568-a01c-4523-a6a8-45f0233e2f59","2010-02-24 15:20:00.000000","LRF1572","Benjamin.Sylvester.Brown@dtaa.com","N","N","Lisandra.Ramona.Foreman@dtaa.com","984","0"
"08ede7ea-b6e9-4a1f-b329-14e3247dfa55","2010-02-24 15:27:00.000000","LRF1572","Brielle.Aubrey.Oneill@dtaa.com","N","N","Lisandra.Ramona.Foreman@dtaa.com","1291","0"
"4d2b6d9d-fd1c-4b5e-a430-34e855d43f75","2010-02-28 08:53:00.000000","LRF1572","Nicolas.Luke.Sellers@dtaa.com","N","N","Lisandra.Ramona.Foreman@dtaa.com","1630","0"
"46d18784-114d-4b1f-bb38-2a08908c3f8d","2010-02-28 08:57:00.000000","LRF1572","Nicolas.Luke.Sellers@dtaa.com","N","N","Lisandra.Ramona.Foreman@dtaa.com","541","0"
"68049b66-8855-4ed6-b312-c20a16d51696","2010-02-28 09:07:00.000000","LRF1572","Xantha.Felicia.Lyons@dtaa.com","N","N","Lisandra.Ramona.Foreman@dtaa.com","2660","0"
"f3529529-c885-47d3-9b23-3e7fb6021b83","2010-02-28 10:11:00.000000","LRF1572","Iona.Kendall.Allison@dtaa.com","N","N","Lisandra.Ramona.Foreman@dtaa.com","2633","0"
"ed3bc59a-257e-400f-b6e2-e96e9c15a334","2010-02-28 10:13:00.000000","LRF1572","Iona.Kendall.Allison@dtaa.com","N","N","Lisandra.Ramona.Foreman@dtaa.com","2847","0"
"c066b2f2-f1e2-48af-aa4f-c3eef6f6aee6","2010-02-28 10:27:00.000000","LRF1572","Nicolas.Luke.Sellers@dtaa.com","N","N","Lisandra.Ramona.Foreman@dtaa.com","43","0"
"2d51fd02-2492-4cec-b99d-f2ffe7eef78f","2010-02-28 10:39:00.000000","LRF1572","Benjamin.Sylvester.Brown@dtaa.com","N","N","Lisandra.Ramona.Foreman@dtaa.com","5313","0"
"d129b17e-8f04-4e11-aab3-58fb3d7abc03","2010-02-28 11:40:00.000000","LRF1572","Nicolas.Luke.Sellers@dtaa.com","N","N","Lisandra.Ramona.Foreman@dtaa.com","62","0"
"6f2be506-6980-4c0e-b891-d4166d34e0ac","2010-02-28 12:44:00.000000","LRF1572","akatz@eei.org","N","N","Lisandra.Ramona.Foreman@dtaa.com","40","0"
"d98c0c67-9c47-466e-927a-d0881308803a","2010-02-28 12:47:00.000000","LRF1572","Benjamin.Sylvester.Brown@dtaa.com","N","N","Lisandra.Ramona.Foreman@dtaa.com","5318","0"
"28f56500-a946-40bc-a21d-25f1a564c24a","2010-02-28 12:51:00.000000","LRF1572","Nicolas.Luke.Sellers@dtaa.com","N","N","Lisandra.Ramona.Foreman@dtaa.com","97","0"
"ec592505-6c2f-46e6-bedd-eb2e4ad9770b","2010-02-28 12:53:00.000000","LRF1572","Nicolas.Luke.Sellers@dtaa.com","N","N","Lisandra.Ramona.Foreman@dtaa.com","57","0"
"75996594-68eb-4733-84ca-ebed61902e65","2010-02-28 13:10:00.000000","LRF1572","jklauber@llgm.com","N","N","Lisandra.Ramona.Foreman@dtaa.com","95","0"
"08e8da99-5370-4ee4-9d51-e7df542befa6","2010-03-01 13:48:00.000000","LRF1572","Xantha.Felicia.Lyons@dtaa.com","N","N","Lisandra.Ramona.Foreman@dtaa.com","2407","0"
"89f3540a-0e42-40a5-9948-d9e5dadbccb1","2010-03-01 14:22:00.000000","LRF1572","Quinlan.Rudyard.James@dtaa.com","N","N","Lisandra.Ramona.Foreman@dtaa.com","1008","0"
"32689989-5915-40b4-9bae-0c4a577004e5","2010-03-02 09:40:00.000000","LRF1572","Xantha.Felicia.Lyons@dtaa.com","N","N","Lisandra.Ramona.Foreman@dtaa.com","841","0"
"541df575-87f4-40e7-9072-9408bf362ae5","2010-03-02 10:39:00.000000","LRF1572","Lars.Ferris.Clark@dtaa.com","N","N","Lisandra.Ramona.Foreman@dtaa.com","1545","0"
"dfecdefa-980f-4480-9f49-d169facecaa2","2010-03-02 14:17:00.000000","LRF1572","Xantha.Felicia.Lyons@dtaa.com","N","N","Lisandra.Ramona.Foreman@dtaa.com","1081","0"
"a08accb2-55ed-4212-947d-d6e986aecf24","2010-03-02 14:21:00.000000","LRF1572","Xantha.Felicia.Lyons@dtaa.com","N","N","Lisandra.Ramona.Foreman@dtaa.com","2678","0"
"dc2c1878-f40d-46b7-a4fe-e47c4f53fbc3","2010-03-02 16:34:00.000000","LRF1572","Theodore.Victor.Campos@dtaa.com","N","N","Lisandra.Ramona.Foreman@dtaa.com","67","0"
"9079ed51-e770-4be7-8f1f-923fa11f8207","2010-03-06 09:33:00.000000","LRF1572","Xantha.Felicia.Lyons@dtaa.com","N","N","Lisandra.Ramona.Foreman@dtaa.com","1305","0"
"e6d6692c-8864-4dc0-828b-26b32a440323","2010-03-06 09:33:00.000000","LRF1572","Xantha.Felicia.Lyons@dtaa.com","N","N","Lisandra.Ramona.Foreman@dtaa.com","1859","0"
"bc4a1e2d-46bd-4d20-a3fd-1224173948f2","2010-03-06 09:34:00.000000","LRF1572","Xantha.Felicia.Lyons@dtaa.com","N","N","Lisandra.Ramona.Foreman@dtaa.com","1963","0"
"2b3a2da3-70cf-47e3-b4ea-c80d964d6fb2","2010-03-06 12:43:00.000000","LRF1572","gacox@gsi-net.com","N","N","Lisandra.Ramona.Foreman@dtaa.com","285","0"
"a8b58a1d-f7c6-4ab1-9348-78373b652391","2010-03-06 13:49:00.000000","LRF1572","Xantha.Felicia.Lyons@dtaa.com","N","N","Lisandra.Ramona.Foreman@dtaa.com","711","0"
"14af51fc-5eb8-4e9c-b1d2-6675f195cbdc","2010-03-06 13:51:00.000000","LRF1572","Xantha.Felicia.Lyons@dtaa.com","N","N","Lisandra.Ramona.Foreman@dtaa.com","825","0"
"9fc4f0bf-8b12-48c2-830c-10b0a63d40df","2010-03-08 14:38:00.000000","LRF1572","Brielle.Aubrey.Oneill@dtaa.com","N","N","Lisandra.Ramona.Foreman@dtaa.com","386","0"
"c74a66cb-bd29-4b59-93b7-d9534e674332","2010-03-08 14:41:00.000000","LRF1572","Xantha.Felicia.Lyons@dtaa.com","N","N","Lisandra.Ramona.Foreman@dtaa.com","696","0"
"60357b72-6049-41aa-8934-ad5bbb432472","2010-03-08 14:42:00.000000","LRF1572","Brielle.Aubrey.Oneill@dtaa.com","N","N","Lisandra.Ramona.Foreman@dtaa.com","476","0"
"abb7c305-184c-4c78-a67f-8fec7f0affdb","2010-03-09 14:06:00.000000","LRF1572","Xantha.Felicia.Lyons@dtaa.com","N","N","Lisandra.Ramona.Foreman@dtaa.com","396","0"
"5d496e27-bb58-4339-95b3-7c6de58b62ed","2010-03-09 14:08:00.000000","LRF1572","Xantha.Felicia.Lyons@dtaa.com","N","N","Lisandra.Ramona.Foreman@dtaa.com","1599","0"
"86319e93-477a-4898-bd2c-b4b3860d27ae","2010-03-09 16:52:00.000000","LRF1572","Gisela.Kaden.Buchanan@dtaa.com","N","N","Lisandra.Ramona.Foreman@dtaa.com","451","0"
"6f21048a-c105-446d-a729-2b28def9f1b5","2010-03-13 09:06:00.000000","LRF1572","Asher.Garrett.Sheppard@dtaa.com","N","N","Lisandra.Ramona.Foreman@dtaa.com","1856","0"
"ed6a4afd-22bc-4ef0-ad0e-b74242db4305","2010-03-13 09:46:00.000000","LRF1572","Asher.Garrett.Sheppard@dtaa.com","N","N","Lisandra.Ramona.Foreman@dtaa.com","846","0"
"35e04454-bb3c-4dc1-a998-47ed9c2dd1a0","2010-03-13 15:03:00.000000","LRF1572","Xantha.Felicia.Lyons@dtaa.com","N","N","Lisandra.Ramona.Foreman@dtaa.com","499","0"
"b568032a-9848-4998-b17d-5b3fd7ec0e66","2010-03-13 15:19:00.000000","LRF1572","Nerea.Whitney.Higgins@dtaa.com","N","N","Lisandra.Ramona.Foreman@dtaa.com","1856","0"
"adcdf63b-d238-461a-9d7c-ad1df14b4d38","2010-03-15 11:17:00.000000","LRF1572","Brielle.Aubrey.Oneill@dtaa.com","N","N","Lisandra.Ramona.Foreman@dtaa.com","651","0"
"eb9fb14f-8b75-443e-93d8-5b6796dd7e19","2010-03-15 11:31:00.000000","LRF1572","grant.cox@enron.com","N","N","Lisandra.Ramona.Foreman@dtaa.com","4029","0"
"306b67ef-08db-493b-a333-7c2fd182bc18","2010-03-15 11:34:00.000000","LRF1572","gacox@gsi-net.com","N","N","Lisandra.Ramona.Foreman@dtaa.com","4041","0"
"c66f6be6-12aa-4321-98d6-6d12bdc4b8be","2010-03-15 16:20:00.000000","LRF1572","Nerea.Whitney.Higgins@dtaa.com","N","N","Lisandra.Ramona.Foreman@dtaa.com","449","0"
"6394a6f7-a29e-4884-a63e-ef5fd99321a9","2010-03-16 08:38:00.000000","LRF1572","gacox@mail.gsi-net.com","N","N","Lisandra.Ramona.Foreman@dtaa.com","26","0"
"0f7e86cc-f219-49e7-abf5-cc9bb6cb81d6","2010-03-16 13:24:00.000000","LRF1572","gacox@mail.gsi-net.com","N","N","Lisandra.Ramona.Foreman@dtaa.com","149","0"
"7c8c6ef9-0d1d-44b3-a424-37d70890d005","2010-03-20 14:20:00.000000","LRF1572","gacox@gsi-net.com","N","N","Lisandra.Ramona.Foreman@dtaa.com","314","0"
"357b822e-eb16-46c8-8884-629edc85ff2e","2010-03-20 14:23:00.000000","LRF1572","gacox@gsi-net.com","N","N","Lisandra.Ramona.Foreman@dtaa.com","241","0"
"8604cc53-2eea-4f96-8415-e7c811dd1342","2010-03-22 12:49:00.000000","LRF1572","Jerry.Cody.Hess@dtaa.com","N","N","Lisandra.Ramona.Foreman@dtaa.com","1465","0"
"faa56142-b8c4-4ff1-9fde-6d671d805c4a","2010-03-23 10:18:00.000000","LRF1572","Robert.Kendall.Hendrix@dtaa.com","N","N","Lisandra.Ramona.Foreman@dtaa.com","1193","0"
"28c8fd09-96c6-44cb-a9bb-2059115c4abe","2010-03-23 14:22:00.000000","LRF1572","gacox@gsi-net.com","N","N","Lisandra.Ramona.Foreman@dtaa.com","239","0"
"a070ac08-a16a-445b-b561-a9d1b963e16c","2010-03-27 09:28:00.000000","LRF1572","Xantha.Felicia.Lyons@dtaa.com","N","N","Lisandra.Ramona.Foreman@dtaa.com","2161","0"
"8d8e694b-6694-4a1f-99df-f72111f93e6d","2010-03-27 10:06:00.000000","LRF1572","Xantha.Felicia.Lyons@dtaa.com","N","N","Lisandra.Ramona.Foreman@dtaa.com","1483","0"
"1ded3fc3-7f75-4e25-a0dd-22996e85dbfe","2010-03-28 10:00:00.000000","LRF1572","Benjamin.Sylvester.Brown@dtaa.com","N","N","Lisandra.Ramona.Foreman@dtaa.com","3151","0"
"8dcce72a-213d-4744-9b05-687079b336ee","2010-03-28 10:03:00.000000","LRF1572","Lisandra.Ramona.Foreman@dtaa.com","N","N","Lisandra.Ramona.Foreman@dtaa.com","85","0"
"4b531e15-0ced-4bff-8e01-eada8e545a62","2010-03-28 11:17:00.000000","LRF1572","Xantha.Felicia.Lyons@dtaa.com","N","N","Lisandra.Ramona.Foreman@dtaa.com","620","0"
"aba7adc3-7860-4190-b624-52b669d8aa1c","2010-03-28 14:13:00.000000","LRF1572","mitchell@zoomlaw.com","N","N","Lisandra.Ramona.Foreman@dtaa.com","405","0"
"ca5cd317-afaf-4408-b8a9-636daab136ed","2010-03-28 14:34:00.000000","LRF1572","Asher.Garrett.Sheppard@dtaa.com","N","N","Lisandra.Ramona.Foreman@dtaa.com","580","0"
"df4f84a3-8099-4bc1-8b81-bbb6bf91fec8","2010-03-29 14:06:00.000000","LRF1572","Brenden.Macon.Alvarado@dtaa.com","N","N","Lisandra.Ramona.Foreman@dtaa.com","1801","0"
"6a2a15cc-413b-4f72-b500-40cc3024eb3d","2010-03-29 14:07:00.000000","LRF1572","Xantha.Felicia.Lyons@dtaa.com","N","N","Lisandra.Ramona.Foreman@dtaa.com","751","0"
"79b31776-f3ec-472a-bc70-302723f0961e","2010-03-30 08:25:00.000000","LRF1572","gdavid@mdck.com","N","N","Lisandra.Ramona.Foreman@dtaa.com","148","0"
"bdb2d240-40c5-4a36-9273-f3cc392fd6c3","2010-03-30 08:32:00.000000","LRF1572","drusso@reliantenergy.com","N","N","Lisandra.Ramona.Foreman@dtaa.com","382","0"
"a2249fd7-cc64-47b9-9bc9-2bca377f82fb","2010-03-30 12:32:00.000000","LRF1572","Holmes.Ahmed.Griffin@dtaa.com","N","N","Lisandra.Ramona.Foreman@dtaa.com","306","0"
"d28704a5-3517-40f2-b4cb-ca00d3a361c6","2010-03-30 13:10:00.000000","LRF1572","Bo.Yvonne.Leblanc@dtaa.com","N","N","Lisandra.Ramona.Foreman@dtaa.com","573","0"
"3ff77cfd-7e29-4822-879b-a26fad4a2d1a","2010-04-04 08:43:00.000000","LRF1572","Xantha.Felicia.Lyons@dtaa.com","N","N","Lisandra.Ramona.Foreman@dtaa.com","593","0"
"bfd89a4f-cc10-4737-abd0-2922d021c38a","2010-04-04 08:53:00.000000","LRF1572","jklauber@llgm.com","N","N","Lisandra.Ramona.Foreman@dtaa.com","247","0"
"3bb278f1-399a-437e-94f9-883e2a49f196","2010-04-04 09:15:00.000000","LRF1572","drusso@reliantenergy.com","N","N","Lisandra.Ramona.Foreman@dtaa.com","237","0"
"058540ff-1e02-4421-aa98-7f4940103d4d","2010-04-04 13:49:00.000000","LRF1572","Hiroko.Tana.Christian@dtaa.com","N","N","Lisandra.Ramona.Foreman@dtaa.com","250","0"
"f39619bb-53f1-4754-b8fa-6395772e755d","2010-04-04 17:02:00.000000","LRF1572","Lars.Ferris.Clark@dtaa.com","N","N","Lisandra.Ramona.Foreman@dtaa.com","1024","0"
"542d11c6-8830-44b9-a11c-41974522c86d","2010-04-05 14:24:00.000000","LRF1572","Xantha.Felicia.Lyons@dtaa.com","N","N","Lisandra.Ramona.Foreman@dtaa.com","453","0"
"372d52fa-b453-4857-bc74-3572bb728229","2010-04-10 10:02:00.000000","LRF1572","Shafira.Amaya.Berger@dtaa.com","N","N","Lisandra.Ramona.Foreman@dtaa.com","439","0"
"7ca9f37b-a86f-4d55-bd2b-c4b2b0a34b4e","2010-04-10 14:27:00.000000","LRF1572","drusso@reliantenergy.com","N","N","Lisandra.Ramona.Foreman@dtaa.com","607","0"
"21ed8cc6-6e0d-46ae-9f78-68d2706d5482","2010-04-11 11:55:00.000000","LRF1572","Bo.Yvonne.Leblanc@dtaa.com","N","N","Lisandra.Ramona.Foreman@dtaa.com","147","0"
"fdfc9560-efba-434a-a708-d450c0cac944","2010-04-11 11:57:00.000000","LRF1572","drusso@reliantenergy.com","N","N","Lisandra.Ramona.Foreman@dtaa.com","64","0"
"4aac4bfe-e978-4a9b-bf8e-fc9f604d6ec3","2010-04-11 14:20:00.000000","LRF1572","Xantha.Felicia.Lyons@dtaa.com","N","N","Lisandra.Ramona.Foreman@dtaa.com","669","0"
"4812f6a6-c607-4274-b3fc-5789fe397209","2010-04-12 09:41:00.000000","LRF1572","gdavid@mdck.com","N","N","Lisandra.Ramona.Foreman@dtaa.com","13","0"
"4ad6362d-15ae-49a1-9d8c-7164db64c855","2010-04-12 09:44:00.000000","LRF1572","drusso@reliantenergy.com","N","N","Lisandra.Ramona.Foreman@dtaa.com","275","0"
"3ce35767-dd34-4659-8823-736bde41d161","2010-04-13 11:23:00.000000","LRF1572","Xantha.Felicia.Lyons@dtaa.com","N","N","Lisandra.Ramona.Foreman@dtaa.com","562","0"
"b7b30880-3dfa-4d2a-8886-7439d4a69f35","2010-04-16 17:29:00.000000","LRF1572","Xantha.Felicia.Lyons@dtaa.com","N","N","Lisandra.Ramona.Foreman@dtaa.com","490","0"
"d6eef809-60f1-4d30-b1d9-9f4aacece560","2010-04-16 17:30:00.000000","LRF1572","Xantha.Felicia.Lyons@dtaa.com","N","N","Lisandra.Ramona.Foreman@dtaa.com","1736","0"
"24fd33e7-cb9b-4681-a85b-cd1ad4d914fc","2010-04-18 14:05:00.000000","LRF1572","Whoopi.Maite.Maxwell@dtaa.com","N","N","Lisandra.Ramona.Foreman@dtaa.com","550","0"
"1d24c924-37d5-4a25-9a0d-fa95c54ff9b5","2010-04-18 14:33:00.000000","LRF1572","Xantha.Felicia.Lyons@dtaa.com","N","N","Lisandra.Ramona.Foreman@dtaa.com","1629","0"
"c28a15cb-63e6-4b1d-95e0-c08deed0e77b","2010-04-18 17:00:00.000000","LRF1572","Whoopi.Maite.Maxwell@dtaa.com","N","N","Lisandra.Ramona.Foreman@dtaa.com","554","0"
"c6a9e509-9255-4a4c-9a92-96a8c162e335","2010-04-18 17:01:00.000000","LRF1572","Whoopi.Maite.Maxwell@dtaa.com","N","N","Lisandra.Ramona.Foreman@dtaa.com","849","0"
"d15548f0-446e-4603-9e78-14c43de9cb3c","2010-04-19 08:48:00.000000","LRF1572","Whoopi.Maite.Maxwell@dtaa.com","N","N","Lisandra.Ramona.Foreman@dtaa.com","451","0"
"b87acd37-cbe2-4d60-bceb-5e68869f425f","2010-04-19 11:16:00.000000","LRF1572","Jescie.Kristen.Conley@dtaa.com","N","N","Lisandra.Ramona.Foreman@dtaa.com","38","0"
"f335298f-297d-4817-aa59-e3b4306acea2","2010-04-19 15:17:00.000000","LRF1572","Xantha.Felicia.Lyons@dtaa.com","N","N","Lisandra.Ramona.Foreman@dtaa.com","935","0"
"09b4d8b9-89a1-4ed2-a733-cc15efb8d072","2010-04-20 15:58:00.000000","LRF1572","Vanna.Jaden.Brennan@dtaa.com","N","N","Lisandra.Ramona.Foreman@dtaa.com","326","0"
