{T1I1-C9XO22CC-2862DQKK},2010-01-04 12:14:27.0,DCB0606,Lee.Yen.Frazier@dtaa.com,,,Darius.Colt.Bowen@dtaa.com,,23398,0
{G6K1-R4ND61KM-6618LGDT},2010-01-04 17:24:51.0,DCB0606,William.Abel.Wiley@dtaa.com,,,Darius.Colt.Bowen@dtaa.com,,22828,0
{J0T6-B0BU30NE-5700HHGF},2010-01-05 10:54:12.0,DCB0606,Benedict.Ivan.Rowe@dtaa.com;Jonathan.Marvin.Ashley@boeing.com;Vaughan.Ian.Finch@aol.com,,,Darius.Colt.Bowen@dtaa.com,,34817,0
{Q6C9-G7JA42IV-6136AWYZ},2010-01-05 11:46:29.0,DCB0606,Imani.Doris.Meyer@dtaa.com,,,Darius.Colt.Bowen@dtaa.com,,21232,0
{O6M4-M6KB84ZS-5027EKOZ},2010-01-06 07:57:34.0,DCB0606,Vaughan.Ian.Finch@aol.com,,,Darius.Colt.Bowen@dtaa.com,,31060,2
{T6M5-D5XI63TY-7151KBUN},2010-01-06 08:22:39.0,DCB0606,Jonathan.Marvin.Ashley@boeing.com,,,Darius.Colt.Bowen@dtaa.com,,30045,0
{I0A6-J3LP50FW-3045BTIG},2010-01-07 07:40:19.0,DCB0606,William.Abel.Wiley@dtaa.com,,,Darius.Colt.Bowen@dtaa.com,,30307,0
{R7N1-X7RX50KB-2584VVBW},2010-01-07 16:00:12.0,DCB0606,Zelenia.Lydia.Boyer@dtaa.com,,,Darius.Colt.Bowen@dtaa.com,,29799,0
{O8Y0-I3UH48LW-3956JTXI},2010-01-08 12:57:45.0,DCB0606,Fiona.Brianna.Reid@dtaa.com;Dana.Inga.Leach@dtaa.com,,,Darius.Colt.Bowen@dtaa.com,,53799,0
{T0V9-B3JN96YX-2936ZRGY},2010-01-11 13:27:29.0,DCB0606,William.Abel.Wiley@dtaa.com,,,Darius.Colt.Bowen@dtaa.com,,55493,0
{M5R4-A5HH63OB-9679XKRJ},2010-01-11 14:14:43.0,DCB0606,Kirsten.Nevada.Wilkerson@dtaa.com,,,Darius.Colt.Bowen@dtaa.com,,16010,0
{G7E5-A9KS01GL-4394EVMP},2010-01-12 11:44:01.0,DCB0606,Jackson.Fuller.Black@hotmail.com,,,Darius.Colt.Bowen@dtaa.com,,33987,3
{E0A5-A1DF70JC-7914TNDW},2010-01-13 07:40:06.0,DCB0606,Jackson.Fuller.Black@hotmail.com,,,Darius.Colt.Bowen@dtaa.com,,23154,0
{I5O7-T6QW14UC-1932JJHP},2010-01-14 12:20:27.0,DCB0606,Kamal.Judah.Fox@dtaa.com,,,Darius.Colt.Bowen@dtaa.com,,24467,3
{J3D9-O2AT32UD-7137UZDY},2010-01-14 16:18:01.0,DCB0606,Rhona.Aretha.Sykes@dtaa.com,,,Darius.Colt.Bowen@dtaa.com,,14719,2
{N8M8-S9CO47FS-2517PDRN},2010-01-15 07:29:41.0,DCB0606,Benedict.Ivan.Rowe@dtaa.com,,,Darius.Colt.Bowen@dtaa.com,,25512,0
{L4N9-S9SA31TP-2688TMKW},2010-01-15 09:00:48.0,DCB0606,Amelia.Ria.Richmond@dtaa.com,,,Darius.Colt.Bowen@dtaa.com,,35768,1
{B1O6-J0TO85UA-9391EGJR},2010-01-18 08:44:39.0,DCB0606,Dana.Inga.Leach@dtaa.com,,,Darius.Colt.Bowen@dtaa.com,,42362,0
{M5L0-W1AA16KB-6736YFTG},2010-01-18 11:47:18.0,DCB0606,Benedict.Ivan.Rowe@dtaa.com;Alfreda.Aline.Sweeney@dtaa.com,,,Darius.Colt.Bowen@dtaa.com,,46342,0
{F9R6-K3IS97RC-1401BJTM},2010-01-19 12:18:21.0,DCB0606,Jonathan.Marvin.Ashley@boeing.com,,,Darius.Colt.Bowen@dtaa.com,,64466,0
{U4L1-I0GB32VG-1674TRTA},2010-01-19 14:17:27.0,DCB0606,Amethyst.Suki.Norris@dtaa.com,,,Darius.Colt.Bowen@dtaa.com,,36878,0
{K1B4-E4HD88NR-1755WQSK},2010-01-20 15:23:31.0,DCB0606,Amethyst.Suki.Norris@dtaa.com,,,Darius.Colt.Bowen@dtaa.com,,35066,0
{J0Z6-T0PP61CE-9579NMKV},2010-01-21 07:17:43.0,DCB0606,Zelenia.Lydia.Boyer@dtaa.com,,,Darius.Colt.Bowen@dtaa.com,,31074,0
{Q9I4-T3DD97MO-0770MEES},2010-01-21 11:00:12.0,DCB0606,Amethyst.Suki.Norris@dtaa.com;Dawn.Tasha.Yang@optonline.net,,,Darius.Colt.Bowen@dtaa.com,,21025,7
{E9N2-A9FT63IC-3560PMZH},2010-01-22 12:03:56.0,DCB0606,Halee.Autumn.Craft@dtaa.com,,,Darius.Colt.Bowen@dtaa.com,,33428,0
{S4X9-R0JS49QR-5932FGJR},2010-01-22 13:52:18.0,DCB0606,Dawn.Tasha.Yang@optonline.net,,,Darius.Colt.Bowen@dtaa.com,,24616,1
{B7B9-I2FR76SI-0174GJIT},2010-01-25 09:08:02.0,DCB0606,Brooke.Leandra.Buchanan@gmail.com,,,Darius.Colt.Bowen@dtaa.com,,14753,0
{H9W8-D2ZS77AS-0030HCNE},2010-01-25 11:19:00.0,DCB0606,Dawn.Tasha.Yang@optonline.net,,,Darius.Colt.Bowen@dtaa.com,,44448,0
{K7M4-Q0IB99KU-5299LSFA},2010-01-26 07:49:14.0,DCB0606,Hall.Curran.Hood@dtaa.com,,,Darius.Colt.Bowen@dtaa.com,,20893,0
{I2D9-C1LJ96VC-3413OKDM},2010-01-27 11:03:25.0,DCB0606,Dawn.Tasha.Yang@optonline.net,,,Darius.Colt.Bowen@dtaa.com,,28102,0
{Q8V5-F9UT35OB-8241YVLW},2010-01-28 11:19:47.0,DCB0606,Georgia.Madison.Preston@dtaa.com,,,Darius.Colt.Bowen@dtaa.com,,24560,0
{E6J6-G3KC04XG-6608NJBX},2010-01-28 18:03:57.0,DCB0606,Lev.Baxter.Cabrera@dtaa.com;Dawn.Tasha.Yang@optonline.net,,,Darius.Colt.Bowen@dtaa.com,,18494,0
{R6B7-E2BK69SZ-8127FUEY},2010-01-29 13:07:08.0,DCB0606,Zelenia.Lydia.Boyer@dtaa.com;Hyacinth.Hanae.Leonard@dtaa.com;Dawn.Tasha.Yang@optonline.net,,,Darius.Colt.Bowen@dtaa.com,,19430,0
{R9K6-A9KQ98MH-1405OSQX},2010-01-29 15:19:34.0,DCB0606,Zelenia.Lydia.Boyer@dtaa.com;William.Abel.Wiley@dtaa.com,,,Darius.Colt.Bowen@dtaa.com,,37493,0
{S0B2-H9NN07SZ-9207OXMV},2010-02-01 14:49:21.0,DCB0606,Jackson.Fuller.Black@hotmail.com,,,Darius.Colt.Bowen@dtaa.com,,48339,0
{D7I6-P2KR93IQ-6955JKZN},2010-02-02 12:15:59.0,DCB0606,Dana.Inga.Leach@dtaa.com;Jackson.Fuller.Black@hotmail.com,,,Darius.Colt.Bowen@dtaa.com,,23714,0
{G1Q3-X2ZM55PH-6696BRZX},2010-02-02 13:08:57.0,DCB0606,Jackson.Fuller.Black@hotmail.com,,,Darius.Colt.Bowen@dtaa.com,,19250,1
{X5B0-D5LO01OY-5644FPEY},2010-02-03 09:11:07.0,DCB0606,Jonathan.Marvin.Ashley@boeing.com,,,Darius.Colt.Bowen@dtaa.com,,23981,0
{W4K5-D2OX88EG-3381DIFG},2010-02-03 14:47:44.0,DCB0606,Jonathan.Marvin.Ashley@boeing.com,,,Darius.Colt.Bowen@dtaa.com,,28958,0
{L1U0-O8WL25ZC-5957VXCV},2010-02-04 09:09:17.0,DCB0606,Jonathan.Marvin.Ashley@boeing.com,,,Darius.Colt.Bowen@dtaa.com,,27097,0
{X5M0-M7IZ42DS-7448PQZP},2010-02-04 10:25:35.0,DCB0606,Amethyst.Suki.Norris@dtaa.com;William.Abel.Wiley@dtaa.com;Dana.Inga.Leach@dtaa.com,,,Darius.Colt.Bowen@dtaa.com,,25161,1
{A7P3-E2JI17IZ-2068OHFG},2010-02-05 07:22:22.0,DCB0606,Jackson.Fuller.Black@hotmail.com,,,Darius.Colt.Bowen@dtaa.com,,29155,0
{D7Z8-U9QY00TG-7798EZGT},2010-02-05 09:40:26.0,DCB0606,Avram.Nasim.Roach@dtaa.com;Gloria.Vielka.Sykes@harris.com,,,Darius.Colt.Bowen@dtaa.com,,31401,2
{L2W4-E6TE65WR-6873RQAP},2010-02-08 14:38:01.0,DCB0606,Vaughan.Ian.Finch@aol.com,,,Darius.Colt.Bowen@dtaa.com,,26643,0
{P7L9-I4KJ12GG-4579TAHK},2010-02-08 15:39:00.0,DCB0606,Benedict.Ivan.Rowe@dtaa.com,,,Darius.Colt.Bowen@dtaa.com,,38259,0
{T8S4-I8FH59PM-0981EPJH},2010-02-09 07:53:42.0,DCB0606,Jonathan.Marvin.Ashley@boeing.com,,,Darius.Colt.Bowen@dtaa.com,,15295,0
{P8S4-Z6OF48UZ-9261RFYG},2010-02-09 10:42:15.0,DCB0606,Vaughan.Ian.Finch@aol.com,,,Darius.Colt.Bowen@dtaa.com,,30239,0
{H3W9-H2MU39AE-6431WPJH},2010-02-09 11:01:20.0,DCB0606,Lester.Thane.Johns@dtaa.com;Zelenia.Lydia.Boyer@dtaa.com,,,Darius.Colt.Bowen@dtaa.com,,20353,0
{H6Y0-E3YT40DQ-7369HSRH},2010-02-10 09:06:14.0,DCB0606,Zelenia.Lydia.Boyer@dtaa.com,,,Darius.Colt.Bowen@dtaa.com,,23028,0
{X0L2-Q3VN58UC-7485TLFH},2010-02-10 13:16:15.0,DCB0606,Zelenia.Lydia.Boyer@dtaa.com;Jackson.Fuller.Black@hotmail.com,,,Darius.Colt.Bowen@dtaa.com,,25474,0
{L7N3-C5NP27RA-9899AGTV},2010-02-11 14:50:46.0,DCB0606,Amethyst.Suki.Norris@dtaa.com,,,Darius.Colt.Bowen@dtaa.com,,23662,0
{U7Z1-W9CM86ZF-0896NXID},2010-02-11 17:41:57.0,DCB0606,Keefe.Darius.Duran@dtaa.com,,,Darius.Colt.Bowen@dtaa.com,,27625,0
{H3K5-V1UX00ED-6810DGYK},2010-02-12 07:52:03.0,DCB0606,Amethyst.Suki.Norris@dtaa.com,,,Darius.Colt.Bowen@dtaa.com,,32167,0
{Q6Q0-R0GL48OB-5793AHUV},2010-02-12 17:16:23.0,DCB0606,Dana.Inga.Leach@dtaa.com,,,Darius.Colt.Bowen@dtaa.com,,33736,0
{A3T0-C0XA06XX-4244XQWH},2010-02-15 13:52:08.0,DCB0606,Eden.Ahmed.Fitzgerald@dtaa.com;Dana.Inga.Leach@dtaa.com;Vaughan.Ian.Finch@aol.com,,,Darius.Colt.Bowen@dtaa.com,,16890,0
{M8U9-T5RN98CN-8578TOEJ},2010-02-15 15:08:03.0,DCB0606,Ella.Rhonda.Logan@dtaa.com,,,Darius.Colt.Bowen@dtaa.com,,22295,0
{R2Y9-B7XZ44MZ-6524ONFD},2010-02-16 09:29:47.0,DCB0606,Jonathan.Marvin.Ashley@boeing.com,,,Darius.Colt.Bowen@dtaa.com,,47346,0
{K5X4-U0CE75DG-2398UUTB},2010-02-16 13:39:06.0,DCB0606,Benedict.Ivan.Rowe@dtaa.com,,,Darius.Colt.Bowen@dtaa.com,,22780,0
{E2O7-H6MA06LP-4588TVIT},2010-02-16 15:35:46.0,DCB0606,William.Abel.Wiley@dtaa.com,,,Darius.Colt.Bowen@dtaa.com,,40716,2
{O5T3-L1VR80SQ-2648CVWA},2010-02-17 08:21:28.0,DCB0606,William.Abel.Wiley@dtaa.com,,,Darius.Colt.Bowen@dtaa.com,,25514,0
{W7Z8-B5FF23YS-9315ZSNZ},2010-02-17 08:40:32.0,DCB0606,Vaughan.Ian.Finch@aol.com,,,Darius.Colt.Bowen@dtaa.com,,32904,0
{S5K0-Y6AV77NM-6530VXRS},2010-02-18 11:33:36.0,DCB0606,Dawn.Tasha.Yang@optonline.net;Vaughan.Ian.Finch@aol.com,,,Darius.Colt.Bowen@dtaa.com,,66302,0
{B0L7-Z5RW24SI-4953RYVP},2010-02-19 09:00:50.0,DCB0606,Ferris.Thomas.Vargas@dtaa.com;Dawn.Tasha.Yang@optonline.net,,,Darius.Colt.Bowen@dtaa.com,,16567,0
{D1V7-C6YB63VW-1754SAQK},2010-02-19 15:59:59.0,DCB0606,Dana.Inga.Leach@dtaa.com;Vaughan.Ian.Finch@aol.com,,,Darius.Colt.Bowen@dtaa.com,,36441,0
{Y5D1-U6HZ40CZ-2642QKQA},2010-02-19 16:54:40.0,DCB0606,May.Tatum.Clemons@raytheon.com,,,Darius.Colt.Bowen@dtaa.com,,29523,0
{E1A5-Y8YX56IF-9459LMBY},2010-02-22 07:25:21.0,DCB0606,Benedict.Ivan.Rowe@dtaa.com,,,Darius.Colt.Bowen@dtaa.com,,35007,0
{F6P9-D8LN62BZ-9708SFGL},2010-02-22 10:45:43.0,DCB0606,Athena.Sylvia.Russo@dtaa.com,,,Darius.Colt.Bowen@dtaa.com,,23255,0
{Y9X8-E8NC36IY-0101KMSB},2010-02-22 16:47:04.0,DCB0606,Dana.Inga.Leach@dtaa.com,,,Darius.Colt.Bowen@dtaa.com,,21883,0
{O6F7-E3ZO61RJ-8951SGMV},2010-02-23 13:20:15.0,DCB0606,Dawn.Tasha.Yang@optonline.net;Pearl.Libby.Montgomery@sbcglobal.net;Jonathan.Marvin.Ashley@boeing.com,,,Darius.Colt.Bowen@dtaa.com,,19972,0
{Q2I3-N2VT25EZ-5650OUYZ},2010-02-23 17:38:42.0,DCB0606,Dana.Inga.Leach@dtaa.com;Leo.Edward.Hopkins@dtaa.com,,,Darius.Colt.Bowen@dtaa.com,,32386,0
{C5L2-Q1PS55FA-4721XZYW},2010-02-24 11:40:42.0,DCB0606,Hanae.Kiayada.Holder@dtaa.com,,,Darius.Colt.Bowen@dtaa.com,,34177,0
{C9D5-P8XW11VI-9607MFYO},2010-02-24 12:29:17.0,DCB0606,Brooke.Leandra.Buchanan@gmail.com,,,Darius.Colt.Bowen@dtaa.com,,17217,2
{E5F9-S6EW58SW-5181JIEP},2010-02-25 16:53:19.0,DCB0606,Arden.Wayne.Riley@dtaa.com,,,Darius.Colt.Bowen@dtaa.com,,33509,0
{Q8G7-S5PH42HA-6136ITQI},2010-02-26 12:27:47.0,DCB0606,Dawn.Tasha.Yang@optonline.net,,,Darius.Colt.Bowen@dtaa.com,,24574,0
{P3E4-Q7KQ31AL-8195SBAP},2010-02-26 13:21:39.0,DCB0606,Zelenia.Lydia.Boyer@dtaa.com;Dana.Inga.Leach@dtaa.com,,,Darius.Colt.Bowen@dtaa.com,,27478,5
{N1E2-B3JZ75RZ-6449LWRI},2010-03-01 14:11:35.0,DCB0606,Benedict.Ivan.Rowe@dtaa.com;Jonathan.Marvin.Ashley@boeing.com,,,Darius.Colt.Bowen@dtaa.com,,31345,0
{I2R3-K6TP31WQ-5911ZHSR},2010-03-01 14:49:44.0,DCB0606,Jonathan.Marvin.Ashley@boeing.com,,,Darius.Colt.Bowen@dtaa.com,,26298,0
{Q3F0-O8PH29DF-5965KDFE},2010-03-02 07:40:16.0,DCB0606,Ahmed.Merrill.Rodgers@dtaa.com,,,Darius.Colt.Bowen@dtaa.com,,21321,0
{H8L3-S4JC55RP-2394NPCY},2010-03-02 08:25:06.0,DCB0606,Andrew.Nicholas.Shields@aol.com,,,Darius.Colt.Bowen@dtaa.com,,34307,0
{G0G0-Y1CW80JG-9478OKCX},2010-03-03 12:53:00.0,DCB0606,Amethyst.Suki.Norris@dtaa.com,,,Darius.Colt.Bowen@dtaa.com,,33743,0
{M1S9-S1IA12LK-6878ISVB},2010-03-03 17:38:46.0,DCB0606,Benedict.Ivan.Rowe@dtaa.com;Vaughan.Ian.Finch@aol.com,,,Darius.Colt.Bowen@dtaa.com,,17414,0
{X6A3-B4CD83KJ-9557ORPW},2010-03-04 07:53:51.0,DCB0606,Amethyst.Suki.Norris@dtaa.com,,,Darius.Colt.Bowen@dtaa.com,,20698,0
{W5K6-X4FS31BL-2684FDGD},2010-03-08 12:13:31.0,DCB0606,Jonathan.Marvin.Ashley@boeing.com,,,Darius.Colt.Bowen@dtaa.com,,30575,0
{N7U3-F7WK88UY-8576AOTH},2010-03-08 13:55:43.0,DCB0606,Amethyst.Suki.Norris@dtaa.com,,,Darius.Colt.Bowen@dtaa.com,,26855,0
{B7O5-Z4RN84LF-1513VBCD},2010-03-09 08:15:30.0,DCB0606,Benedict.Ivan.Rowe@dtaa.com,,,Darius.Colt.Bowen@dtaa.com,,43058,0
{M4K4-N8OV07VB-4605TIJH},2010-03-09 17:06:11.0,DCB0606,Dawn.Tasha.Yang@optonline.net,,,Darius.Colt.Bowen@dtaa.com,,32013,0
{U5V7-S6BH63EE-4670UWLX},2010-03-11 12:53:42.0,DCB0606,Vaughan.Ian.Finch@aol.com,,,Darius.Colt.Bowen@dtaa.com,,42786,0
{L2F4-G7MZ22IG-7905TXUU},2010-03-12 16:58:04.0,DCB0606,William.Abel.Wiley@dtaa.com;Maxwell.Mason.Osborne@dtaa.com,,,Darius.Colt.Bowen@dtaa.com,,28089,0
{J1D2-T6RQ83FW-1697GSNM},2010-03-12 17:46:07.0,DCB0606,Zelenia.Lydia.Boyer@dtaa.com,,,Darius.Colt.Bowen@dtaa.com,,29953,0
{I3I7-S0PE11CU-2357EJKW},2010-03-16 09:35:34.0,DCB0606,Dana.Inga.Leach@dtaa.com,,,Darius.Colt.Bowen@dtaa.com,,24745,1
{T7U5-K1KL53KC-9800HXLQ},2010-03-18 07:48:59.0,DCB0606,Jonathan.Marvin.Ashley@boeing.com,,,Darius.Colt.Bowen@dtaa.com,,34639,0
{C6P5-M9PD59HI-8243WYLC},2010-03-18 11:54:41.0,DCB0606,Dawn.Tasha.Yang@optonline.net,,,Darius.Colt.Bowen@dtaa.com,,34655,0
{G8K1-A8KV55FY-1312BTTG},2010-03-19 13:41:33.0,DCB0606,Shad.Prescott.Best@dtaa.com,,,Darius.Colt.Bowen@dtaa.com,,32413,0
{H7F3-I4IU82IC-7364WMFP},2010-03-19 15:23:45.0,DCB0606,Amethyst.Suki.Norris@dtaa.com,,,Darius.Colt.Bowen@dtaa.com,,28675,0
{L7Z2-Y3OO26BQ-6172ZKKO},2010-03-19 17:58:24.0,DCB0606,Rachel.Jeanette.Levine@dtaa.com;William.Abel.Wiley@dtaa.com;Barclay.Levi.Mckenzie@dtaa.com,,,Darius.Colt.Bowen@dtaa.com,,30888,0
{X7M4-W0RI06EG-5115MVMK},2010-03-22 14:13:33.0,DCB0606,Jonathan.Marvin.Ashley@boeing.com,,,Darius.Colt.Bowen@dtaa.com,,10856,0
{G9J3-X6IP27VV-9018RCQH},2010-03-24 08:17:05.0,DCB0606,Neve.Jada.Douglas@bellsouth.net,,,Darius.Colt.Bowen@dtaa.com,,63728,0
{T8V9-N5WZ20IH-6508OCXI},2010-03-24 09:47:40.0,DCB0606,Kelly.Elton.Porter@dtaa.com,,,Darius.Colt.Bowen@dtaa.com,,48166,1
{Y2P7-O2BG77FI-1703ZIHN},2010-03-25 09:14:18.0,DCB0606,William.Abel.Wiley@dtaa.com,,,Darius.Colt.Bowen@dtaa.com,,29926,0
{M8C3-T7KX22ZQ-1800ZQIV},2010-03-25 15:00:26.0,DCB0606,Zelenia.Lydia.Boyer@dtaa.com;Dana.Inga.Leach@dtaa.com,,,Darius.Colt.Bowen@dtaa.com,,24184,0
{T7C4-D6BF16QP-7510RBCD},2010-03-26 10:43:21.0,DCB0606,Benedict.Ivan.Rowe@dtaa.com;William.Abel.Wiley@dtaa.com,,,Darius.Colt.Bowen@dtaa.com,,26301,0
{U2N1-N7TQ94TK-8205OYCL},2010-03-29 11:55:36.0,DCB0606,Amethyst.Suki.Norris@dtaa.com,,,Darius.Colt.Bowen@dtaa.com,,20604,0
{Z5G6-I6VK19VG-6461NUKJ},2010-03-29 14:05:28.0,DCB0606,Dawn.Tasha.Yang@optonline.net,,,Darius.Colt.Bowen@dtaa.com,,28457,0
{R7T4-W1YV54EB-1797HQOV},2010-03-30 15:43:18.0,DCB0606,Dana.Inga.Leach@dtaa.com,,,Darius.Colt.Bowen@dtaa.com,,27722,0
{C7V3-Y1GP74DC-7878WVZU},2010-03-30 17:17:41.0,DCB0606,Dawn.Tasha.Yang@optonline.net,,,Darius.Colt.Bowen@dtaa.com,,21310,0
{F7G5-Z2FV45EL-2808ZFFH},2010-03-31 12:54:10.0,DCB0606,Benedict.Ivan.Rowe@dtaa.com;Dana.Inga.Leach@dtaa.com;Vaughan.Ian.Finch@aol.com;Dawn.Tasha.Yang@optonline.net,,,Darius.Colt.Bowen@dtaa.com,,21657,0
{F3D8-C0CG53TA-9358UKBO},2010-03-31 17:48:28.0,DCB0606,Darius.Eagan.Ingram@dtaa.com,,,Darius.Colt.Bowen@dtaa.com,,26884,1
{U2L4-O7NF17TG-2858WULX},2010-04-01 10:35:00.0,DCB0606,Sarah.Bryar.Whitfield@dtaa.com,,,Darius.Colt.Bowen@dtaa.com,,50075,0
{N1B4-C9MX09WN-4172LKKC},2010-04-01 17:47:36.0,DCB0606,Zelenia.Lydia.Boyer@dtaa.com;Jackson.Fuller.Black@hotmail.com,,,Darius.Colt.Bowen@dtaa.com,,43674,0
{X3F7-J6LY24MB-9652PNEL},2010-04-07 08:02:45.0,DCB0606,Amethyst.Suki.Norris@dtaa.com,,,Darius.Colt.Bowen@dtaa.com,,29385,0
{U4T5-W4DD91CN-4610HGXP},2010-04-07 12:38:55.0,DCB0606,Iliana.Ruth.Foley@dtaa.com;Suki.Mallory.Baker@dtaa.com,,,Darius.Colt.Bowen@dtaa.com,,37239,0
{N7S6-I8NJ50QD-0169DDJK},2010-04-08 13:00:57.0,DCB0606,Nyssa.Zephr.Tyler@dtaa.com;Kitra.Jenette.Chambers@dtaa.com;Amethyst.Suki.Norris@dtaa.com,,,Darius.Colt.Bowen@dtaa.com,,24283,0
{B0D6-C5PX96FH-0509MIPW},2010-04-08 14:40:07.0,DCB0606,William.Abel.Wiley@dtaa.com;Destiny.Evelyn.Garza@optonline.net,,,Darius.Colt.Bowen@dtaa.com,,27322,1
{X4F9-I4BM68KK-9113GQFP},2010-04-12 08:24:37.0,DCB0606,Benedict.Ivan.Rowe@dtaa.com;Dana.Inga.Leach@dtaa.com,,,Darius.Colt.Bowen@dtaa.com,,24548,1
{X2P5-E6PL52HB-3888PNVV},2010-04-12 09:04:40.0,DCB0606,Kamal.Judah.Fox@dtaa.com;Benedict.Ivan.Rowe@dtaa.com,,,Darius.Colt.Bowen@dtaa.com,,19737,0
{D4C9-L3BA37DB-4907YCUN},2010-04-12 13:43:38.0,DCB0606,Rebekah.Orla.Moreno@dtaa.com,,,Darius.Colt.Bowen@dtaa.com,,22711,1
{J0H0-O8CN23ET-4701CEYO},2010-04-13 15:00:39.0,DCB0606,Shannon.Iola.Frye@dtaa.com,,,Darius.Colt.Bowen@dtaa.com,,24174,0
{M6U6-N7MM58RC-0944APHX},2010-04-13 17:05:18.0,DCB0606,Fulton.Channing.Carver@comcast.net,,,Darius.Colt.Bowen@dtaa.com,,28706,0
{W0I2-V3NN38YP-4837CQKI},2010-04-14 10:33:52.0,DCB0606,Jackson.Fuller.Black@hotmail.com,,,Darius.Colt.Bowen@dtaa.com,,69757,0
{J5H7-W3VV45SM-2298VITI},2010-04-15 15:59:05.0,DCB0606,Zelenia.Lydia.Boyer@dtaa.com,,,Darius.Colt.Bowen@dtaa.com,,21577,1
{P3I4-U6CY13ZT-8394QCPO},2010-04-15 16:24:21.0,DCB0606,Vladimir.Dale.Tyson@dtaa.com,,,Darius.Colt.Bowen@dtaa.com,,19926,0
{U3F4-D5ZE48BP-5684MUYW},2010-04-15 17:26:21.0,DCB0606,Pearl.Stella.Silva@dtaa.com;Guy.Lev.Parrish@dtaa.com,,,Darius.Colt.Bowen@dtaa.com,,38348,0
{Q7F5-K9MM51OD-5926XGQC},2010-04-19 07:53:53.0,DCB0606,Zelenia.Lydia.Boyer@dtaa.com;Vaughan.Ian.Finch@aol.com,,,Darius.Colt.Bowen@dtaa.com,,16605,0
{Q7G2-X2GH37MV-6941DDPE},2010-04-20 08:52:19.0,DCB0606,Benedict.Ivan.Rowe@dtaa.com;Amethyst.Suki.Norris@dtaa.com;Vaughan.Ian.Finch@aol.com,,,Darius.Colt.Bowen@dtaa.com,,16388,0
{P7Y6-Q9ZL57NQ-2715NOPT},2010-04-20 09:35:53.0,DCB0606,Tatyana.Kendall.Gamble@dtaa.com;Dana.Inga.Leach@dtaa.com,,,Darius.Colt.Bowen@dtaa.com,,29304,2
{E9Q9-M1LU07JZ-4643UKHP},2010-04-20 14:26:53.0,DCB0606,Jonathan.Marvin.Ashley@boeing.com,,,Darius.Colt.Bowen@dtaa.com,,29253,0
{E5N2-A0QI55EF-3738AXPF},2010-04-21 16:04:27.0,DCB0606,Dana.Inga.Leach@dtaa.com,,,Darius.Colt.Bowen@dtaa.com,,31638,0
{M4B7-P1OU58LZ-3321TSRF},2010-04-23 17:31:43.0,DCB0606,William.Abel.Wiley@dtaa.com,,,Darius.Colt.Bowen@dtaa.com,,45694,0
{O9T5-W0UT91ZA-1250HGMA},2010-04-26 08:04:39.0,DCB0606,Dana.Inga.Leach@dtaa.com;Fritz.Buckminster.Patton@dtaa.com,,,Darius.Colt.Bowen@dtaa.com,,42150,1
{C3L6-G2QK62JC-8398JJGY},2010-04-26 10:40:58.0,DCB0606,Jonathan.Marvin.Ashley@boeing.com,,,Darius.Colt.Bowen@dtaa.com,,20802,0
{Y1J0-O8JV15RX-8856TGVR},2010-04-26 11:49:21.0,DCB0606,Benedict.Ivan.Rowe@dtaa.com,,,Darius.Colt.Bowen@dtaa.com,,45938,0
{D7I4-Z4SD21JX-2395HJMY},2010-04-27 11:08:34.0,DCB0606,Vaughan.Ian.Finch@aol.com;Jonathan.Marvin.Ashley@boeing.com,,,Darius.Colt.Bowen@dtaa.com,,23877,3
{T0D0-V9QM47ZV-5844ERDP},2010-04-28 14:22:53.0,DCB0606,Vaughan.Ian.Finch@aol.com,,,Darius.Colt.Bowen@dtaa.com,,50922,0
{P7O0-J1RI22JA-2084HPRD},2010-04-28 14:26:19.0,DCB0606,Dana.Inga.Leach@dtaa.com,,,Darius.Colt.Bowen@dtaa.com,,31497,0
{M9Z7-C3FC49CI-9158VGMS},2010-04-28 15:42:32.0,DCB0606,Danielle.Quon.Mosley@dtaa.com,,,Darius.Colt.Bowen@dtaa.com,,22074,0
{Y8Y1-B4VF46JU-9415WOFQ},2010-04-29 07:48:39.0,DCB0606,William.Abel.Wiley@dtaa.com,,,Darius.Colt.Bowen@dtaa.com,,50530,0
{O7Q9-Y9GI13GL-6216PNGF},2010-04-29 16:22:51.0,DCB0606,Madeline.Mia.Schultz@dtaa.com;Dawn.Tasha.Yang@optonline.net,,,Darius.Colt.Bowen@dtaa.com,,49286,0
{S5X9-D7FD63EF-4289DUPB},2010-04-30 17:26:58.0,DCB0606,Quynn.Rylee.Hood@dtaa.com,,,Darius.Colt.Bowen@dtaa.com,,29082,0
{F0N6-A9XT65DJ-5893TCEL},2010-05-04 16:13:07.0,DCB0606,Ocean.Clementine.Long@dtaa.com,,,Darius.Colt.Bowen@dtaa.com,,20027,0
{M7C3-K6RX16HU-3596SDQL},2010-05-05 11:42:30.0,DCB0606,Dana.Inga.Leach@dtaa.com;Rhona.Paula.Hammond@dtaa.com,,,Darius.Colt.Bowen@dtaa.com,,46716,0
{I9U5-J8GX19FW-1584LQIW},2010-05-05 13:35:19.0,DCB0606,Dana.Inga.Leach@dtaa.com,,,Darius.Colt.Bowen@dtaa.com,,17409,0
{E9M2-C9GF29JV-8814FKSU},2010-05-06 15:02:11.0,DCB0606,Pearl.Libby.Montgomery@sbcglobal.net,,,Darius.Colt.Bowen@dtaa.com,,28666,0
{T4R6-Q9AZ32KY-0096SQFA},2010-05-07 08:50:40.0,DCB0606,Vaughan.Ian.Finch@aol.com,,,Darius.Colt.Bowen@dtaa.com,,17352,0
{O2E0-O4UN06BR-7402KLCO},2010-05-07 14:12:00.0,DCB0606,William.Abel.Wiley@dtaa.com,,,Darius.Colt.Bowen@dtaa.com,,22123,0
{U6S2-U2DC20YF-4926AOGF},2010-05-10 18:06:52.0,DCB0606,Amethyst.Suki.Norris@dtaa.com,,,Darius.Colt.Bowen@dtaa.com,,38606,1
{Z0H6-B5IS99LE-7756XNWU},2010-05-11 10:02:32.0,DCB0606,Vladimir.Dale.Tyson@dtaa.com;Benedict.Ivan.Rowe@dtaa.com,,,Darius.Colt.Bowen@dtaa.com,,25665,2
{R8X0-X4PN23BK-4439FRFG},2010-05-11 10:07:14.0,DCB0606,Benedict.Ivan.Rowe@dtaa.com,,,Darius.Colt.Bowen@dtaa.com,,45472,0
{K6T4-F8QK75FG-4458TVZY},2010-05-12 12:33:54.0,DCB0606,William.Abel.Wiley@dtaa.com,,,Darius.Colt.Bowen@dtaa.com,,29188,0
{T2B0-A0QH59CI-7641NBZC},2010-05-12 15:06:02.0,DCB0606,Cynthia.Blythe.Jenkins@dtaa.com,,,Darius.Colt.Bowen@dtaa.com,,19407,0
{J1J2-U9LS63LM-6354IOKI},2010-05-13 12:23:53.0,DCB0606,William.Abel.Wiley@dtaa.com;Caesar.Tiger.Wells@dtaa.com,,,Darius.Colt.Bowen@dtaa.com,,25490,0
{B7O6-F7XG02II-9573QYFH},2010-05-14 07:26:23.0,DCB0606,Oscar.Simon.Terry@dtaa.com;Cullen.Arden.Wolf@dtaa.com,,,Darius.Colt.Bowen@dtaa.com,,33887,0
{P7M8-O9BA11MC-9099MWHV},2010-05-14 16:08:24.0,DCB0606,Amethyst.Suki.Norris@dtaa.com,,,Darius.Colt.Bowen@dtaa.com,,28516,0
{R3G7-U4AU26GD-1352FZLA},2010-05-17 13:04:10.0,DCB0606,Benedict.Ivan.Rowe@dtaa.com,,,Darius.Colt.Bowen@dtaa.com,,20767,0
{O1L9-J0ON17SL-5905NQFZ},2010-05-18 11:11:51.0,DCB0606,Jackson.Fuller.Black@hotmail.com,,,Darius.Colt.Bowen@dtaa.com,,15267,0
{D6D6-Q9GZ45KQ-1555WAGM},2010-05-19 07:39:12.0,DCB0606,Autumn.Shaeleigh.Fox@dtaa.com,,,Darius.Colt.Bowen@dtaa.com,,38596,0
{H3Z3-M6ON70EE-1682NIOK},2010-05-19 12:59:49.0,DCB0606,Vaughan.Ian.Finch@aol.com,,,Darius.Colt.Bowen@dtaa.com,,36344,0
{T5M5-U6CH47QA-7561WCJK},2010-05-20 07:55:52.0,DCB0606,William.Abel.Wiley@dtaa.com,,,Darius.Colt.Bowen@dtaa.com,,37737,0
{R0L9-T1JB13VQ-7844ZZBJ},2010-05-20 09:00:31.0,DCB0606,Pearl.Libby.Montgomery@sbcglobal.net,,,Darius.Colt.Bowen@dtaa.com,,34555,0
{G4V3-U7VC55NA-1325ZEXR},2010-05-21 07:26:59.0,DCB0606,Zelenia.Lydia.Boyer@dtaa.com;Dana.Inga.Leach@dtaa.com;Thane.Zeph.Hoffman@sbcglobal.net,,,Darius.Colt.Bowen@dtaa.com,,42005,0
{T8S9-A8HN73CT-7939NZWR},2010-05-24 07:44:42.0,DCB0606,Zelenia.Lydia.Boyer@dtaa.com;Amethyst.Suki.Norris@dtaa.com,,,Darius.Colt.Bowen@dtaa.com,,30319,0
{K8E6-V4AB11ZG-8954ATQV},2010-05-24 10:26:38.0,DCB0606,Cyrus.Macaulay.Middleton@dtaa.com;Basia.Lara.Lloyd@dtaa.com;Vaughan.Ian.Finch@aol.com,,,Darius.Colt.Bowen@dtaa.com,,26036,2
{U3I3-O7GA17VK-9497CCIF},2010-05-25 08:43:26.0,DCB0606,Zelenia.Lydia.Boyer@dtaa.com,,,Darius.Colt.Bowen@dtaa.com,,37811,0
{M5N5-E1YO28TR-2927CHYV},2010-05-25 17:44:51.0,DCB0606,Benedict.Ivan.Rowe@dtaa.com,,,Darius.Colt.Bowen@dtaa.com,,34062,0
{Q8C3-J0DI77OO-9225XFEB},2010-05-26 13:51:01.0,DCB0606,Akeem.Xanthus.Bryant@dtaa.com,,,Darius.Colt.Bowen@dtaa.com,,18520,0
{G6E5-S6BI90EN-9624CNHC},2010-05-27 07:36:57.0,DCB0606,Benedict.Ivan.Rowe@dtaa.com,,,Darius.Colt.Bowen@dtaa.com,,50878,0
{Q2A3-U4YV94SA-9741TWCY},2010-05-27 12:10:44.0,DCB0606,Jonathan.Marvin.Ashley@boeing.com,,,Darius.Colt.Bowen@dtaa.com,,29115,0
{I4M8-N5KK36GT-4875VQIC},2010-05-27 16:46:42.0,DCB0606,Zelenia.Lydia.Boyer@dtaa.com,,,Darius.Colt.Bowen@dtaa.com,,22629,0
{B4G5-Q6GY23TD-5817QAUT},2010-06-03 17:56:20.0,DCB0606,Dana.Inga.Leach@dtaa.com,,,Darius.Colt.Bowen@dtaa.com,,32171,0
{S4W3-S7DA69MH-3177RQPX},2010-06-08 09:29:07.0,DCB0606,Jackson.Fuller.Black@hotmail.com,,,Darius.Colt.Bowen@dtaa.com,,19078,0
{R1F6-O3VG51WF-8473NYIO},2010-06-10 08:06:58.0,DCB0606,Jackson.Fuller.Black@hotmail.com,,,Darius.Colt.Bowen@dtaa.com,,23582,0
{L7X1-C9ES54NJ-6845ZMNG},2010-06-10 16:25:52.0,DCB0606,Dana.Inga.Leach@dtaa.com,,,Darius.Colt.Bowen@dtaa.com,,37118,0
{X7C3-G8EA62VK-2661DUSE},2010-06-11 09:20:57.0,DCB0606,Vaughan.Ian.Finch@aol.com,,,Darius.Colt.Bowen@dtaa.com,,34537,0
{A2P2-T9EN09ID-6186JUSQ},2010-06-11 09:22:37.0,DCB0606,Shaeleigh.Melinda.Diaz@dtaa.com,,,Darius.Colt.Bowen@dtaa.com,,29045,0
{W5Z1-U1IK67GE-2217TITZ},2010-06-11 09:29:13.0,DCB0606,Dana.Inga.Leach@dtaa.com,,,Darius.Colt.Bowen@dtaa.com,,45999,0
{U0R1-Y0IJ34BA-2295SHQN},2010-06-14 09:29:59.0,DCB0606,Thomas.Garrison.Flynn@dtaa.com;Salvador.Quinn.Price@dtaa.com,,,Darius.Colt.Bowen@dtaa.com,,16011,0
{J5P8-Y2KR86ZH-5319FSTY},2010-06-15 11:41:49.0,DCB0606,Vaughan.Ian.Finch@aol.com,,,Darius.Colt.Bowen@dtaa.com,,12914,0
{O6X7-A7LQ41YI-0939NTMW},2010-06-15 12:47:59.0,DCB0606,Benedict.Ivan.Rowe@dtaa.com;Pearl.Libby.Montgomery@sbcglobal.net;Jackson.Fuller.Black@hotmail.com;Vaughan.Ian.Finch@aol.com,,,Darius.Colt.Bowen@dtaa.com,,28818,0
{S2T0-J6NZ34ZU-9121AVGD},2010-06-15 16:53:29.0,DCB0606,Dakota.Clare.Williamson@dtaa.com,,,Darius.Colt.Bowen@dtaa.com,,23693,0
{B0K3-H2GC29PG-4638JZAH},2010-06-16 15:20:02.0,DCB0606,Dana.Inga.Leach@dtaa.com,,,Darius.Colt.Bowen@dtaa.com,,29512,0
{S4T3-L7EA97CB-1778OUXQ},2010-06-17 10:16:42.0,DCB0606,Vaughan.Ian.Finch@aol.com,,,Darius.Colt.Bowen@dtaa.com,,29828,0
{Y2Y0-Y9RX07EW-3802BYKM},2010-06-18 09:00:43.0,DCB0606,Zelenia.Lydia.Boyer@dtaa.com;Jonathan.Marvin.Ashley@boeing.com,,,Darius.Colt.Bowen@dtaa.com,,12528,1
{W5U8-R2HH67TI-2244SIQH},2010-06-18 11:53:14.0,DCB0606,William.Abel.Wiley@dtaa.com;Benedict.Ivan.Rowe@dtaa.com,,,Darius.Colt.Bowen@dtaa.com,,39110,0
{R2P7-U1KB81AE-9627MWWZ},2010-06-21 13:29:14.0,DCB0606,Jackson.Fuller.Black@hotmail.com,,,Darius.Colt.Bowen@dtaa.com,,37835,0
{Z4Z7-S2ZM55QF-5621VVNX},2010-06-22 08:33:30.0,DCB0606,Jackson.Fuller.Black@hotmail.com;Pearl.Libby.Montgomery@sbcglobal.net,,,Darius.Colt.Bowen@dtaa.com,,51044,0
{E0W6-J9QM58YD-4365HAAM},2010-06-22 13:26:31.0,DCB0606,Stella.Ursula.Velasquez@dtaa.com,,,Darius.Colt.Bowen@dtaa.com,,40553,0
{T6W5-X7TN42JP-9209JUJJ},2010-06-24 11:53:57.0,DCB0606,Eden.Ahmed.Fitzgerald@dtaa.com,,,Darius.Colt.Bowen@dtaa.com,,19362,0
{H8J1-G1ZN74GO-6904DCTZ},2010-06-24 15:48:32.0,DCB0606,Upton.Kevin.Wilcox@dtaa.com,,,Darius.Colt.Bowen@dtaa.com,,22919,2
{K4X2-N5ML50LR-7770UHPN},2010-06-25 11:10:34.0,DCB0606,Benedict.Ivan.Rowe@dtaa.com,,,Darius.Colt.Bowen@dtaa.com,,23726,0
{H6S1-C0UY89CZ-0892ZOWU},2010-06-29 11:47:14.0,DCB0606,Zelenia.Lydia.Boyer@dtaa.com,,,Darius.Colt.Bowen@dtaa.com,,16498,0
{G9B8-S7QQ72DY-5571JWUE},2010-06-30 08:09:48.0,DCB0606,Amethyst.Suki.Norris@dtaa.com,,,Darius.Colt.Bowen@dtaa.com,,31240,0
{V8G2-D7BH96KC-1721UPNC},2010-06-30 09:38:47.0,DCB0606,Dana.Inga.Leach@dtaa.com;Nicole.Maris.Valentine@dtaa.com,,,Darius.Colt.Bowen@dtaa.com,,34918,2
{T8W7-M0AM06IV-6932QWAR},2010-07-01 11:28:01.0,DCB0606,Dawn.Tasha.Yang@optonline.net,,,Darius.Colt.Bowen@dtaa.com,,25869,0
{W6J1-T2HY27WA-9958MMQW},2010-07-01 13:32:00.0,DCB0606,Benedict.Ivan.Rowe@dtaa.com,,,Darius.Colt.Bowen@dtaa.com,,28213,0
{U2X1-S8PE40LH-0664BYID},2010-07-01 14:39:36.0,DCB0606,Amethyst.Suki.Norris@dtaa.com,,,Darius.Colt.Bowen@dtaa.com,,26698,0
{K0L0-Q8JJ85RL-4655QLCD},2010-07-02 07:13:01.0,DCB0606,Amethyst.Suki.Norris@dtaa.com,,,Darius.Colt.Bowen@dtaa.com,,21974,0
{K1S8-X7UC85CJ-0846FIOI},2010-07-02 09:59:49.0,DCB0606,Suki.Noelle.Savage@dtaa.com,,,Darius.Colt.Bowen@dtaa.com,,35943,0
{V7Y0-N1EM15YQ-0905QQZK},2010-07-06 13:11:37.0,DCB0606,William.Abel.Wiley@dtaa.com,,,Darius.Colt.Bowen@dtaa.com,,33754,0
{B1L0-S5BB57FN-7386UJMB},2010-07-07 10:34:16.0,DCB0606,Madeson.Chanda.Foley@dtaa.com,,,Darius.Colt.Bowen@dtaa.com,,22552,0
{O5V7-D5HK12AT-7027QXIG},2010-07-07 15:05:34.0,DCB0606,Dawn.Tasha.Yang@optonline.net,,,Darius.Colt.Bowen@dtaa.com,,40302,0
{E5R5-S7ZC11LM-3058ZMWY},2010-07-08 16:06:01.0,DCB0606,Benedict.Ivan.Rowe@dtaa.com,,,Darius.Colt.Bowen@dtaa.com,,16776,0
{C0G5-F0GJ32RF-5498IVDK},2010-07-09 10:51:53.0,DCB0606,Dana.Inga.Leach@dtaa.com,,,Darius.Colt.Bowen@dtaa.com,,62897,0
{A4K5-E7NP18QJ-1544SFQS},2010-07-09 14:25:23.0,DCB0606,Benedict.Ivan.Rowe@dtaa.com;Ivana.Cecilia.Patton@dtaa.com,,,Darius.Colt.Bowen@dtaa.com,,23642,2
{P4Z1-P6KK00SU-6497LIBG},2010-07-12 07:34:18.0,DCB0606,Slade.Alexander.Washington@earthlink.net,,,Darius.Colt.Bowen@dtaa.com,,33440,0
{F3L8-A0TH91EY-5967GIEV},2010-07-12 13:17:59.0,DCB0606,Dana.Inga.Leach@dtaa.com;Vaughan.Ian.Finch@aol.com,,,Darius.Colt.Bowen@dtaa.com,,23651,0
{M6R3-M5YD35KY-6724OCZT},2010-07-15 14:52:13.0,DCB0606,Amethyst.Suki.Norris@dtaa.com,,,Darius.Colt.Bowen@dtaa.com,,32752,0
{Q1F0-O5IS24HP-1926BLUU},2010-07-16 13:43:04.0,DCB0606,Zelenia.Lydia.Boyer@dtaa.com,,,Darius.Colt.Bowen@dtaa.com,,21704,0
{A4P7-J3FG87HY-1486NOTN},2010-07-19 10:31:54.0,DCB0606,Deborah.Gwendolyn.Fitzpatrick@harris.com,,,Darius.Colt.Bowen@dtaa.com,,20227,0
{T9J5-Z6VY35IH-8395DYGA},2010-07-19 16:16:00.0,DCB0606,Beverly.Cheryl.Sweet@dtaa.com;Anastasia.Tamekah.Gaines@dtaa.com,,,Darius.Colt.Bowen@dtaa.com,,31743,2
{W5W5-B0VI88OW-4045DTAW},2010-07-20 12:14:29.0,DCB0606,Hunter.Flynn.Pope@dtaa.com,,,Darius.Colt.Bowen@dtaa.com,,45044,0
{P6N5-G7YL09ZW-2858KJVT},2010-07-21 07:37:00.0,DCB0606,Zelenia.Lydia.Boyer@dtaa.com,,,Darius.Colt.Bowen@dtaa.com,,39116,0
{R9M5-S5GB91SN-5073NGZB},2010-07-21 07:55:23.0,DCB0606,Benedict.Ivan.Rowe@dtaa.com,,,Darius.Colt.Bowen@dtaa.com,,26334,0
{R6V4-M0UP96PG-1168MDLV},2010-07-21 08:18:07.0,DCB0606,Vaughan.Ian.Finch@aol.com,,,Darius.Colt.Bowen@dtaa.com,,30051,0
{U6G0-M1JQ91AZ-5848MXYZ},2010-07-22 10:36:20.0,DCB0606,Benedict.Ivan.Rowe@dtaa.com;Dana.Inga.Leach@dtaa.com;Blossom.Lisandra.Boyer@dtaa.com,,,Darius.Colt.Bowen@dtaa.com,,29998,1
{R8G8-S4VK22ZI-8393IKSG},2010-07-22 16:57:25.0,DCB0606,Dana.Inga.Leach@dtaa.com,,,Darius.Colt.Bowen@dtaa.com,,28826,0
{C1E9-W3RV89ET-0445VYNT},2010-07-23 08:11:59.0,DCB0606,William.Abel.Wiley@dtaa.com,,,Darius.Colt.Bowen@dtaa.com,,21112,0
{G8N8-I7DN52RV-3330QXJQ},2010-07-26 10:30:28.0,DCB0606,Amethyst.Suki.Norris@dtaa.com,,,Darius.Colt.Bowen@dtaa.com,,29471,0
{K9C6-N6AY27IK-9438MXXZ},2010-07-26 14:46:10.0,DCB0606,Amethyst.Suki.Norris@dtaa.com;John.Griffith.Frost@dtaa.com,,,Darius.Colt.Bowen@dtaa.com,,57318,1
{H1M5-Z0KQ33OP-2002QYOM},2010-07-27 08:20:37.0,DCB0606,Eden.Ahmed.Fitzgerald@dtaa.com;Benedict.Ivan.Rowe@dtaa.com,,,Darius.Colt.Bowen@dtaa.com,,34784,0
{J2U4-Y1VT08KB-6460RLRL},2010-07-27 13:43:32.0,DCB0606,Conan.Burton.Blackburn@dtaa.com,,,Darius.Colt.Bowen@dtaa.com,,35437,4
{F0E4-E5SI53RT-8460ENNS},2010-07-28 09:23:25.0,DCB0606,Sawyer.Patrick.Horne@dtaa.com,,,Darius.Colt.Bowen@dtaa.com,,21168,5
{O7C7-Q6HO32WR-2909FUEJ},2010-07-29 12:25:27.0,DCB0606,Jonathan.Marvin.Ashley@boeing.com,,,Darius.Colt.Bowen@dtaa.com,,33211,0
{G6K6-F5BP21AS-3020EMVZ},2010-07-29 16:04:08.0,DCB0606,Dawn.Tasha.Yang@optonline.net;Vaughan.Ian.Finch@aol.com,,,Darius.Colt.Bowen@dtaa.com,,17958,0
{L5N5-B8RY79DR-6560ZIOI},2010-07-30 15:08:15.0,DCB0606,Zelenia.Lydia.Boyer@dtaa.com,,,Darius.Colt.Bowen@dtaa.com,,32749,2
{K6V2-G9HK29FU-3663LBKX},2010-07-30 17:28:47.0,DCB0606,Benedict.Ivan.Rowe@dtaa.com,,,Darius.Colt.Bowen@dtaa.com,,26010,0
{A0J7-I0WD41KN-9238IPDX},2010-08-02 11:00:05.0,DCB0606,Jackson.Fuller.Black@hotmail.com,,,Darius.Colt.Bowen@dtaa.com,,33092,0
{E0A0-C8UD72ND-7065BZDV},2010-08-02 17:30:39.0,DCB0606,Daniel.Phillip.Bauer@dtaa.com,,,Darius.Colt.Bowen@dtaa.com,,12744,1
{K0K2-R0YM56LR-8057LWLV},2010-08-03 07:40:00.0,DCB0606,Zelenia.Lydia.Boyer@dtaa.com,,,Darius.Colt.Bowen@dtaa.com,,35020,0
{M2Q7-P4AV56RG-6106JPJO},2010-08-03 11:29:24.0,DCB0606,Dawn.Tasha.Yang@optonline.net,,,Darius.Colt.Bowen@dtaa.com,,33880,0
{V8Q5-U9KB47TS-0262WCMD},2010-08-03 17:09:54.0,DCB0606,Paki.Jason.Emerson@dtaa.com,,,Darius.Colt.Bowen@dtaa.com,,23749,0
{W5U7-E6TG20LS-3642BITR},2010-08-04 10:51:43.0,DCB0606,Jonathan.Marvin.Ashley@boeing.com,,,Darius.Colt.Bowen@dtaa.com,,26078,0
{G2Z2-I6RV91WG-3619VGVH},2010-08-05 13:22:16.0,DCB0606,Jonathan.Marvin.Ashley@boeing.com,,,Darius.Colt.Bowen@dtaa.com,,40342,0
{T6L5-B0CV10FW-8316CJYB},2010-08-05 14:52:51.0,DCB0606,William.Abel.Wiley@dtaa.com,,,Darius.Colt.Bowen@dtaa.com,,48638,2
{I7I2-R7ZA66NE-9772AGNI},2010-08-06 10:54:07.0,DCB0606,Zelenia.Lydia.Boyer@dtaa.com;Xena.Roary.Goodman@dtaa.com;Pearl.Libby.Montgomery@sbcglobal.net,,,Darius.Colt.Bowen@dtaa.com,,29779,1
{O2U5-F8BD42EX-5900PMGX},2010-08-09 10:55:55.0,DCB0606,Zelenia.Lydia.Boyer@dtaa.com,,,Darius.Colt.Bowen@dtaa.com,,34233,0
{R7L5-D5EM15PY-0139MCLN},2010-08-09 16:18:12.0,DCB0606,William.Abel.Wiley@dtaa.com;Amethyst.Suki.Norris@dtaa.com,,,Darius.Colt.Bowen@dtaa.com,,33687,0
{M0Q4-Q5ZM11GZ-8841MJBO},2010-08-10 13:21:21.0,DCB0606,William.Abel.Wiley@dtaa.com;Zelenia.Lydia.Boyer@dtaa.com,,,Darius.Colt.Bowen@dtaa.com,,39241,0
{G3K9-L3FR12NZ-9669HEPL},2010-08-10 14:40:43.0,DCB0606,Yeo.Xyla.Garner@dtaa.com;Jonathan.Marvin.Ashley@boeing.com,,,Darius.Colt.Bowen@dtaa.com,,25254,0
{B9T5-J6DB28VR-0302IFSO},2010-08-12 09:11:30.0,DCB0606,Breanna.Leila.Alexander@dtaa.com,,,Darius.Colt.Bowen@dtaa.com,,42178,0
{F1Z5-O0EL43TT-2456NXND},2010-08-12 15:27:33.0,DCB0606,Davis.Gareth.Cote@dtaa.com,,,Darius.Colt.Bowen@dtaa.com,,20486,0
{G2N3-B4YY93EC-3341ZTVE},2010-08-13 09:11:18.0,DCB0606,Chaney.Drew.Mendez@northropgrumman.com,,,Darius.Colt.Bowen@dtaa.com,,16441,0
{W5R8-A3GI25GA-5061PBZQ},2010-08-16 13:16:03.0,DCB0606,Thomas.Luke.Gonzales@dtaa.com,,,Darius.Colt.Bowen@dtaa.com,,31658,0
{Q8R5-S6CT77TK-0615HQTM},2010-08-16 14:44:48.0,DCB0606,Zelenia.Lydia.Boyer@dtaa.com,,,Darius.Colt.Bowen@dtaa.com,,25932,0
{A3Q4-H2DN00JA-8552OBSC},2010-08-17 10:49:42.0,DCB0606,Laith.Arden.Gardner@dtaa.com,,,Darius.Colt.Bowen@dtaa.com,,35491,0
{W6L2-Z5HB27DZ-8045KTSI},2010-08-17 15:30:04.0,DCB0606,Dawn.Tasha.Yang@optonline.net,,,Darius.Colt.Bowen@dtaa.com,,29558,0
{T2L8-Z7IF08YT-2699GGCY},2010-08-19 09:22:19.0,DCB0606,Chaney.Drew.Mendez@northropgrumman.com;Sharon.Deirdre.Campos@charter.net,,,Darius.Colt.Bowen@dtaa.com,,17569,0
{F7V8-G8FG70WI-6836PYVU},2010-08-20 11:49:06.0,DCB0606,Allegra.Brianna.Stanton@dtaa.com,,,Darius.Colt.Bowen@dtaa.com,,18989,3
{L9Z5-B4BV13LU-1608IQMY},2010-08-20 14:25:02.0,DCB0606,Amos.Jermaine.Lane@dtaa.com,,,Darius.Colt.Bowen@dtaa.com,,44757,0
{B7E8-K8YW69RC-2312RZUX},2010-08-23 12:54:58.0,DCB0606,Jorden.Laurel.Carr@hotmail.com,,,Darius.Colt.Bowen@dtaa.com,,25466,0
{K9R0-J6GE20VF-5288CFTK},2010-08-23 17:36:06.0,DCB0606,Jackson.Fuller.Black@hotmail.com,,,Darius.Colt.Bowen@dtaa.com,,30434,0
{A0U0-L2MJ60AB-4199PFQK},2010-08-24 12:06:43.0,DCB0606,William.Abel.Wiley@dtaa.com,,,Darius.Colt.Bowen@dtaa.com,,43277,0
{M2Z7-V3BA99CK-3623QWFH},2010-08-24 15:02:02.0,DCB0606,Ivan.Allistair.Bender@dtaa.com,,,Darius.Colt.Bowen@dtaa.com,,27190,0
{H8C3-Z7VD06GA-1904OEWJ},2010-08-25 09:33:36.0,DCB0606,Vaughan.Ian.Finch@aol.com,,,Darius.Colt.Bowen@dtaa.com,,23080,0
{K8G1-E2SS13EJ-1604KCUE},2010-08-25 16:55:53.0,DCB0606,William.Abel.Wiley@dtaa.com,,,Darius.Colt.Bowen@dtaa.com,,26972,0
{B0O4-J0II40PR-8952AMWN},2010-08-26 15:45:54.0,DCB0606,Dawn.Tasha.Yang@optonline.net,,,Darius.Colt.Bowen@dtaa.com,,47803,0
{V1D4-F0WT59KZ-9947JZWC},2010-08-27 07:31:51.0,DCB0606,Jonathan.Marvin.Ashley@boeing.com,,,Darius.Colt.Bowen@dtaa.com,,19733,0
{X9A5-F3XH30YR-6038YBYD},2010-08-31 14:05:53.0,DCB0606,Benedict.Ivan.Rowe@dtaa.com,,,Darius.Colt.Bowen@dtaa.com,,33200,0
{P5O6-V6TS97SS-7779XELJ},2010-09-01 17:59:45.0,DCB0606,Patrick.Paul.Robles@dtaa.com;Amethyst.Suki.Norris@dtaa.com,,,Darius.Colt.Bowen@dtaa.com,,45593,0
{O7U5-H4XC03NV-6698XDWX},2010-09-02 09:56:14.0,DCB0606,Zelenia.Lydia.Boyer@dtaa.com,,,Darius.Colt.Bowen@dtaa.com,,26966,0
{M2Z8-E4HH22TN-3586VSZT},2010-09-02 13:10:37.0,DCB0606,Hiram.Charles.Hurley@dtaa.com,,,Darius.Colt.Bowen@dtaa.com,,33544,0
{L0W7-Z6GI10FS-0235KDTF},2010-09-02 14:47:11.0,DCB0606,Zelenia.Lydia.Boyer@dtaa.com,,,Darius.Colt.Bowen@dtaa.com,,27579,0
{W4D7-Z7QQ18IS-1553KSVB},2010-09-03 10:55:31.0,DCB0606,Amethyst.Suki.Norris@dtaa.com,,,Darius.Colt.Bowen@dtaa.com,,26977,0
{R2F1-V5DF97FL-6174DTTL},2010-09-03 16:03:42.0,DCB0606,Vaughan.Ian.Finch@aol.com,,,Darius.Colt.Bowen@dtaa.com,,24075,0
{U7O3-R3TW27KE-7663AGGM},2010-09-07 13:59:35.0,DCB0606,Beck.Phillip.Blevins@dtaa.com,,,Darius.Colt.Bowen@dtaa.com,,16947,0
{R1R7-A6MC52JM-1303KQKJ},2010-09-08 16:04:55.0,DCB0606,Amethyst.Suki.Norris@dtaa.com,,,Darius.Colt.Bowen@dtaa.com,,37944,2
{N8M2-E5VR86TV-0510PLTY},2010-09-09 08:00:00.0,DCB0606,William.Abel.Wiley@dtaa.com,,,Darius.Colt.Bowen@dtaa.com,,36745,0
{I6G1-V2GL09AE-3817IYUC},2010-09-09 13:58:21.0,DCB0606,Orli.Veda.Weber@dtaa.com,,,Darius.Colt.Bowen@dtaa.com,,14942,0
{Q9Y9-C7SF68QO-1738WPSR},2010-09-09 16:21:26.0,DCB0606,Ginger.Lana.Watts@dtaa.com;Zelenia.Lydia.Boyer@dtaa.com;Lysandra.Hermione.Curtis@earthlink.net,,,Darius.Colt.Bowen@dtaa.com,,36539,2
{Z1T6-G0NV90RY-7019KFLO},2010-09-10 14:35:29.0,DCB0606,Amethyst.Suki.Norris@dtaa.com,,,Darius.Colt.Bowen@dtaa.com,,31457,0
{F8F2-I3EK63XV-2323CSAZ},2010-09-10 17:38:38.0,DCB0606,Jackson.Fuller.Black@hotmail.com,,,Darius.Colt.Bowen@dtaa.com,,30524,0
{F2X4-D6PT96QH-9336CATD},2010-09-13 07:39:07.0,DCB0606,Dawn.Tasha.Yang@optonline.net,,,Darius.Colt.Bowen@dtaa.com,,40726,0
{Y2D2-T8KD34US-5919DDLL},2010-09-13 17:58:11.0,DCB0606,William.Abel.Wiley@dtaa.com,,,Darius.Colt.Bowen@dtaa.com,,42426,0
{D3Q9-L9PR68RY-9733EZUS},2010-09-14 14:17:07.0,DCB0606,Benedict.Ivan.Rowe@dtaa.com,,,Darius.Colt.Bowen@dtaa.com,,28945,0
{F1N7-S5NJ26ON-3643AFFM},2010-09-14 16:55:11.0,DCB0606,Benedict.Ivan.Rowe@dtaa.com,,,Darius.Colt.Bowen@dtaa.com,,25731,0
{Q3M6-K9YO36FL-3835SYGT},2010-09-17 07:33:27.0,DCB0606,Amethyst.Suki.Norris@dtaa.com,,,Darius.Colt.Bowen@dtaa.com,,85904,0
{Z6W7-Y3DX02EL-2155DBDQ},2010-09-17 08:58:18.0,DCB0606,Winter.Jeanette.Melton@comcast.net,,,Darius.Colt.Bowen@dtaa.com,,30977,0
{C4G6-O9WB07IH-7840EYEZ},2010-09-20 08:55:06.0,DCB0606,Lawrence.Mark.Harrington@dtaa.com,,,Darius.Colt.Bowen@dtaa.com,,21320,2
{E1Y5-C1TE05XG-8047NXBF},2010-09-21 17:09:28.0,DCB0606,Zelenia.Lydia.Boyer@dtaa.com,,,Darius.Colt.Bowen@dtaa.com,,31471,0
{M3Q5-M7WV40DP-9775HAVC},2010-09-22 08:39:34.0,DCB0606,Amena.Charde.Cain@earthlink.net,,,Darius.Colt.Bowen@dtaa.com,,23659,0
{E8Z2-S3YD66OV-5594EJSM},2010-09-22 10:35:54.0,DCB0606,Amethyst.Suki.Norris@dtaa.com;William.Abel.Wiley@dtaa.com,,,Darius.Colt.Bowen@dtaa.com,,25554,1
{R5S8-I8XR74GP-1102SPZH},2010-09-23 12:14:05.0,DCB0606,Amethyst.Suki.Norris@dtaa.com;Benedict.Ivan.Rowe@dtaa.com;William.Abel.Wiley@dtaa.com,,,Darius.Colt.Bowen@dtaa.com,,36500,0
{G7D7-G3IA82GD-9176JZXC},2010-09-23 13:58:30.0,DCB0606,Dana.Inga.Leach@dtaa.com,,,Darius.Colt.Bowen@dtaa.com,,27811,0
{Y6V1-N8DX94SK-0690VGDW},2010-09-24 12:12:38.0,DCB0606,Dana.Inga.Leach@dtaa.com,,,Darius.Colt.Bowen@dtaa.com,,33816,0
{F2I3-C8VW43TO-1560JIOE},2010-09-24 15:41:06.0,DCB0606,Dawn.Tasha.Yang@optonline.net,,,Darius.Colt.Bowen@dtaa.com,,25612,0
{G5Q5-J8HQ29TI-3251ICTM},2010-09-27 08:36:25.0,DCB0606,Suki.Noelle.Savage@dtaa.com;Colleen.Virginia.Barrett@yahoo.com,,,Darius.Colt.Bowen@dtaa.com,,23177,0
{D2Q4-Q0YV56MA-1930VXGO},2010-09-27 16:17:37.0,DCB0606,Jackson.Fuller.Black@hotmail.com,,,Darius.Colt.Bowen@dtaa.com,,37667,0
{J3S5-K0FF70FG-7873XCXY},2010-09-28 11:03:46.0,DCB0606,Benedict.Ivan.Rowe@dtaa.com;Jackson.Fuller.Black@hotmail.com,,,Darius.Colt.Bowen@dtaa.com,,41125,3
{B9B5-R8IS36DA-1503OBJW},2010-09-28 11:43:47.0,DCB0606,Dana.Inga.Leach@dtaa.com;Jonathan.Marvin.Ashley@boeing.com,,,Darius.Colt.Bowen@dtaa.com,,25300,0
{R1A8-N4TK04GS-2621CCWL},2010-09-29 12:00:15.0,DCB0606,Zelenia.Lydia.Boyer@dtaa.com,,,Darius.Colt.Bowen@dtaa.com,,36458,0
{Y3R7-K9TX67JA-2504IWXY},2010-09-29 15:52:43.0,DCB0606,Benedict.Ivan.Rowe@dtaa.com;Lucius.Cullen.Gallagher@dtaa.com,,,Darius.Colt.Bowen@dtaa.com,,27505,0
{X7C1-Y9CP43VO-9107KXYU},2010-09-30 13:39:56.0,DCB0606,Benedict.Ivan.Rowe@dtaa.com,,,Darius.Colt.Bowen@dtaa.com,,29093,0
{H6R9-O4HK47VC-2524YDNP},2010-10-01 14:36:23.0,DCB0606,William.Abel.Wiley@dtaa.com,,,Darius.Colt.Bowen@dtaa.com,,47814,0
{K4F2-L2HU45GV-0821HURV},2010-10-04 08:30:25.0,DCB0606,Benedict.Ivan.Rowe@dtaa.com,,,Darius.Colt.Bowen@dtaa.com,,44450,0
{T0N6-B0LO96XX-7306TQBV},2010-10-04 13:03:51.0,DCB0606,Vaughan.Ian.Finch@aol.com;Stone.Knox.Evans@comcast.net,,,Darius.Colt.Bowen@dtaa.com,,27370,0
{N1D3-C0AE85DH-5271KFVZ},2010-10-05 08:37:29.0,DCB0606,Vaughan.Ian.Finch@aol.com,,,Darius.Colt.Bowen@dtaa.com,,42931,0
{N3P4-R7MU62JA-3443GXNB},2010-10-05 15:21:39.0,DCB0606,Amethyst.Suki.Norris@dtaa.com,,,Darius.Colt.Bowen@dtaa.com,,21094,0
{C1H9-T7KH52OW-5511DFRT},2010-10-06 12:49:27.0,DCB0606,Hamilton.Donovan.Waller@dtaa.com,,,Darius.Colt.Bowen@dtaa.com,,46591,0
{E7E8-V3KC11FH-8684ALPN},2010-10-06 17:04:24.0,DCB0606,Octavia.Ella.Murray@dtaa.com;Dana.Inga.Leach@dtaa.com,,,Darius.Colt.Bowen@dtaa.com,,26551,0
{S8Y0-M3TU41YI-9779VNEE},2010-10-07 08:17:41.0,DCB0606,Amethyst.Suki.Norris@dtaa.com;Dawn.Tasha.Yang@optonline.net,,,Darius.Colt.Bowen@dtaa.com,,21190,0
{X7F4-T0UN84VY-3181CRRD},2010-10-08 17:48:26.0,DCB0606,Benedict.Ivan.Rowe@dtaa.com,,,Darius.Colt.Bowen@dtaa.com,,26140,0
{B1W3-X0TN17NY-2368FUHF},2010-10-12 07:28:36.0,DCB0606,William.Abel.Wiley@dtaa.com,,,Darius.Colt.Bowen@dtaa.com,,21462,0
{J4D5-M3RU50TY-5593USRW},2010-10-12 07:42:21.0,DCB0606,Jonathan.Marvin.Ashley@boeing.com,,,Darius.Colt.Bowen@dtaa.com,,26997,0
{G2O9-T4DA20PV-0777ROKF},2010-10-12 13:49:46.0,DCB0606,Zelenia.Lydia.Boyer@dtaa.com,,,Darius.Colt.Bowen@dtaa.com,,32707,0
{C4J5-H4XH91KK-6133HGCO},2010-10-13 12:43:36.0,DCB0606,Ferris.Thomas.Vargas@dtaa.com,,,Darius.Colt.Bowen@dtaa.com,,28471,0
{D2F2-I2CC30JZ-9062XTKT},2010-10-13 16:50:21.0,DCB0606,William.Abel.Wiley@dtaa.com,,,Darius.Colt.Bowen@dtaa.com,,21823,0
{Q6H5-C9MH23IS-7604EYLG},2010-10-14 17:48:18.0,DCB0606,Jackson.Fuller.Black@hotmail.com,,,Darius.Colt.Bowen@dtaa.com,,20645,0
{N6G9-M3LF65CD-3182YZPK},2010-10-15 08:45:19.0,DCB0606,Stone.Knox.Evans@comcast.net,,,Darius.Colt.Bowen@dtaa.com,,16925,0
{C3G7-Y1ZM74EH-7158WCYK},2010-10-15 11:11:22.0,DCB0606,Benedict.Ivan.Rowe@dtaa.com;Bert.Beau.Sloan@dtaa.com,,,Darius.Colt.Bowen@dtaa.com,,45398,0
{C6R8-M5AH89XA-3057CAMB},2010-10-18 14:45:01.0,DCB0606,Dana.Inga.Leach@dtaa.com;Zelenia.Lydia.Boyer@dtaa.com,,,Darius.Colt.Bowen@dtaa.com,,38494,0
{G2O3-E9JE70KG-9494UABX},2010-10-19 16:25:48.0,DCB0606,Jackson.Fuller.Black@hotmail.com,,,Darius.Colt.Bowen@dtaa.com,,19421,0
{X7D6-M7NK88HX-1083NRMZ},2010-10-20 12:48:32.0,DCB0606,Moses.Todd.Perez@dtaa.com,,,Darius.Colt.Bowen@dtaa.com,,34721,0
{Z3U6-L9LH25ZC-4224BNGR},2010-10-20 16:21:30.0,DCB0606,Norman.Leo.Pierce@dtaa.com,,,Darius.Colt.Bowen@dtaa.com,,22788,0
{J5C6-J2YR38GX-2996EHMD},2010-10-20 18:15:01.0,DCB0606,Zelenia.Lydia.Boyer@dtaa.com;Dana.Inga.Leach@dtaa.com,,,Darius.Colt.Bowen@dtaa.com,,23299,0
{D4N4-R5LZ55AK-8219CXLQ},2010-10-21 16:11:30.0,DCB0606,William.Abel.Wiley@dtaa.com;Jackson.Fuller.Black@hotmail.com,,,Darius.Colt.Bowen@dtaa.com,,47680,0
{P2M8-U5ME89MV-3698IAHM},2010-10-22 14:29:35.0,DCB0606,Zelenia.Lydia.Boyer@dtaa.com,,,Darius.Colt.Bowen@dtaa.com,,21091,0
{X6P3-C4GK77QG-9082ZYMT},2010-10-25 11:43:47.0,DCB0606,Amethyst.Suki.Norris@dtaa.com,,,Darius.Colt.Bowen@dtaa.com,,31552,0
{Z8B4-S7IX80PS-6084ENFL},2010-10-25 14:22:56.0,DCB0606,Dana.Inga.Leach@dtaa.com,,,Darius.Colt.Bowen@dtaa.com,,33071,0
{Z6P6-O3YE25ZU-7421YZIP},2010-10-25 16:42:17.0,DCB0606,Chaney.Drew.Mendez@northropgrumman.com,,,Darius.Colt.Bowen@dtaa.com,,28426,0
{K8P3-U2IQ53GR-9619KRUN},2010-10-26 13:37:33.0,DCB0606,Zelenia.Lydia.Boyer@dtaa.com,,,Darius.Colt.Bowen@dtaa.com,,35029,0
{T3Q7-V3LT55ZT-5250DWJT},2010-10-27 09:21:28.0,DCB0606,Howard.Jonathan.Contreras@dtaa.com;Dana.Inga.Leach@dtaa.com,,,Darius.Colt.Bowen@dtaa.com,,27291,0
{P3N2-Y9NT11CR-1008LMTZ},2010-10-28 08:18:57.0,DCB0606,Amethyst.Suki.Norris@dtaa.com,,,Darius.Colt.Bowen@dtaa.com,,15128,0
{N3P1-P0DO82LV-0241ZLDN},2010-10-28 12:22:03.0,DCB0606,William.Abel.Wiley@dtaa.com;Porter.Hop.Livingston@dtaa.com,,,Darius.Colt.Bowen@dtaa.com,,37373,1
{L2Y6-Z3DD11RR-5539NUJA},2010-10-28 17:16:50.0,DCB0606,William.Abel.Wiley@dtaa.com;Amethyst.Suki.Norris@dtaa.com;Jonathan.Marvin.Ashley@boeing.com,,,Darius.Colt.Bowen@dtaa.com,,36054,0
{A1A1-K5FR39JB-2756PUFJ},2010-10-29 11:02:00.0,DCB0606,Clio.Yeo.Barker@optonline.net;Vaughan.Ian.Finch@aol.com,,,Darius.Colt.Bowen@dtaa.com,,43292,0
{K2K7-O8EV47PJ-3591WQVL},2010-11-02 07:28:04.0,DCB0606,Velma.Marah.Torres@dtaa.com,,,Darius.Colt.Bowen@dtaa.com,,24999,0
{A6B2-F1DG74KG-9484HEME},2010-11-02 07:53:24.0,DCB0606,Zelenia.Lydia.Boyer@dtaa.com,,,Darius.Colt.Bowen@dtaa.com,,20188,0
{D4B1-P1QE71TD-5901KKPY},2010-11-02 14:39:52.0,DCB0606,Vaughan.Ian.Finch@aol.com,,,Darius.Colt.Bowen@dtaa.com,,51780,0
{A6X3-M5QJ57SP-8391ZOHB},2010-11-03 09:46:20.0,DCB0606,Jonathan.Marvin.Ashley@boeing.com,,,Darius.Colt.Bowen@dtaa.com,,26611,0
{X8A5-L4SI13UF-0271LQZC},2010-11-04 18:02:46.0,DCB0606,Illiana.Raven.Conner@dtaa.com,,,Darius.Colt.Bowen@dtaa.com,,27418,0
{L3R5-K9AW53RJ-6990MEHR},2010-11-05 09:17:05.0,DCB0606,Zelenia.Lydia.Boyer@dtaa.com;William.Abel.Wiley@dtaa.com,,,Darius.Colt.Bowen@dtaa.com,,23847,2
{X7W3-C2DZ68OH-9741FFXK},2010-11-05 09:30:11.0,DCB0606,Calvin.Asher.Nguyen@dtaa.com,,,Darius.Colt.Bowen@dtaa.com,,15129,0
{A0U2-V0QX84US-8319ETCX},2010-11-05 11:37:18.0,DCB0606,Dawn.Tasha.Yang@optonline.net,,,Darius.Colt.Bowen@dtaa.com,,36983,0
{A0U9-L3XQ84EH-2378OSGM},2010-11-08 07:42:17.0,DCB0606,Burke.Reed.Haynes@dtaa.com,,,Darius.Colt.Bowen@dtaa.com,,41465,0
{Z8K5-Q7CG38CO-1079ITLZ},2010-11-08 14:53:14.0,DCB0606,William.Abel.Wiley@dtaa.com,,,Darius.Colt.Bowen@dtaa.com,,21922,0
{M2T0-G7QW06HO-8790UWXL},2010-11-09 12:20:39.0,DCB0606,Stone.Knox.Evans@comcast.net,,,Darius.Colt.Bowen@dtaa.com,,38880,0
{H0L0-L6BI86VQ-0394PJYI},2010-11-10 11:21:49.0,DCB0606,Jackson.Fuller.Black@hotmail.com,,,Darius.Colt.Bowen@dtaa.com,,30427,0
{Z4Z8-R5WV06IU-3477TCVA},2010-11-10 12:35:28.0,DCB0606,Jackson.Fuller.Black@hotmail.com,,,Darius.Colt.Bowen@dtaa.com,,61256,0
{N3K6-H6OF18CS-6644EDXN},2010-11-11 07:24:15.0,DCB0606,Dawn.Tasha.Yang@optonline.net,,,Darius.Colt.Bowen@dtaa.com,,31001,0
{Q9H9-C8FD16XS-4856NDGZ},2010-11-11 08:42:59.0,DCB0606,Hilda.Freya.Jacobson@dtaa.com,,,Darius.Colt.Bowen@dtaa.com,,28083,0
{X0N8-H9XT95XX-4698UXPL},2010-11-12 07:35:46.0,DCB0606,Lucas.Grady.Wyatt@dtaa.com,,,Darius.Colt.Bowen@dtaa.com,,29753,0
{T4F8-X1VR25UB-8620KWVK},2010-11-15 17:22:47.0,DCB0606,Dana.Inga.Leach@dtaa.com,,,Darius.Colt.Bowen@dtaa.com,,33361,0
{E0G2-C2FX87GJ-6716MTSX},2010-11-17 09:51:07.0,DCB0606,Zelenia.Lydia.Boyer@dtaa.com,,,Darius.Colt.Bowen@dtaa.com,,35049,0
{X2X7-U2WQ55HY-2717OTBB},2010-11-18 13:34:48.0,DCB0606,Benedict.Ivan.Rowe@dtaa.com;Dana.Inga.Leach@dtaa.com;William.Abel.Wiley@dtaa.com;Jackson.Fuller.Black@hotmail.com,,,Darius.Colt.Bowen@dtaa.com,,16744,0
{G7N7-S6XV55ST-1482UWMG},2010-11-19 12:39:56.0,DCB0606,Jackson.Fuller.Black@hotmail.com,,,Darius.Colt.Bowen@dtaa.com,,35890,0
{U1J0-O5AT21AX-1380NTBT},2010-11-19 16:58:32.0,DCB0606,Benedict.Ivan.Rowe@dtaa.com,,,Darius.Colt.Bowen@dtaa.com,,21856,0
{C0F2-D8SN36VW-0085TKRE},2010-11-22 17:41:22.0,DCB0606,Willow.Winifred.Mcgowan@dtaa.com,,,Darius.Colt.Bowen@dtaa.com,,43658,0
{A4G0-C5OI69TS-9479MXAX},2010-11-23 07:43:28.0,DCB0606,Orli.Veda.Weber@dtaa.com,,,Darius.Colt.Bowen@dtaa.com,,33046,2
{B3Q7-A7ME66DX-4879CTXN},2010-11-23 16:53:06.0,DCB0606,Clementine.April.Juarez@dtaa.com,,,Darius.Colt.Bowen@dtaa.com,,20575,0
{T6H3-Y4PB48FR-5012INCG},2010-11-24 09:44:12.0,DCB0606,Vaughan.Ian.Finch@aol.com;Jackson.Fuller.Black@hotmail.com,,,Darius.Colt.Bowen@dtaa.com,,33589,0
{Z2C7-Z8RD25IB-2216ODTT},2010-11-24 14:15:00.0,DCB0606,Benedict.Ivan.Rowe@dtaa.com,,,Darius.Colt.Bowen@dtaa.com,,22499,0
{T5O8-G7ZS64UO-3630TDYT},2010-11-30 09:07:35.0,DCB0606,Dana.Inga.Leach@dtaa.com,,,Darius.Colt.Bowen@dtaa.com,,25512,0
{M4B0-F5TL09CW-3093KNSQ},2010-11-30 11:59:52.0,DCB0606,Dana.Inga.Leach@dtaa.com;Amethyst.Suki.Norris@dtaa.com,,,Darius.Colt.Bowen@dtaa.com,,24753,0
{A9Z0-M4JU64JM-1885KRZW},2010-11-30 15:31:57.0,DCB0606,Pearl.Libby.Montgomery@sbcglobal.net,,,Darius.Colt.Bowen@dtaa.com,,28647,1
{Z5M5-N4OM20IY-9875RWRQ},2010-12-01 09:10:26.0,DCB0606,William.Abel.Wiley@dtaa.com;Vaughan.Ian.Finch@aol.com,,,Darius.Colt.Bowen@dtaa.com,,25415,0
{D0A4-X5HW59KR-6030MKVZ},2010-12-01 12:47:46.0,DCB0606,William.Abel.Wiley@dtaa.com,,,Darius.Colt.Bowen@dtaa.com,,19987,0
{H0Y9-P5SZ81SD-3291HRHK},2010-12-02 13:40:57.0,DCB0606,Anthony.Bruce.Graham@dtaa.com,,,Darius.Colt.Bowen@dtaa.com,,45377,0
{F4H3-T0RS69IN-4631XMQX},2010-12-02 15:38:22.0,DCB0606,Dawn.Tasha.Yang@optonline.net,,,Darius.Colt.Bowen@dtaa.com,,19676,0
{Q7Y4-V9UW15FY-8152TRCH},2010-12-03 08:45:54.0,DCB0606,Jonathan.Marvin.Ashley@boeing.com,,,Darius.Colt.Bowen@dtaa.com,,48172,0
{J9C9-N7JH71CB-7701IKFS},2010-12-03 10:20:15.0,DCB0606,Jackson.Fuller.Black@hotmail.com,,,Darius.Colt.Bowen@dtaa.com,,23615,0
{B8B0-L3MH10NO-1098IIRL},2010-12-06 09:35:01.0,DCB0606,Dawn.Tasha.Yang@optonline.net,,,Darius.Colt.Bowen@dtaa.com,,57982,0
{X1X0-E4EF33FJ-7219JSLV},2010-12-06 17:16:05.0,DCB0606,Zelenia.Lydia.Boyer@dtaa.com,,,Darius.Colt.Bowen@dtaa.com,,29349,0
{E5C6-X3XW53SE-5685TEOV},2010-12-07 15:14:30.0,DCB0606,David.Victor.Valencia@dtaa.com,,,Darius.Colt.Bowen@dtaa.com,,31729,0
{Z4U0-L4TX85ZO-1480YDOH},2010-12-08 11:04:52.0,DCB0606,Zelenia.Lydia.Boyer@dtaa.com;Vaughan.Ian.Finch@aol.com,,,Darius.Colt.Bowen@dtaa.com,,32483,0
{A4W6-D5BM79KA-4013XQBR},2010-12-09 12:10:22.0,DCB0606,Shannon.Iola.Frye@dtaa.com,,,Darius.Colt.Bowen@dtaa.com,,23649,0
{B6V2-W1US11CP-2399DJEV},2010-12-10 15:22:04.0,DCB0606,Yvonne.Adena.Porter@dtaa.com;Vaughan.Ian.Finch@aol.com,,,Darius.Colt.Bowen@dtaa.com,,49161,0
{A6P7-C8CW80XM-2499URYK},2010-12-13 10:00:08.0,DCB0606,Amethyst.Suki.Norris@dtaa.com,,,Darius.Colt.Bowen@dtaa.com,,31690,0
{S3E2-U5HT96LM-0186DBFI},2010-12-14 11:29:13.0,DCB0606,Benedict.Ivan.Rowe@dtaa.com,,,Darius.Colt.Bowen@dtaa.com,,57213,0
{U2O1-U1MG14BX-6233AKHO},2010-12-15 15:27:47.0,DCB0606,Benedict.Ivan.Rowe@dtaa.com;Stone.Knox.Evans@comcast.net,,,Darius.Colt.Bowen@dtaa.com,,31020,0
{V3B8-N0XK28JU-0907XHGG},2010-12-17 16:44:32.0,DCB0606,Jackson.Fuller.Black@hotmail.com,,,Darius.Colt.Bowen@dtaa.com,,32287,0
{R0Y4-M1XZ01XC-3303SAFY},2010-12-21 10:30:10.0,DCB0606,William.Abel.Wiley@dtaa.com,,,Darius.Colt.Bowen@dtaa.com,,21172,0
{N2I8-R9FF90PJ-3632ZYMM},2010-12-21 11:45:48.0,DCB0606,Chaney.Drew.Mendez@northropgrumman.com,,,Darius.Colt.Bowen@dtaa.com,,38375,0
{A8G8-R6NQ49JW-6591WSUA},2010-12-22 11:38:28.0,DCB0606,Dana.Inga.Leach@dtaa.com,,,Darius.Colt.Bowen@dtaa.com,,18873,0
{D8F9-E0FO95PO-7462AQNQ},2010-12-22 12:01:28.0,DCB0606,Dana.Inga.Leach@dtaa.com;Zelenia.Lydia.Boyer@dtaa.com,,,Darius.Colt.Bowen@dtaa.com,,52804,0
{D6X9-N4QE11RU-0164WXDW},2010-12-27 14:12:32.0,DCB0606,Harding.Jesse.French@comcast.net,,,Darius.Colt.Bowen@dtaa.com,,21360,0
{O1B9-I3MK32PR-7535HBWD},2010-12-27 16:55:24.0,DCB0606,Amethyst.Suki.Norris@dtaa.com;Edward.Benjamin.Buck@dtaa.com,,,Darius.Colt.Bowen@dtaa.com,,26295,0
{L1U1-S9HL12AB-1578HSRS},2010-12-27 17:05:40.0,DCB0606,Dana.Inga.Leach@dtaa.com;Minerva.Ocean.Pratt@dtaa.com,,,Darius.Colt.Bowen@dtaa.com,,14354,1
{H7S5-F3VL46SG-7815NPRN},2010-12-29 16:02:08.0,DCB0606,Zelenia.Lydia.Boyer@dtaa.com;Jonathan.Marvin.Ashley@boeing.com;Dawn.Tasha.Yang@optonline.net;Pearl.Libby.Montgomery@sbcglobal.net,,,Darius.Colt.Bowen@dtaa.com,,19906,1
{C6U5-O8GF50HM-1374ZFLD},2010-12-29 18:12:18.0,DCB0606,Jonathan.Marvin.Ashley@boeing.com,,,Darius.Colt.Bowen@dtaa.com,,24106,0
{H3Y1-W1PJ41IT-8617PYVM},2010-12-30 09:31:00.0,DCB0606,Jackson.Fuller.Black@hotmail.com,,,Darius.Colt.Bowen@dtaa.com,,18493,0
{T0R1-O1JC17NS-5702YFPA},2010-12-30 09:43:04.0,DCB0606,Benjamin.Nash.Boone@dtaa.com,,,Darius.Colt.Bowen@dtaa.com,,34082,0
{O9E4-O6KO79RN-4212GVBY},2010-12-30 14:51:51.0,DCB0606,Delilah.Melissa.Boyer@dtaa.com,,,Darius.Colt.Bowen@dtaa.com,,30285,0
{Q0Q0-S6CM34SI-0738NHOV},2011-01-03 08:15:47.0,DCB0606,Amethyst.Suki.Norris@dtaa.com;Hyacinth.Hanae.Leonard@dtaa.com,,,Darius.Colt.Bowen@dtaa.com,,16931,0
{D8H9-X4IA72XK-5676YVKC},2011-01-04 11:20:47.0,DCB0606,William.Abel.Wiley@dtaa.com,,,Darius.Colt.Bowen@dtaa.com,,54803,0
{W6I2-F3LZ01SL-6611YQTD},2011-01-05 15:43:34.0,DCB0606,Zelenia.Lydia.Boyer@dtaa.com,,,Darius.Colt.Bowen@dtaa.com,,22758,0
{D8G4-J2KY85FV-6516NCAY},2011-01-06 08:47:27.0,DCB0606,Jonathan.Marvin.Ashley@boeing.com,,,Darius.Colt.Bowen@dtaa.com,,19870,0
{D7L4-F5FE44QY-1096UTJY},2011-01-07 13:58:29.0,DCB0606,Audrey.Shea.Joyce@dtaa.com,,,Darius.Colt.Bowen@dtaa.com,,29135,0
{I7P7-B2FF61NR-5556WUAQ},2011-01-10 14:57:48.0,DCB0606,Zelenia.Lydia.Boyer@dtaa.com;Ferris.Thomas.Vargas@dtaa.com,,,Darius.Colt.Bowen@dtaa.com,,29441,1
{S9L5-K4EC39KB-9721PVLS},2011-01-11 15:13:03.0,DCB0606,Jonathan.Marvin.Ashley@boeing.com,,,Darius.Colt.Bowen@dtaa.com,,15387,0
{T9N0-J1SS86OR-1360OMWM},2011-01-12 13:45:07.0,DCB0606,Moses.Quincy.Finch@dtaa.com,,,Darius.Colt.Bowen@dtaa.com,,30054,0
{M0W8-A5TJ24EY-1088MPFV},2011-01-12 15:30:03.0,DCB0606,Luke.Finn.Wilkins@juno.com,,,Darius.Colt.Bowen@dtaa.com,,25039,0
{P0M8-A0MW35PR-9635ZRSR},2011-01-13 12:21:09.0,DCB0606,William.Abel.Wiley@dtaa.com;Jackson.Fuller.Black@hotmail.com,,,Darius.Colt.Bowen@dtaa.com,,27050,1
{Q1S4-Q0PZ40TR-0947NVAR},2011-01-13 16:13:18.0,DCB0606,India.Karina.Todd@dtaa.com;Amethyst.Suki.Norris@dtaa.com;Dana.Inga.Leach@dtaa.com,,,Darius.Colt.Bowen@dtaa.com,,30583,0
{S2U6-N1AQ68PK-0484KWCI},2011-01-14 09:53:22.0,DCB0606,Amethyst.Suki.Norris@dtaa.com;Jonathan.Marvin.Ashley@boeing.com,,,Darius.Colt.Bowen@dtaa.com,,31151,0
{V3K6-D1UZ94AY-6410ILKW},2011-01-14 12:27:07.0,DCB0606,Amethyst.Suki.Norris@dtaa.com,,,Darius.Colt.Bowen@dtaa.com,,25728,0
{D0S0-W7NE45HQ-5794XOXI},2011-01-14 14:17:08.0,DCB0606,Dana.Inga.Leach@dtaa.com;Rhona.Aretha.Sykes@dtaa.com,,,Darius.Colt.Bowen@dtaa.com,,42547,0
{O6Z3-I0IA62VA-2672XNTA},2011-01-17 08:55:25.0,DCB0606,William.Abel.Wiley@dtaa.com,,,Darius.Colt.Bowen@dtaa.com,,23218,0
{U0J6-N9HR24QG-2382HOKZ},2011-01-17 13:21:45.0,DCB0606,Jackson.Fuller.Black@hotmail.com;Vaughan.Ian.Finch@aol.com,,,Darius.Colt.Bowen@dtaa.com,,25583,0
{X7I1-B4QP54IG-9016FNYF},2011-01-18 09:18:10.0,DCB0606,William.Abel.Wiley@dtaa.com,,,Darius.Colt.Bowen@dtaa.com,,33669,0
{P1U0-P1PU08OJ-5686RXJX},2011-01-18 17:07:43.0,DCB0606,Oscar.Camden.Graham@dtaa.com;Vaughan.Ian.Finch@aol.com,,,Darius.Colt.Bowen@dtaa.com,,46955,0
{M9E8-C5WO62OD-8161KCOQ},2011-01-19 08:11:36.0,DCB0606,Benedict.Ivan.Rowe@dtaa.com;Maia.Paloma.Long@dtaa.com,,,Darius.Colt.Bowen@dtaa.com,,48389,0
{P8G4-J0IF95QS-4199JDOU},2011-01-19 11:35:11.0,DCB0606,Jennifer.Teagan.Colon@dtaa.com,,,Darius.Colt.Bowen@dtaa.com,,32836,0
{K5T4-W1CH41BQ-6312MUCK},2011-01-20 07:55:22.0,DCB0606,Vaughan.Ian.Finch@aol.com,,,Darius.Colt.Bowen@dtaa.com,,24978,0
{N7E9-F7MM59EE-1509POHP},2011-01-20 15:34:32.0,DCB0606,Vaughan.Ian.Finch@aol.com,,,Darius.Colt.Bowen@dtaa.com,,27179,0
{R1A9-J9VB81SI-9270KDUU},2011-01-21 16:28:40.0,DCB0606,William.Abel.Wiley@dtaa.com,,,Darius.Colt.Bowen@dtaa.com,,23644,0
{M5Y3-S5AH47QM-2747AQSA},2011-01-21 17:04:54.0,DCB0606,Dana.Inga.Leach@dtaa.com;Amethyst.Suki.Norris@dtaa.com,,,Darius.Colt.Bowen@dtaa.com,,28518,0
{T8F5-R6TU05EO-5474GJQV},2011-01-24 08:37:56.0,DCB0606,Brenden.Rahim.Sweeney@dtaa.com,,,Darius.Colt.Bowen@dtaa.com,,30239,0
{N3L0-U3LB91KI-5620ZBZO},2011-01-25 10:57:57.0,DCB0606,William.Abel.Wiley@dtaa.com,,,Darius.Colt.Bowen@dtaa.com,,18943,0
{U8I6-N6QT69MK-8407XSNB},2011-01-25 15:11:09.0,DCB0606,Benedict.Ivan.Rowe@dtaa.com,,,Darius.Colt.Bowen@dtaa.com,,24862,0
{V2W6-Q3BS89GS-2326NMER},2011-01-26 08:50:05.0,DCB0606,Pearl.Libby.Montgomery@sbcglobal.net,,,Darius.Colt.Bowen@dtaa.com,,26738,0
{F9P3-M1BI62LO-5827DRPS},2011-01-26 12:27:54.0,DCB0606,Dana.Inga.Leach@dtaa.com,,,Darius.Colt.Bowen@dtaa.com,,29249,0
{P0B5-V8KA61RF-5012GLCP},2011-01-27 17:49:34.0,DCB0606,Amethyst.Suki.Norris@dtaa.com,,,Darius.Colt.Bowen@dtaa.com,,33666,0
{B2G0-X2KO70JK-4785RXEF},2011-01-28 08:23:53.0,DCB0606,Jackson.Fuller.Black@hotmail.com,,,Darius.Colt.Bowen@dtaa.com,,30975,0
{L0O5-B3JK91TS-3742GNYT},2011-01-31 08:41:48.0,DCB0606,Dawn.Tasha.Yang@optonline.net;Cameron.Ryder.Warren@optonline.net,,,Darius.Colt.Bowen@dtaa.com,,47577,0
{Y2L3-Z3PE57BO-1802QJHB},2011-02-01 09:42:42.0,DCB0606,Dawn.Tasha.Yang@optonline.net,,,Darius.Colt.Bowen@dtaa.com,,22250,0
{C8W5-G5IJ02AM-2493QMDO},2011-02-01 18:01:17.0,DCB0606,Zelenia.Lydia.Boyer@dtaa.com;Carson.Ryder.Sharpe@netzero.com,,,Darius.Colt.Bowen@dtaa.com,,19363,0
{J5C6-B3TZ15KY-8961VKYU},2011-02-04 14:23:22.0,DCB0606,William.Abel.Wiley@dtaa.com,,,Darius.Colt.Bowen@dtaa.com,,23892,0
{B3E3-K1WU74UE-7154FFOI},2011-02-04 15:56:09.0,DCB0606,Hu.William.Tyson@dtaa.com,,,Darius.Colt.Bowen@dtaa.com,,30339,0
{N9Z2-A9KX39UR-8376KQCP},2011-02-07 08:09:00.0,DCB0606,Odysseus.Finn.Shepherd@dtaa.com,,,Darius.Colt.Bowen@dtaa.com,,34058,0
{U4J5-D6VM61GY-9284PJBG},2011-02-08 08:15:24.0,DCB0606,Zelenia.Lydia.Boyer@dtaa.com,,,Darius.Colt.Bowen@dtaa.com,,25659,0
{S7N7-Z0UG01NT-7742HXVH},2011-02-08 09:24:53.0,DCB0606,Benedict.Ivan.Rowe@dtaa.com,,,Darius.Colt.Bowen@dtaa.com,,23186,0
{Q7F3-L4EG93SI-2978NYGW},2011-02-09 14:32:12.0,DCB0606,Chaney.Drew.Mendez@northropgrumman.com,,,Darius.Colt.Bowen@dtaa.com,,32695,0
{I7Y1-E8QV77NQ-5841UNEK},2011-02-10 08:05:54.0,DCB0606,Zelenia.Lydia.Boyer@dtaa.com,,,Darius.Colt.Bowen@dtaa.com,,17117,4
{X5L0-I8AY42WM-7584MHEM},2011-02-10 17:02:42.0,DCB0606,Dawn.Tasha.Yang@optonline.net,,,Darius.Colt.Bowen@dtaa.com,,26126,0
{R8D9-I3VT43ZY-7554ZNKU},2011-02-11 11:29:57.0,DCB0606,Zelenia.Lydia.Boyer@dtaa.com,,,Darius.Colt.Bowen@dtaa.com,,15647,0
{G6M1-J4OQ87TS-1045DLZQ},2011-02-11 13:43:45.0,DCB0606,Jackson.Fuller.Black@hotmail.com,,,Darius.Colt.Bowen@dtaa.com,,31936,0
{O6T7-V4UE53XP-7021KNRM},2011-02-14 10:47:23.0,DCB0606,Amethyst.Suki.Norris@dtaa.com,,,Darius.Colt.Bowen@dtaa.com,,26839,0
{R4H5-K5KR94OY-5761MHTH},2011-02-15 15:41:09.0,DCB0606,Dawn.Tasha.Yang@optonline.net,,,Darius.Colt.Bowen@dtaa.com,,34919,1
{F8O2-H6RQ83BM-1405AUDC},2011-02-16 17:13:34.0,DCB0606,Benedict.Ivan.Rowe@dtaa.com;Dawn.Tasha.Yang@optonline.net,,,Darius.Colt.Bowen@dtaa.com,,23719,2
{A1T9-H5TP50DU-5991TZSU},2011-02-17 07:28:20.0,DCB0606,Jackson.John.Fleming@dtaa.com,,,Darius.Colt.Bowen@dtaa.com,,29275,0
{P7C1-U5AS15MQ-1335ATBK},2011-02-17 15:19:58.0,DCB0606,Hall.Tobias.Newton@hotmail.com,,,Darius.Colt.Bowen@dtaa.com,,68446,0
{U9I9-Y1BB00CH-0311RFVD},2011-02-21 10:56:51.0,DCB0606,Christian.Thomas.Copeland@dtaa.com,,,Darius.Colt.Bowen@dtaa.com,,20642,0
{V3T5-R2PT86GU-0169YNEP},2011-02-22 10:55:48.0,DCB0606,Bo.Mira.Dillard@dtaa.com,,,Darius.Colt.Bowen@dtaa.com,,38238,0
{R6N0-U8ZK32US-2179BFRY},2011-02-23 11:16:09.0,DCB0606,Zelenia.Lydia.Boyer@dtaa.com,,,Darius.Colt.Bowen@dtaa.com,,29840,0
{Q6R3-X5KP84TD-8402NYBO},2011-02-24 12:09:48.0,DCB0606,Moses.Quincy.Finch@dtaa.com,,,Darius.Colt.Bowen@dtaa.com,,47394,0
{U6H9-K2SH28WL-0064SMJL},2011-02-24 15:26:06.0,DCB0606,Benedict.Ivan.Rowe@dtaa.com,,,Darius.Colt.Bowen@dtaa.com,,25026,1
{S6Z8-Q4HD94UM-1904DDEB},2011-02-24 16:45:04.0,DCB0606,William.Abel.Wiley@dtaa.com,,,Darius.Colt.Bowen@dtaa.com,,19350,0
{M9C8-L9AQ37AV-7240QOOM},2011-02-25 11:51:02.0,DCB0606,William.Abel.Wiley@dtaa.com;Cole.Thor.Manning@dtaa.com;Evelyn.Jane.Wong@dtaa.com,,,Darius.Colt.Bowen@dtaa.com,,23533,0
{T9M4-M7NZ95TM-9243QRBS},2011-02-25 12:14:12.0,DCB0606,Sade.Beatrice.Day@dtaa.com,,,Darius.Colt.Bowen@dtaa.com,,15998,0
{F6O6-U9ZP82KZ-2961HWWO},2011-02-28 09:01:35.0,DCB0606,Jonathan.Marvin.Ashley@boeing.com,,,Darius.Colt.Bowen@dtaa.com,,19180,0
{M8P2-W6BH09ZT-4440ISSO},2011-02-28 14:01:01.0,DCB0606,Camilla.Ramona.Mcleod@dtaa.com;Christian.Thomas.Copeland@dtaa.com,,,Darius.Colt.Bowen@dtaa.com,,45626,0
{W0I5-N5QW55DW-9954VJHG},2011-03-01 14:17:15.0,DCB0606,Jonathan.Marvin.Ashley@boeing.com,,,Darius.Colt.Bowen@dtaa.com,,27932,0
{R0O7-I6CM86QD-2979EPVF},2011-03-02 08:12:57.0,DCB0606,Stone.Knox.Evans@comcast.net;Pearl.Libby.Montgomery@sbcglobal.net,,,Darius.Colt.Bowen@dtaa.com,,36200,0
{Q6Q7-D1AA37XM-7916ZSWJ},2011-03-02 08:53:19.0,DCB0606,William.Abel.Wiley@dtaa.com;Zelenia.Lydia.Boyer@dtaa.com,,,Darius.Colt.Bowen@dtaa.com,,26621,0
{Z7U0-C6UL57PE-2102GEGS},2011-03-02 11:53:19.0,DCB0606,Reuben.Hu.Preston@dtaa.com;Jonathan.Marvin.Ashley@boeing.com,,,Darius.Colt.Bowen@dtaa.com,,30620,0
{V7U6-D4IF63VA-5009VPAO},2011-03-03 09:23:14.0,DCB0606,Britanney.Willa.Wallace@dtaa.com;Dana.Inga.Leach@dtaa.com,,,Darius.Colt.Bowen@dtaa.com,,36141,0
{F0X1-D0TP53KC-5528YWRU},2011-03-03 12:18:57.0,DCB0606,Jackson.Fuller.Black@hotmail.com,,,Darius.Colt.Bowen@dtaa.com,,23273,0
{W0M8-E5PT04IN-6204GLUW},2011-03-03 17:22:54.0,DCB0606,Signe.Tashya.Reed@dtaa.com;William.Abel.Wiley@dtaa.com,,,Darius.Colt.Bowen@dtaa.com,,35785,0
{I8V5-O6YR88JN-4022UPYR},2011-03-04 10:36:06.0,DCB0606,Caesar.Zeus.Black@dtaa.com,,,Darius.Colt.Bowen@dtaa.com,,18809,0
{P4Y2-L3IF73OK-4080MNNC},2011-03-04 18:21:50.0,DCB0606,Amethyst.Suki.Norris@dtaa.com;Jonathan.Marvin.Ashley@boeing.com,,,Darius.Colt.Bowen@dtaa.com,,23876,0
{W4M4-Y0VU32AB-5720QXQA},2011-03-07 15:10:55.0,DCB0606,Zelenia.Lydia.Boyer@dtaa.com,,,Darius.Colt.Bowen@dtaa.com,,28167,3
{X8D7-M9LY99QO-6501SSIU},2011-03-07 15:19:35.0,DCB0606,Jackson.Fuller.Black@hotmail.com,,,Darius.Colt.Bowen@dtaa.com,,31974,0
{X1C4-G8WN03CP-6558EDXW},2011-03-07 15:32:26.0,DCB0606,Dana.Inga.Leach@dtaa.com;Amethyst.Suki.Norris@dtaa.com;Jonathan.Marvin.Ashley@boeing.com,,,Darius.Colt.Bowen@dtaa.com,,32481,0
{V3K5-H5LA51OY-9982UEIK},2011-03-09 15:17:33.0,DCB0606,Sybill.Mercedes.Golden@dtaa.com,,,Darius.Colt.Bowen@dtaa.com,,31838,0
{K9A1-C6FJ21YB-0683LWJI},2011-03-10 11:50:33.0,DCB0606,Chase.Lane.Booth@dtaa.com,,,Darius.Colt.Bowen@dtaa.com,,42723,0
{Z8D8-W3OL46ON-4472FMNH},2011-03-11 15:36:09.0,DCB0606,Neil.Tad.Cochran@dtaa.com,,,Darius.Colt.Bowen@dtaa.com,,31694,0
{T8E9-A9DF17ZQ-6405JCGI},2011-03-14 09:44:54.0,DCB0606,Dawn.Tasha.Yang@optonline.net,,,Darius.Colt.Bowen@dtaa.com,,20005,0
{E8X9-B8JJ31WC-6428NJIX},2011-03-16 08:20:36.0,DCB0606,Jennifer.Yetta.Gibbs@dtaa.com,,,Darius.Colt.Bowen@dtaa.com,,28830,0
{J2Z0-R5TJ23KP-9440VPCK},2011-03-16 09:42:41.0,DCB0606,Zelenia.Lydia.Boyer@dtaa.com,,,Darius.Colt.Bowen@dtaa.com,,50777,0
{C5Q2-R9AL63PH-8974VAFU},2011-03-17 17:51:12.0,DCB0606,Mikayla.Sacha.Figueroa@dtaa.com,,,Darius.Colt.Bowen@dtaa.com,,29433,0
{Y8N9-J8KT99RO-2373TXIL},2011-03-18 17:03:50.0,DCB0606,William.Abel.Wiley@dtaa.com;Jonathan.Marvin.Ashley@boeing.com,,,Darius.Colt.Bowen@dtaa.com,,24172,1
{W7I5-T4BG28JV-0366DCII},2011-03-22 09:16:42.0,DCB0606,Vaughan.Ian.Finch@aol.com,,,Darius.Colt.Bowen@dtaa.com,,24562,0
{F6C9-Y4RJ35YE-1812VBXS},2011-03-22 10:15:05.0,DCB0606,Dana.Inga.Leach@dtaa.com;Rose.Nadine.Ayers@dtaa.com,,,Darius.Colt.Bowen@dtaa.com,,32198,3
{H0J0-H1JS51ET-6652KVRL},2011-03-22 14:23:47.0,DCB0606,Benedict.Ivan.Rowe@dtaa.com,,,Darius.Colt.Bowen@dtaa.com,,31143,0
{B7E5-X9VY89PX-4941DPFY},2011-03-23 08:14:47.0,DCB0606,Jackson.Fuller.Black@hotmail.com,,,Darius.Colt.Bowen@dtaa.com,,22564,0
{Y6D6-X1NZ08VP-7928SQCU},2011-03-23 11:45:23.0,DCB0606,Laith.Arden.Gardner@dtaa.com,,,Darius.Colt.Bowen@dtaa.com,,36904,0
{N3H7-V2SQ72RF-2951GDAR},2011-03-25 11:31:03.0,DCB0606,Chaney.Drew.Mendez@northropgrumman.com,,,Darius.Colt.Bowen@dtaa.com,,56650,0
{P5E2-K8AQ44KJ-6677ZUJA},2011-03-28 11:12:40.0,DCB0606,Porter.Hop.Livingston@dtaa.com;Tanek.Harding.Simpson@dtaa.com,,,Darius.Colt.Bowen@dtaa.com,,19990,1
{S8S9-U9FR56TH-5740QXZI},2011-03-28 15:54:18.0,DCB0606,Jackson.Fuller.Black@hotmail.com,,,Darius.Colt.Bowen@dtaa.com,,19165,0
{Y9U6-M4TT21XQ-2802OIUT},2011-03-28 17:11:53.0,DCB0606,Dana.Inga.Leach@dtaa.com;William.Abel.Wiley@dtaa.com,,,Darius.Colt.Bowen@dtaa.com,,34917,0
{Y9Q0-K9TA84PX-7132HUVR},2011-03-29 11:10:19.0,DCB0606,Zelenia.Lydia.Boyer@dtaa.com,,,Darius.Colt.Bowen@dtaa.com,,23106,0
{G4W3-F6BG23XJ-0432XQCO},2011-03-29 12:46:32.0,DCB0606,Adrienne.Joelle.Mclean@dtaa.com;Dawn.Tasha.Yang@optonline.net,,,Darius.Colt.Bowen@dtaa.com,,27681,0
{F5G9-T6IW20XM-2246VIRU},2011-03-29 12:56:56.0,DCB0606,William.Abel.Wiley@dtaa.com,,,Darius.Colt.Bowen@dtaa.com,,43106,0
{Z3U3-F2HE71AR-6986GBPN},2011-03-30 10:49:32.0,DCB0606,Dawn.Tasha.Yang@optonline.net,,,Darius.Colt.Bowen@dtaa.com,,17496,0
{C7T9-Q3MX66GZ-8454QOWB},2011-03-31 09:13:33.0,DCB0606,Zelenia.Lydia.Boyer@dtaa.com,,,Darius.Colt.Bowen@dtaa.com,,60256,0
{Y3Q9-E8QL74TA-2679SLVO},2011-03-31 11:10:02.0,DCB0606,Zelenia.Lydia.Boyer@dtaa.com,,,Darius.Colt.Bowen@dtaa.com,,26742,0
{F6Q7-P3OO64RL-9448LZNG},2011-04-01 11:21:54.0,DCB0606,Kaden.Tarik.Giles@dtaa.com,,,Darius.Colt.Bowen@dtaa.com,,28129,0
{Q3D5-T7BO01FV-9408KAEI},2011-04-01 13:57:21.0,DCB0606,Zelenia.Lydia.Boyer@dtaa.com;Vaughan.Ian.Finch@aol.com,,,Darius.Colt.Bowen@dtaa.com,,38459,0
{C6I7-W3BP74NV-7233IWCN},2011-04-01 16:12:33.0,DCB0606,Vaughan.Ian.Finch@aol.com,,,Darius.Colt.Bowen@dtaa.com,,33568,2
{R2S8-D2MR50VH-0919KPZR},2011-04-04 14:59:44.0,DCB0606,Benedict.Ivan.Rowe@dtaa.com,,,Darius.Colt.Bowen@dtaa.com,,22193,0
{Y1B7-D0RA86RB-3495KYJI},2011-04-04 18:04:38.0,DCB0606,Sade.Beatrice.Day@dtaa.com;Dana.Inga.Leach@dtaa.com;Benedict.Ivan.Rowe@dtaa.com;Jonathan.Marvin.Ashley@boeing.com;Vaughan.Ian.Finch@aol.com,,,Darius.Colt.Bowen@dtaa.com,,23309,0
{C4W7-V5XH00QY-6392NHBD},2011-04-05 11:11:24.0,DCB0606,William.Abel.Wiley@dtaa.com,,,Darius.Colt.Bowen@dtaa.com,,19273,0
{D0T2-I0ZM65KL-5733AQXD},2011-04-05 14:47:59.0,DCB0606,Baxter.Knox.Mejia@dtaa.com;Vaughan.Ian.Finch@aol.com,,,Darius.Colt.Bowen@dtaa.com,,28124,1
{A0S2-Y0GC50VI-8564FTMF},2011-04-06 14:37:34.0,DCB0606,William.Abel.Wiley@dtaa.com;Dana.Inga.Leach@dtaa.com,,,Darius.Colt.Bowen@dtaa.com,,20289,0
{U2R9-M6CE62EI-4595QVYY},2011-04-07 08:03:09.0,DCB0606,William.Abel.Wiley@dtaa.com,,,Darius.Colt.Bowen@dtaa.com,,25467,0
{A2A5-Y2QA46IZ-8476ZWAW},2011-04-07 11:03:46.0,DCB0606,Zelenia.Lydia.Boyer@dtaa.com,,,Darius.Colt.Bowen@dtaa.com,,28583,0
{T6O0-Q0AO81UI-4651IONX},2011-04-07 13:51:44.0,DCB0606,Dawn.Tasha.Yang@optonline.net,,,Darius.Colt.Bowen@dtaa.com,,19660,0
{X3D8-C1MU06CH-5681SLMF},2011-04-08 11:24:22.0,DCB0606,Sigourney.Ebony.Britt@gmail.com,,,Darius.Colt.Bowen@dtaa.com,,41680,0
{P8Y7-H7WQ13OZ-6032QCFW},2011-04-08 12:04:32.0,DCB0606,Dana.Inga.Leach@dtaa.com;Amethyst.Suki.Norris@dtaa.com,,,Darius.Colt.Bowen@dtaa.com,,20908,0
{C0T8-O8WJ53UV-3068SLNU},2011-04-11 07:07:54.0,DCB0606,May.Regina.Sims@northropgrumman.com,,,Darius.Colt.Bowen@dtaa.com,,41039,0
{D6P6-C6KC94KQ-5668YHID},2011-04-12 17:25:13.0,DCB0606,Amethyst.Suki.Norris@dtaa.com,,,Darius.Colt.Bowen@dtaa.com,,31869,0
{D5H9-F3BU96HG-2132WVZE},2011-04-13 07:43:47.0,DCB0606,William.Abel.Wiley@dtaa.com;Jonathan.Marvin.Ashley@boeing.com,,,Darius.Colt.Bowen@dtaa.com,,35468,3
{Y7O7-M4PQ57LA-7223GBEN},2011-04-13 12:12:32.0,DCB0606,Dana.Inga.Leach@dtaa.com;Dawn.Tasha.Yang@optonline.net,,,Darius.Colt.Bowen@dtaa.com,,25890,0
{J9N7-X5KR48UU-5973PLMC},2011-04-13 14:47:37.0,DCB0606,Dana.Inga.Leach@dtaa.com,,,Darius.Colt.Bowen@dtaa.com,,25419,0
{Y3B7-N7UO36DC-0445YZUF},2011-04-14 12:17:03.0,DCB0606,Graham.Neville.Davis@dtaa.com,,,Darius.Colt.Bowen@dtaa.com,,28285,0
{Q9A5-V2KP75SA-6907ASEA},2011-04-14 12:25:56.0,DCB0606,Vaughan.Ian.Finch@aol.com,,,Darius.Colt.Bowen@dtaa.com,,29608,0
{A4N5-U4AS92NT-8864KPJH},2011-04-15 17:43:56.0,DCB0606,Ina.Karyn.Wilkerson@dtaa.com,,,Darius.Colt.Bowen@dtaa.com,,32088,0
{Z8J5-L8BQ52OZ-0527CIKV},2011-04-18 08:31:18.0,DCB0606,Jonathan.Marvin.Ashley@boeing.com,,,Darius.Colt.Bowen@dtaa.com,,17528,0
{H6H3-H2VC99DJ-7464LRXB},2011-04-19 17:09:59.0,DCB0606,Zelenia.Lydia.Boyer@dtaa.com;William.Abel.Wiley@dtaa.com;Nathan.Igor.Hogan@dtaa.com,,,Darius.Colt.Bowen@dtaa.com,,23556,0
{F2B1-W6SD88KP-5174UZZG},2011-04-20 11:02:53.0,DCB0606,Zelenia.Lydia.Boyer@dtaa.com,,,Darius.Colt.Bowen@dtaa.com,,38274,0
{T5C6-F8PC48FZ-7493DFDT},2011-04-20 11:11:41.0,DCB0606,Jonathan.Marvin.Ashley@boeing.com,,,Darius.Colt.Bowen@dtaa.com,,25137,0
{P0H8-Y2RL04WI-8183CHNJ},2011-04-21 08:53:37.0,DCB0606,Amethyst.Suki.Norris@dtaa.com,,,Darius.Colt.Bowen@dtaa.com,,32058,0
{L0Z1-P8EE20FY-3512MJRQ},2011-04-21 13:24:28.0,DCB0606,Giselle.Shellie.Barnett@dtaa.com,,,Darius.Colt.Bowen@dtaa.com,,38184,0
{N7T5-G5HI69XV-3866BWCW},2011-04-25 09:27:07.0,DCB0606,Zelenia.Lydia.Boyer@dtaa.com,,,Darius.Colt.Bowen@dtaa.com,,18112,0
{X1L7-G8DI67KP-0907KBWA},2011-04-25 11:44:01.0,DCB0606,Amethyst.Suki.Norris@dtaa.com;William.Abel.Wiley@dtaa.com;Jonathan.Marvin.Ashley@boeing.com,,,Darius.Colt.Bowen@dtaa.com,,34159,0
{X1V9-O9SY77KZ-3145DSNQ},2011-04-25 11:51:17.0,DCB0606,Daquan.Stone.Grant@gmail.com;Jonathan.Marvin.Ashley@boeing.com,,,Darius.Colt.Bowen@dtaa.com,,34513,0
{D2I4-L1FU21TT-1603HJTU},2011-04-26 10:24:18.0,DCB0606,Willa.Lara.Marshall@dtaa.com,,,Darius.Colt.Bowen@dtaa.com,,36607,1
{Z4Y5-U6QM42BC-8038NDHZ},2011-04-26 11:35:21.0,DCB0606,Dieter.Kendall.Shaffer@dtaa.com,,,Darius.Colt.Bowen@dtaa.com,,19926,0
{G9G5-J8YZ63WU-9807IEZT},2011-04-27 10:47:35.0,DCB0606,Amethyst.Suki.Norris@dtaa.com,,,Darius.Colt.Bowen@dtaa.com,,28882,0
{D9K6-E0SC64FU-3841TYNN},2011-04-27 15:03:17.0,DCB0606,James.Adam.Kim@harris.com,,,Darius.Colt.Bowen@dtaa.com,,21237,0
{N2N1-R2AM18GQ-7805NSLK},2011-04-28 15:47:24.0,DCB0606,Vladimir.Dale.Tyson@dtaa.com,,,Darius.Colt.Bowen@dtaa.com,,24267,0
{F2Q5-C2UC54XX-2648HAUE},2011-04-28 16:47:57.0,DCB0606,Dillon.Benjamin.Valenzuela@dtaa.com;William.Abel.Wiley@dtaa.com,,,Darius.Colt.Bowen@dtaa.com,,23976,0
{V9R6-V4YV95UN-9526DJAL},2011-04-28 17:59:51.0,DCB0606,Amethyst.Suki.Norris@dtaa.com,,,Darius.Colt.Bowen@dtaa.com,,59253,0
{Q6J4-I1AU34OR-4081HOQY},2011-05-02 17:20:22.0,DCB0606,Wendy.Stacy.Norman@dtaa.com,,,Darius.Colt.Bowen@dtaa.com,,33007,1
{V2D7-V1CR14MY-1190VLEU},2011-05-03 12:06:25.0,DCB0606,Zelenia.Lydia.Boyer@dtaa.com,,,Darius.Colt.Bowen@dtaa.com,,42246,0
{X8K5-Y5VQ83TN-6698HTGZ},2011-05-03 12:12:24.0,DCB0606,Amethyst.Suki.Norris@dtaa.com,,,Darius.Colt.Bowen@dtaa.com,,31408,0
{Y6C5-N3GJ66TM-3113JZQB},2011-05-04 17:36:35.0,DCB0606,Dana.Inga.Leach@dtaa.com,,,Darius.Colt.Bowen@dtaa.com,,17178,0
{W1C9-Z1MQ58NZ-7473ACUF},2011-05-06 09:05:44.0,DCB0606,Ciaran.Theodore.Maxwell@dtaa.com,,,Darius.Colt.Bowen@dtaa.com,,39662,0
{J3G0-I4OC80UC-7932IERN},2011-05-09 15:24:58.0,DCB0606,Cora.Breanna.Lawson@dtaa.com,,,Darius.Colt.Bowen@dtaa.com,,38577,0
{K2P2-D9YI45PO-2309JHLP},2011-05-10 11:48:35.0,DCB0606,Dawn.Tasha.Yang@optonline.net,,,Darius.Colt.Bowen@dtaa.com,,24166,0
{U6T4-D0JR05DJ-7590QZBB},2011-05-10 15:34:44.0,DCB0606,Dana.Inga.Leach@dtaa.com;Vaughan.Ian.Finch@aol.com,,,Darius.Colt.Bowen@dtaa.com,,25843,0
{O4W7-S8JH70ET-4522NDSP},2011-05-11 13:15:27.0,DCB0606,Vaughan.Ian.Finch@aol.com,,,Darius.Colt.Bowen@dtaa.com,,51461,1
{A5A2-G7PK41MB-3168BPUX},2011-05-11 13:53:49.0,DCB0606,Jackson.Fuller.Black@hotmail.com,,,Darius.Colt.Bowen@dtaa.com,,29079,0
{S3B3-A5PS88DN-8900KANV},2011-05-12 12:49:47.0,DCB0606,Vaughan.Ian.Finch@aol.com,,,Darius.Colt.Bowen@dtaa.com,,42373,0
{R1E8-K7OR55FN-0681HZIK},2011-05-12 17:47:05.0,DCB0606,Amethyst.Suki.Norris@dtaa.com,,,Darius.Colt.Bowen@dtaa.com,,39671,0
