{T3F1-L6IE55KG-5849LUWD},2010-01-04 10:50:08.0,GEC0280,Gisela.Jeanette.Watkins@dtaa.com;Dean.Harper.Witt@dtaa.com;Neil.Leonard.Rosales@dtaa.com,,,Gisela.Eleanor.Carroll@dtaa.com,,23398,0
{G1N0-F9SE87RE-0972WIHV},2010-01-05 13:58:59.0,GEC0280,Tucker.Kenneth.Weeks@dtaa.com,,,Gisela.Eleanor.Carroll@dtaa.com,,22828,0
{C3L5-U0YL42GN-5757YDMY},2010-01-08 15:02:48.0,GEC0280,Dean.Harper.Witt@dtaa.com,,,Gisela.Eleanor.Carroll@dtaa.com,,21124,0
{L6Z6-E2ID20OK-7993MCDO},2010-01-11 15:44:00.0,GEC0280,Alisa.Shaine.Adkins@dtaa.com;Justine.Amy.Lara@dtaa.com;Reuben.Hu.Preston@dtaa.com;Nadine.Anjolie.Gregory@dtaa.com,,,Gisela.Eleanor.Carroll@dtaa.com,,34817,0
{W6S2-E9SF67NT-8908TEOH},2010-01-12 15:46:18.0,GEC0280,Ima.Quintessa.Williams@dtaa.com,,,Gisela.Eleanor.Carroll@dtaa.com,,42409,0
{Q2H0-T9TG08CY-3070ZDBM},2010-01-13 08:55:34.0,GEC0280,Carol.Reagan.Mcmillan@dtaa.com,,,Gisela.Eleanor.Carroll@dtaa.com,,30045,0
{W7U9-N5HT26HH-8087BNEQ},2010-01-14 09:18:54.0,GEC0280,McKenzie.Unity.Tran@dtaa.com;Odessa.Mollie.Sawyer@dtaa.com,,,Gisela.Eleanor.Carroll@dtaa.com,,31060,0
{Q3C8-Z9RJ06LA-0237DQWV},2010-01-15 15:11:58.0,GEC0280,Kendall.Lynn.Hatfield@dtaa.com,,,Gisela.Eleanor.Carroll@dtaa.com,,30307,0
{Q4O0-O5KJ71LP-7774OLSI},2010-01-18 15:27:47.0,GEC0280,Ainsley.Mara.Gates@northropgrumman.com,,,Gisela.Eleanor.Carroll@dtaa.com,,23182,0
{U2A5-T6NI01UV-9242DHYX},2010-01-19 10:59:31.0,GEC0280,Sloane.Zachery.Griffin@dtaa.com;Gillian.Brenna.Conley@dtaa.com,,,Gisela.Eleanor.Carroll@dtaa.com,,29799,0
{M5Y4-B9OW05NR-7827CJNN},2010-01-20 15:53:48.0,GEC0280,Justine.Amy.Lara@dtaa.com;Ainsley.Mara.Gates@northropgrumman.com,,,Gisela.Eleanor.Carroll@dtaa.com,,35299,0
{K6K0-P6JJ53EL-0612DQLX},2010-01-21 12:56:36.0,GEC0280,Sloane.Zachery.Griffin@dtaa.com,,,Gisela.Eleanor.Carroll@dtaa.com,,25510,0
{Y0U3-C3KP28TM-9420MXCV},2010-01-22 16:01:47.0,GEC0280,Odessa.Mollie.Sawyer@dtaa.com;Brianna.Ruby.Bender@dtaa.com,,,Gisela.Eleanor.Carroll@dtaa.com,,53799,0
{P2X8-Y3LN62UZ-6704KEVP},2010-01-25 10:10:23.0,GEC0280,Ima.Quintessa.Williams@dtaa.com;Kevyn.Frances.Brennan@dtaa.com,,,Gisela.Eleanor.Carroll@dtaa.com,,16010,0
{G6J0-W7UM71XL-7006ASJJ},2010-01-26 15:28:08.0,GEC0280,Alisa.Shaine.Adkins@dtaa.com,,,Gisela.Eleanor.Carroll@dtaa.com,,55493,0
{B6O4-C1IZ11CR-3848VPQO},2010-01-27 16:36:30.0,GEC0280,Tucker.Kenneth.Weeks@dtaa.com;Dahlia.Alma.Alvarado@dtaa.com;Odessa.Mollie.Sawyer@dtaa.com;Sean.Declan.Hull@dtaa.com,,,Gisela.Eleanor.Carroll@dtaa.com,,27011,0
{D0U0-B6CN94BN-4584MEDS},2010-02-01 15:49:35.0,GEC0280,Ima.Quintessa.Williams@dtaa.com;Ainsley.Mara.Gates@northropgrumman.com,,,Gisela.Eleanor.Carroll@dtaa.com,,28779,0
{N1E0-Z5WD53HR-8729KLZK},2010-02-02 15:40:37.0,GEC0280,Ima.Quintessa.Williams@dtaa.com,,,Gisela.Eleanor.Carroll@dtaa.com,,23154,0
{M1M8-H0WP12WD-8285DCBG},2010-02-05 13:51:43.0,GEC0280,Kendall.Nevada.Coffey@dtaa.com,,,Gisela.Eleanor.Carroll@dtaa.com,,14719,0
{V4B6-G7VK29XL-3152GHRM},2010-02-08 12:07:11.0,GEC0280,Alisa.Shaine.Adkins@dtaa.com;Ima.Quintessa.Williams@dtaa.com;Dahlia.Alma.Alvarado@dtaa.com,,,Gisela.Eleanor.Carroll@dtaa.com,,24467,0
{K7K3-K0RD12KV-7322JQYX},2010-02-09 09:57:52.0,GEC0280,Aretha.Cameron.Maynard@aol.com,,,Gisela.Eleanor.Carroll@dtaa.com,,24524,0
{N2E8-S4TQ36ZZ-6740CBAQ},2010-02-10 13:06:38.0,GEC0280,Alisa.Shaine.Adkins@dtaa.com,,,Gisela.Eleanor.Carroll@dtaa.com,,25512,0
{F1C6-D2RJ86HL-7533WFJY},2010-02-11 16:47:09.0,GEC0280,Dean.Harper.Witt@dtaa.com,,,Gisela.Eleanor.Carroll@dtaa.com,,35768,0
{K4D7-X6TS94JX-3176QMNT},2010-02-12 13:13:22.0,GEC0280,Tucker.Kenneth.Weeks@dtaa.com,,,Gisela.Eleanor.Carroll@dtaa.com,,30558,0
{Y4P7-F2DK72JG-1975HCCX},2010-02-15 14:34:39.0,GEC0280,Karyn.Deborah.Hunter@dtaa.com;Dahlia.Alma.Alvarado@dtaa.com;Kendall.Nevada.Coffey@dtaa.com,,,Gisela.Eleanor.Carroll@dtaa.com,,46342,0
{S5Z0-C4PS50CL-3285FRBS},2010-02-16 10:19:25.0,GEC0280,Nadine.Anjolie.Gregory@dtaa.com,,,Gisela.Eleanor.Carroll@dtaa.com,,22580,0
{B0Q4-E8QK25WV-9015BEWN},2010-02-17 15:02:25.0,GEC0280,Alexandra.Tanisha.Vargas@dtaa.com;Gillian.Brenna.Conley@dtaa.com;Ainsley.Mara.Gates@northropgrumman.com,,,Gisela.Eleanor.Carroll@dtaa.com,,42362,0
{U5F8-P3CM43WP-6296VJAL},2010-02-18 12:38:40.0,GEC0280,Audra.Madonna.Tran@dtaa.com;Kendall.Nevada.Coffey@dtaa.com,,,Gisela.Eleanor.Carroll@dtaa.com,,36878,0
{U3Z1-D6FB50NM-8453ARSV},2010-02-22 11:00:06.0,GEC0280,Dean.Harper.Witt@dtaa.com,,,Gisela.Eleanor.Carroll@dtaa.com,,36815,0
{M5Q4-T8SW65DK-6020PVVU},2010-02-23 13:36:26.0,GEC0280,Odessa.Mollie.Sawyer@dtaa.com;Robert.Herrod.Walter@dtaa.com;Rhona.Paula.Hammond@dtaa.com;Sean.Declan.Hull@dtaa.com,,,Gisela.Eleanor.Carroll@dtaa.com,,39067,0
{O7Q3-Y3DY92JE-3940SGNU},2010-02-25 10:22:36.0,GEC0280,Audra.Madonna.Tran@dtaa.com,,,Gisela.Eleanor.Carroll@dtaa.com,,26710,0
{C6D7-Z5JJ63PU-4282YFAZ},2010-03-01 15:27:15.0,GEC0280,Ferris.Samuel.Weiss@dtaa.com;Maggie.Quemby.Mccray@dtaa.com,,,Gisela.Eleanor.Carroll@dtaa.com,,21025,0
{P4H6-N4JB94YE-8832WOQW},2010-03-02 11:02:46.0,GEC0280,Sean.Declan.Hull@dtaa.com;Odessa.Mollie.Sawyer@dtaa.com,,,Gisela.Eleanor.Carroll@dtaa.com,,22377,0
{W7J0-B2HV71QQ-2826BFZW},2010-03-03 13:43:23.0,GEC0280,Cynthia.Inez.Lowe@dtaa.com,,,Gisela.Eleanor.Carroll@dtaa.com,,33428,0
{T4V6-T1UY65GE-1791LEDQ},2010-03-04 10:18:01.0,GEC0280,Carol.Reagan.Mcmillan@dtaa.com;Baker.Xerxes.Marshall@sbcglobal.net,,,Gisela.Eleanor.Carroll@dtaa.com,,24616,0
{K0K4-T2KE39PX-3728ZCTO},2010-03-05 10:34:05.0,GEC0280,Kendall.Nevada.Coffey@dtaa.com,,,Gisela.Eleanor.Carroll@dtaa.com,,22392,0
{U4F2-S0MB03QI-3242WYUP},2010-03-08 16:23:38.0,GEC0280,Kendall.Nevada.Coffey@dtaa.com,,,Gisela.Eleanor.Carroll@dtaa.com,,36729,0
{E8S4-I4PW91AW-9828UUBA},2010-03-09 14:43:17.0,GEC0280,Sarah.Bryar.Whitfield@dtaa.com,,,Gisela.Eleanor.Carroll@dtaa.com,,44448,0
{G5B9-G4SE15TN-0076IOMG},2010-03-10 11:40:26.0,GEC0280,Gillian.Brenna.Conley@dtaa.com;Nadine.Anjolie.Gregory@dtaa.com,,,Gisela.Eleanor.Carroll@dtaa.com,,14753,0
{O8N8-W9IT86ML-5903UCDM},2010-03-11 14:48:51.0,GEC0280,Evelyn.Jane.Wong@dtaa.com,,,Gisela.Eleanor.Carroll@dtaa.com,,20893,0
{G0T7-D0ND25PL-5593FYUG},2010-03-12 09:57:28.0,GEC0280,Carol.Reagan.Mcmillan@dtaa.com;Alexandra.Tanisha.Vargas@dtaa.com;Audra.Madonna.Tran@dtaa.com,,,Gisela.Eleanor.Carroll@dtaa.com,,42939,0
{U0A1-U2BR23DS-6871MTHM},2010-03-15 09:01:40.0,GEC0280,Sean.Declan.Hull@dtaa.com;Aretha.Cameron.Maynard@aol.com,,,Gisela.Eleanor.Carroll@dtaa.com,,30900,0
{D0W3-N4UA90OI-4882TQNC},2010-03-17 14:19:39.0,GEC0280,India.Rinah.Murphy@dtaa.com,,,Gisela.Eleanor.Carroll@dtaa.com,,28102,0
{H5J8-B3WB07MP-6988LTBD},2010-03-18 14:56:27.0,GEC0280,Sean.Declan.Hull@dtaa.com,,,Gisela.Eleanor.Carroll@dtaa.com,,16125,0
{K0S3-J3MB09MW-6725BLJJ},2010-03-22 09:39:30.0,GEC0280,Audra.Madonna.Tran@dtaa.com;Maggie.Quemby.Mccray@dtaa.com,,,Gisela.Eleanor.Carroll@dtaa.com,,27944,0
{P7P1-V5ZL03SI-4118TLEW},2010-03-23 10:59:43.0,GEC0280,Benjamin.Alec.Gutierrez@dtaa.com,,,Gisela.Eleanor.Carroll@dtaa.com,,24560,0
{G1T8-H0KU64EW-8883PKGG},2010-03-24 12:19:30.0,GEC0280,Alexandra.Tanisha.Vargas@dtaa.com;Justine.Amy.Lara@dtaa.com,,,Gisela.Eleanor.Carroll@dtaa.com,,37493,0
{E9X4-Q6IT17IC-5385VEWN},2010-03-26 15:18:39.0,GEC0280,Dane.Vladimir.Schmidt@dtaa.com;Sean.Declan.Hull@dtaa.com,,,Gisela.Eleanor.Carroll@dtaa.com,,19430,0
{L9U1-L6CC03BR-3670PKTM},2010-03-31 15:21:45.0,GEC0280,Nadine.Anjolie.Gregory@dtaa.com,,,Gisela.Eleanor.Carroll@dtaa.com,,37346,0
{G8F0-P0PW09SS-8861AZUT},2010-04-01 11:20:18.0,GEC0280,Maggie.Quemby.Mccray@dtaa.com;Carol.Reagan.Mcmillan@dtaa.com;Karyn.Deborah.Hunter@dtaa.com,,,Gisela.Eleanor.Carroll@dtaa.com,,15073,0
{G5M3-S1YP97QW-8593PYXM},2010-04-05 13:47:21.0,GEC0280,Kirsten.Nevada.Wilkerson@dtaa.com;Reuben.Hu.Preston@dtaa.com,,,Gisela.Eleanor.Carroll@dtaa.com,,23714,0
{Q4Z7-C4QS15JL-8008LPCP},2010-04-06 09:51:54.0,GEC0280,Alexandra.Tanisha.Vargas@dtaa.com;Sean.Declan.Hull@dtaa.com,,,Gisela.Eleanor.Carroll@dtaa.com,,19250,0
{Y6G1-C1SI26CB-9785RQQS},2010-04-07 16:15:40.0,GEC0280,Audra.Madonna.Tran@dtaa.com;Justine.Amy.Lara@dtaa.com,,,Gisela.Eleanor.Carroll@dtaa.com,,28958,0
{U3S7-V5WQ71PB-7399NSSY},2010-04-12 13:05:38.0,GEC0280,Sean.Declan.Hull@dtaa.com;Aretha.Cameron.Maynard@aol.com,,,Gisela.Eleanor.Carroll@dtaa.com,,25161,0
{R5F6-M3ZF60IK-4111HXFP},2010-04-13 12:06:15.0,GEC0280,Maggie.Quemby.Mccray@dtaa.com,,,Gisela.Eleanor.Carroll@dtaa.com,,27097,0
{V8Y9-U9FN19MG-6947OOWE},2010-04-14 16:01:24.0,GEC0280,Melvin.Alec.Delgado@dtaa.com;Nadine.Anjolie.Gregory@dtaa.com,,,Gisela.Eleanor.Carroll@dtaa.com,,27781,0
{E0E2-S7BG14UV-0903QEZR},2010-04-15 15:19:23.0,GEC0280,Sean.Declan.Hull@dtaa.com,,,Gisela.Eleanor.Carroll@dtaa.com,,29155,0
{Y7Q3-F8KC67NS-7232CACX},2010-04-16 13:25:50.0,GEC0280,Alexandra.Tanisha.Vargas@dtaa.com;Ima.Quintessa.Williams@dtaa.com;Aretha.Cameron.Maynard@aol.com,,,Gisela.Eleanor.Carroll@dtaa.com,,31401,0
{B4G8-C1TH61QW-6646ZXGN},2010-04-19 10:03:06.0,GEC0280,Odessa.Mollie.Sawyer@dtaa.com;Germaine.Zorita.Terry@boeing.com,,,Gisela.Eleanor.Carroll@dtaa.com,,29374,0
{Q3K6-P9BB53JK-7713QOBW},2010-04-21 15:21:58.0,GEC0280,Justine.Amy.Lara@dtaa.com;Baker.Xerxes.Marshall@sbcglobal.net,,,Gisela.Eleanor.Carroll@dtaa.com,,26643,0
{X8C8-K0GE75MP-0956USUL},2010-04-22 16:00:00.0,GEC0280,Aretha.Cameron.Maynard@aol.com,,,Gisela.Eleanor.Carroll@dtaa.com,,47695,0
{P1B4-L8VR27NK-7312ZIZR},2010-04-23 16:16:19.0,GEC0280,Carol.Reagan.Mcmillan@dtaa.com,,,Gisela.Eleanor.Carroll@dtaa.com,,30239,0
{Z9K7-J8JZ60XY-8435JQHG},2010-04-26 11:28:52.0,GEC0280,Tucker.Kenneth.Weeks@dtaa.com;Dean.Harper.Witt@dtaa.com;Kendall.Nevada.Coffey@dtaa.com;Ainsley.Mara.Gates@northropgrumman.com,,,Gisela.Eleanor.Carroll@dtaa.com,,15295,0
{B1M5-F4SP38KD-6730AWRN},2010-04-27 15:29:51.0,GEC0280,Carol.Reagan.Mcmillan@dtaa.com;Alexandra.Tanisha.Vargas@dtaa.com;Reuben.Hu.Preston@dtaa.com;Maggie.Quemby.Mccray@dtaa.com,,,Gisela.Eleanor.Carroll@dtaa.com,,20353,0
{K6U0-Z1ZO25TC-7311AHJF},2010-04-28 14:51:28.0,GEC0280,Hedy.Yvette.Cook@dtaa.com,,,Gisela.Eleanor.Carroll@dtaa.com,,23028,0
{W9X8-I9IH78UM-3318KHUD},2010-04-29 15:55:01.0,GEC0280,Sean.Declan.Hull@dtaa.com,,,Gisela.Eleanor.Carroll@dtaa.com,,59907,0
{S5X8-G6PS71KL-8458WQSD},2010-04-30 10:02:36.0,GEC0280,Sean.Declan.Hull@dtaa.com;Karyn.Deborah.Hunter@dtaa.com;Gay.Kylynn.Holden@dtaa.com,,,Gisela.Eleanor.Carroll@dtaa.com,,25474,0
{Q8L2-A0IK62QE-0436MGVG},2010-05-03 16:03:39.0,GEC0280,Aretha.Cameron.Maynard@aol.com,,,Gisela.Eleanor.Carroll@dtaa.com,,21958,0
{F3H5-K9VA47KW-4889TCRF},2010-05-05 11:17:26.0,GEC0280,Karyn.Deborah.Hunter@dtaa.com,,,Gisela.Eleanor.Carroll@dtaa.com,,23662,0
{E3L6-Y4TV67NJ-2029EKFE},2010-05-06 17:04:31.0,GEC0280,Gillian.Brenna.Conley@dtaa.com,,,Gisela.Eleanor.Carroll@dtaa.com,,20346,0
{R4O2-Z5TI26CE-8586DQRA},2010-05-07 15:35:25.0,GEC0280,Nadine.Anjolie.Gregory@dtaa.com;Odessa.Mollie.Sawyer@dtaa.com;Aretha.Cameron.Maynard@aol.com,,,Gisela.Eleanor.Carroll@dtaa.com,,33736,0
{B8A0-F7IR15SM-0042ZMBY},2010-05-11 14:11:54.0,GEC0280,Cynthia.Rhoda.Little@dtaa.com,,,Gisela.Eleanor.Carroll@dtaa.com,,29293,0
{V0A6-P1MQ90GE-4400PNKR},2010-05-12 16:05:44.0,GEC0280,Nadine.Anjolie.Gregory@dtaa.com;Baker.Xerxes.Marshall@sbcglobal.net,,,Gisela.Eleanor.Carroll@dtaa.com,,22295,0
{M1I2-L0GP75RI-5804EZXQ},2010-05-13 14:42:38.0,GEC0280,Kelly.Elton.Porter@dtaa.com;Jelani.Malachi.Wagner@dtaa.com;Alexandra.Tanisha.Vargas@dtaa.com,,,Gisela.Eleanor.Carroll@dtaa.com,,16890,0
{C3P8-A5NQ99YX-9191UEJY},2010-05-14 17:00:03.0,GEC0280,Maggie.Quemby.Mccray@dtaa.com;Carol.Reagan.Mcmillan@dtaa.com,,,Gisela.Eleanor.Carroll@dtaa.com,,22780,0
{D2G7-W8WM89MB-7663LHAZ},2010-05-17 11:04:45.0,GEC0280,Odessa.Mollie.Sawyer@dtaa.com;Sloane.Zachery.Griffin@dtaa.com,,,Gisela.Eleanor.Carroll@dtaa.com,,47346,0
{O3Z7-Z6WC13PR-5970PLIR},2010-05-18 13:28:39.0,GEC0280,Audra.Madonna.Tran@dtaa.com,,,Gisela.Eleanor.Carroll@dtaa.com,,40716,0
{Y7T8-W9XN92RQ-2169AEJI},2010-05-19 16:19:42.0,GEC0280,Dahlia.Alma.Alvarado@dtaa.com,,,Gisela.Eleanor.Carroll@dtaa.com,,25514,0
{O3E3-I0MR43WK-1332AZWY},2010-05-20 11:40:22.0,GEC0280,Aretha.Cameron.Maynard@aol.com;Ainsley.Mara.Gates@northropgrumman.com,,,Gisela.Eleanor.Carroll@dtaa.com,,62134,0
{C3V0-S4FM39YD-0183OIFP},2010-05-21 14:05:37.0,GEC0280,Audra.Madonna.Tran@dtaa.com,,,Gisela.Eleanor.Carroll@dtaa.com,,32904,0
{G4Z5-W3IL72RZ-6417EGTS},2010-05-24 09:55:33.0,GEC0280,Reuben.Hu.Preston@dtaa.com,,,Gisela.Eleanor.Carroll@dtaa.com,,66302,0
{B8E8-I9NN96VW-4922OTVT},2010-05-25 16:21:46.0,GEC0280,Audra.Madonna.Tran@dtaa.com,,,Gisela.Eleanor.Carroll@dtaa.com,,25210,0
{O2C9-K1KB75WX-9064HSDH},2010-05-27 12:39:04.0,GEC0280,Kendall.Nevada.Coffey@dtaa.com;Gillian.Brenna.Conley@dtaa.com;Baker.Xerxes.Marshall@sbcglobal.net,,,Gisela.Eleanor.Carroll@dtaa.com,,36441,0
{U5R2-N0WL47IH-9227KYZH},2010-05-28 11:24:51.0,GEC0280,Gillian.Brenna.Conley@dtaa.com;Karyn.Deborah.Hunter@dtaa.com,,,Gisela.Eleanor.Carroll@dtaa.com,,29523,0
{S9W0-F4IB93LK-9039ZZGP},2010-06-01 10:18:46.0,GEC0280,Cullen.Arden.Wolf@dtaa.com;Alisa.Shaine.Adkins@dtaa.com;Odessa.Mollie.Sawyer@dtaa.com;Dahlia.Alma.Alvarado@dtaa.com,,,Gisela.Eleanor.Carroll@dtaa.com,,16567,0
{T8S3-H1KT92LV-8272GAAT},2010-06-02 12:30:18.0,GEC0280,Tucker.Kenneth.Weeks@dtaa.com;Dahlia.Alma.Alvarado@dtaa.com;Chava.Alisa.Porter@dtaa.com;Aretha.Cameron.Maynard@aol.com,,,Gisela.Eleanor.Carroll@dtaa.com,,35007,0
{T7Q3-U3XI15YY-5366WUUR},2010-06-03 15:50:44.0,GEC0280,Jolie.Uta.Cummings@dtaa.com,,,Gisela.Eleanor.Carroll@dtaa.com,,23255,0
{S6D1-I2CO98NJ-7572BUOH},2010-06-04 15:13:13.0,GEC0280,Emerald.Camilla.Frazier@dtaa.com;Drake.Ivan.Mejia@dtaa.com,,,Gisela.Eleanor.Carroll@dtaa.com,,21883,0
{H9X8-U1XI60XO-7488UYJU},2010-06-07 15:17:14.0,GEC0280,Alexandra.Tanisha.Vargas@dtaa.com;Carol.Reagan.Mcmillan@dtaa.com,,,Gisela.Eleanor.Carroll@dtaa.com,,19972,0
{I6U0-D9GS00EN-3188FBVO},2010-06-08 13:59:27.0,GEC0280,Karyn.Deborah.Hunter@dtaa.com,,,Gisela.Eleanor.Carroll@dtaa.com,,25974,0
{X7T6-T5EN71ER-9959YUDR},2010-06-09 15:32:22.0,GEC0280,Sloane.Zachery.Griffin@dtaa.com;Aretha.Cameron.Maynard@aol.com,,,Gisela.Eleanor.Carroll@dtaa.com,,32386,0
{Y4B9-J8OT07UZ-8719LOPW},2010-06-10 10:48:51.0,GEC0280,Tucker.Kenneth.Weeks@dtaa.com;Denton.Casey.Meadows@dtaa.com,,,Gisela.Eleanor.Carroll@dtaa.com,,27753,0
{U3S6-Q1UN63CX-3584EYQI},2010-06-11 12:05:53.0,GEC0280,Maggie.Quemby.Mccray@dtaa.com,,,Gisela.Eleanor.Carroll@dtaa.com,,34177,0
{Z3J4-D6SL10MZ-2802CGED},2010-06-14 13:54:58.0,GEC0280,Alisa.Shaine.Adkins@dtaa.com;Baker.Xerxes.Marshall@sbcglobal.net,,,Gisela.Eleanor.Carroll@dtaa.com,,17217,0
{L3A5-B3UT92OE-6152OMNU},2010-06-15 14:43:48.0,GEC0280,Alisa.Shaine.Adkins@dtaa.com;Alexandra.Tanisha.Vargas@dtaa.com,,,Gisela.Eleanor.Carroll@dtaa.com,,31758,0
{W9C2-B3TT72YX-0913HJYN},2010-06-17 13:49:51.0,GEC0280,Aretha.Cameron.Maynard@aol.com,,,Gisela.Eleanor.Carroll@dtaa.com,,33509,0
{Q8B3-K1VC44HP-9776RKNI},2010-06-21 11:29:16.0,GEC0280,Nadine.Anjolie.Gregory@dtaa.com,,,Gisela.Eleanor.Carroll@dtaa.com,,27478,0
{F8J0-V2XQ57HA-3730CSBH},2010-06-22 16:25:40.0,GEC0280,Reuben.Hu.Preston@dtaa.com,,,Gisela.Eleanor.Carroll@dtaa.com,,24574,0
{K5Z1-S4RZ93WA-8608GUPK},2010-06-23 14:18:42.0,GEC0280,Sean.Declan.Hull@dtaa.com;Sloane.Zachery.Griffin@dtaa.com;Ainsley.Mara.Gates@northropgrumman.com,,,Gisela.Eleanor.Carroll@dtaa.com,,22854,0
{X2Q5-C4HJ34TR-4341RORX},2010-06-24 16:49:23.0,GEC0280,Sean.Declan.Hull@dtaa.com,,,Gisela.Eleanor.Carroll@dtaa.com,,26298,0
{U7A5-J0WT26JE-3044HPDU},2010-06-25 10:44:45.0,GEC0280,Odessa.Mollie.Sawyer@dtaa.com;Baker.Xerxes.Marshall@sbcglobal.net;Aretha.Cameron.Maynard@aol.com,,,Gisela.Eleanor.Carroll@dtaa.com,,31345,0
{A5L5-N8ED01RG-2648HMQA},2010-06-28 14:49:05.0,GEC0280,Dean.Harper.Witt@dtaa.com,,,Gisela.Eleanor.Carroll@dtaa.com,,34307,0
{R6F2-M6BM05CM-3684IGAB},2010-06-29 15:04:33.0,GEC0280,Sloane.Zachery.Griffin@dtaa.com,,,Gisela.Eleanor.Carroll@dtaa.com,,21321,0
{P4Y7-G7CF50XS-3276AYTQ},2010-06-30 15:03:20.0,GEC0280,Gillian.Brenna.Conley@dtaa.com,,,Gisela.Eleanor.Carroll@dtaa.com,,29951,0
{J2W0-Z8XY25MY-4775OYKA},2010-07-01 14:43:14.0,GEC0280,Aretha.Cameron.Maynard@aol.com,,,Gisela.Eleanor.Carroll@dtaa.com,,33743,0
{O0Z4-D3ZD96QM-5963QVJT},2010-07-06 12:02:07.0,GEC0280,Urielle.Alexis.Bartlett@dtaa.com;Reuben.Hu.Preston@dtaa.com;Aretha.Cameron.Maynard@aol.com,,,Gisela.Eleanor.Carroll@dtaa.com,,37937,0
{U3K3-F6PN36SV-5083JHQX},2010-07-12 10:11:26.0,GEC0280,Sean.Declan.Hull@dtaa.com,,,Gisela.Eleanor.Carroll@dtaa.com,,42072,0
{D7P2-N8VN20OU-5425HXXV},2010-07-13 09:22:39.0,GEC0280,Justine.Amy.Lara@dtaa.com;Alisa.Shaine.Adkins@dtaa.com,,,Gisela.Eleanor.Carroll@dtaa.com,,37538,0
{M8X6-O1XB09JM-0208NTBP},2010-07-14 16:05:45.0,GEC0280,Palmer.Josiah.Young@dtaa.com,,,Gisela.Eleanor.Carroll@dtaa.com,,37402,0
{F6N3-K4JI68BJ-9705EOCJ},2010-07-15 09:43:12.0,GEC0280,Carol.Reagan.Mcmillan@dtaa.com,,,Gisela.Eleanor.Carroll@dtaa.com,,25585,0
{F1F0-M4MX32ML-1101FYBW},2010-07-16 10:30:46.0,GEC0280,Karyn.Deborah.Hunter@dtaa.com,,,Gisela.Eleanor.Carroll@dtaa.com,,30575,0
{Y8N5-S9VT83KA-4091VOBH},2010-07-19 15:44:21.0,GEC0280,Gillian.Brenna.Conley@dtaa.com,,,Gisela.Eleanor.Carroll@dtaa.com,,26855,0
{I5Z0-Y4UD38CJ-6581RBDQ},2010-07-20 16:24:51.0,GEC0280,Maggie.Quemby.Mccray@dtaa.com;Aretha.Cameron.Maynard@aol.com;Ainsley.Mara.Gates@northropgrumman.com,,,Gisela.Eleanor.Carroll@dtaa.com,,37311,0
{K6Z2-I3ID74XP-5471SAKU},2010-07-21 08:59:26.0,GEC0280,Maggie.Quemby.Mccray@dtaa.com,,,Gisela.Eleanor.Carroll@dtaa.com,,43058,0
{H8O1-N2LI12NV-1943KADB},2010-07-22 10:31:51.0,GEC0280,Tucker.Kenneth.Weeks@dtaa.com;Maggie.Quemby.Mccray@dtaa.com;Clio.Bethany.Morales@harris.com,,,Gisela.Eleanor.Carroll@dtaa.com,,32013,0
{A1V5-B8KE28KP-9341RHFK},2010-07-23 09:54:03.0,GEC0280,Aretha.Cameron.Maynard@aol.com,,,Gisela.Eleanor.Carroll@dtaa.com,,37040,0
{P9Y6-O2OM78TG-2759CPPK},2010-07-27 10:26:27.0,GEC0280,Alisa.Shaine.Adkins@dtaa.com,,,Gisela.Eleanor.Carroll@dtaa.com,,33229,0
{S9G0-W0TW37XD-4876RVHS},2010-07-29 16:48:12.0,GEC0280,Dahlia.Alma.Alvarado@dtaa.com;Aretha.Cameron.Maynard@aol.com,,,Gisela.Eleanor.Carroll@dtaa.com,,31060,0
{U4S9-Z6WT69NW-3170DGNL},2010-07-30 16:31:14.0,GEC0280,Kendall.Nevada.Coffey@dtaa.com,,,Gisela.Eleanor.Carroll@dtaa.com,,42786,0
{C6Q8-E1MI26HG-2250OWXT},2010-08-02 10:08:18.0,GEC0280,Alexandra.Tanisha.Vargas@dtaa.com;Maggie.Quemby.Mccray@dtaa.com;Gillian.Brenna.Conley@dtaa.com,,,Gisela.Eleanor.Carroll@dtaa.com,,31657,0
{S1J7-N2BU95II-0882WGCF},2010-08-04 14:42:25.0,GEC0280,Justine.Amy.Lara@dtaa.com;Carol.Reagan.Mcmillan@dtaa.com;Hiram.Jasper.Velez@dtaa.com;Aretha.Cameron.Maynard@aol.com,,,Gisela.Eleanor.Carroll@dtaa.com,,28089,0
{O8N6-F8GM65JL-1296AUIM},2010-08-09 12:42:37.0,GEC0280,Gillian.Brenna.Conley@dtaa.com,,,Gisela.Eleanor.Carroll@dtaa.com,,27555,0
{U4M9-Q2RK00BL-6994HLBV},2010-08-10 13:11:02.0,GEC0280,Aretha.Cameron.Maynard@aol.com,,,Gisela.Eleanor.Carroll@dtaa.com,,37547,0
{D0G6-B2OG15FU-2497VRMH},2010-08-11 16:56:08.0,GEC0280,Rhona.Aretha.Sykes@dtaa.com,,,Gisela.Eleanor.Carroll@dtaa.com,,14821,0
{I2M3-I8WC14YP-2428WUVK},2010-08-12 16:15:41.0,GEC0280,Audra.Madonna.Tran@dtaa.com,,,Gisela.Eleanor.Carroll@dtaa.com,,24745,0
{W8V1-W2YA03FJ-9574OZXJ},2010-08-13 15:38:23.0,GEC0280,Audra.Madonna.Tran@dtaa.com,,,Gisela.Eleanor.Carroll@dtaa.com,,31840,0
{P2E1-E4QF17LZ-0138ZJLE},2010-08-16 16:51:51.0,GEC0280,Audra.Madonna.Tran@dtaa.com,,,Gisela.Eleanor.Carroll@dtaa.com,,37115,0
{O5U5-E0KF43GB-7250XKQA},2010-08-17 11:21:02.0,GEC0280,Odessa.Mollie.Sawyer@dtaa.com,,,Gisela.Eleanor.Carroll@dtaa.com,,31146,0
{Z0G5-H6CM76PC-0413MTVI},2010-08-18 10:41:30.0,GEC0280,Sean.Declan.Hull@dtaa.com;Dahlia.Alma.Alvarado@dtaa.com,,,Gisela.Eleanor.Carroll@dtaa.com,,26220,0
{I0V5-D8UZ54KK-8973TIYC},2010-08-19 13:01:29.0,GEC0280,Dahlia.Alma.Alvarado@dtaa.com,,,Gisela.Eleanor.Carroll@dtaa.com,,34655,0
{Q8Q5-Q3DD57UQ-7381CXVY},2010-08-20 10:08:02.0,GEC0280,Odessa.Mollie.Sawyer@dtaa.com,,,Gisela.Eleanor.Carroll@dtaa.com,,34639,0
{H7L8-N5WQ82FF-3255FSUJ},2010-08-23 12:28:02.0,GEC0280,Gillian.Brenna.Conley@dtaa.com;Karyn.Deborah.Hunter@dtaa.com,,,Gisela.Eleanor.Carroll@dtaa.com,,30888,0
{P4Q4-U5QT11QH-6979LPBY},2010-08-25 16:09:25.0,GEC0280,Hall.Curran.Hood@dtaa.com,,,Gisela.Eleanor.Carroll@dtaa.com,,28675,0
{Q3C3-G1BL35HY-9638XNZA},2010-08-26 15:24:15.0,GEC0280,Brianna.Ruby.Bender@dtaa.com,,,Gisela.Eleanor.Carroll@dtaa.com,,34067,0
{E5H7-F2EJ90JQ-7282KRQS},2010-08-27 16:48:45.0,GEC0280,Nadine.Anjolie.Gregory@dtaa.com;Dean.Harper.Witt@dtaa.com,,,Gisela.Eleanor.Carroll@dtaa.com,,10856,0
{Z6Q1-L6QZ53YX-3886OHTW},2010-08-30 17:01:53.0,GEC0280,Hasad.Tobias.Mcconnell@dtaa.com,,,Gisela.Eleanor.Carroll@dtaa.com,,24262,0
{Y9N1-Z5SN38EN-7090ZIYE},2010-08-31 16:29:33.0,GEC0280,Karyn.Deborah.Hunter@dtaa.com,,,Gisela.Eleanor.Carroll@dtaa.com,,21998,0
{K9Y1-Z7LO96SB-5929QBTW},2010-09-02 14:38:29.0,GEC0280,Audra.Madonna.Tran@dtaa.com;Karyn.Deborah.Hunter@dtaa.com;Dahlia.Alma.Alvarado@dtaa.com;Dean.Harper.Witt@dtaa.com;Garrett.Justin.Tanner@bellsouth.net,,,Gisela.Eleanor.Carroll@dtaa.com,,29161,0
{J2Z8-G0JP97PC-1016PXQY},2010-09-07 16:26:07.0,GEC0280,Ashely.Violet.Joyner@dtaa.com;Aretha.Cameron.Maynard@aol.com,,,Gisela.Eleanor.Carroll@dtaa.com,,48166,0
{C1V9-K9ZA84CJ-1203JTER},2010-09-08 15:32:02.0,GEC0280,Audra.Madonna.Tran@dtaa.com;Maggie.Quemby.Mccray@dtaa.com,,,Gisela.Eleanor.Carroll@dtaa.com,,63728,0
{C9N9-F8AJ89BA-9904NMLK},2010-09-09 11:26:32.0,GEC0280,Dean.Harper.Witt@dtaa.com,,,Gisela.Eleanor.Carroll@dtaa.com,,29926,0
{Q8E5-L4ZF96YI-5888XOTJ},2010-09-10 15:01:27.0,GEC0280,Sean.Declan.Hull@dtaa.com,,,Gisela.Eleanor.Carroll@dtaa.com,,19113,0
{Z6J8-Z5UQ46LB-8646WTFE},2010-09-13 14:49:40.0,GEC0280,Dahlia.Alma.Alvarado@dtaa.com;Alexandra.Tanisha.Vargas@dtaa.com;Nadine.Anjolie.Gregory@dtaa.com,,,Gisela.Eleanor.Carroll@dtaa.com,,24184,0
{O3D0-T7XA86KG-0610YVIS},2010-09-14 10:47:37.0,GEC0280,Karyn.Deborah.Hunter@dtaa.com;Alisa.Shaine.Adkins@dtaa.com;Maggie.Quemby.Mccray@dtaa.com,,,Gisela.Eleanor.Carroll@dtaa.com,,26301,0
{C4G7-W2KH11JU-9061BRDD},2010-09-15 09:25:08.0,GEC0280,Karyn.Deborah.Hunter@dtaa.com;Audra.Madonna.Tran@dtaa.com;Aretha.Cameron.Maynard@aol.com,,,Gisela.Eleanor.Carroll@dtaa.com,,24372,0
{A7O3-W3IR66JT-6697YZSX},2010-09-17 09:17:39.0,GEC0280,Dean.Harper.Witt@dtaa.com;Odessa.Mollie.Sawyer@dtaa.com,,,Gisela.Eleanor.Carroll@dtaa.com,,28457,0
{W5R1-A0PX36NK-5983LMSR},2010-09-20 13:50:15.0,GEC0280,Dahlia.Alma.Alvarado@dtaa.com;Nadine.Anjolie.Gregory@dtaa.com;Aretha.Cameron.Maynard@aol.com,,,Gisela.Eleanor.Carroll@dtaa.com,,31407,0
{V0R9-T2QG45XR-5829CHUE},2010-09-21 09:05:30.0,GEC0280,Karyn.Deborah.Hunter@dtaa.com,,,Gisela.Eleanor.Carroll@dtaa.com,,20604,0
{G8Q8-U0MR49BV-7959WHUT},2010-09-22 12:41:49.0,GEC0280,Audra.Madonna.Tran@dtaa.com,,,Gisela.Eleanor.Carroll@dtaa.com,,27722,0
{A9C7-P9XW84UM-4052LZZU},2010-09-23 09:42:51.0,GEC0280,Karyn.Deborah.Hunter@dtaa.com,,,Gisela.Eleanor.Carroll@dtaa.com,,32058,0
{F1X9-D8VK10TP-0827VPSH},2010-09-24 15:36:09.0,GEC0280,Dean.Harper.Witt@dtaa.com,,,Gisela.Eleanor.Carroll@dtaa.com,,21310,0
{M0Z0-U5MT95TZ-5483SUAS},2010-09-27 12:29:26.0,GEC0280,Alisa.Shaine.Adkins@dtaa.com,,,Gisela.Eleanor.Carroll@dtaa.com,,21657,0
{F7I3-M8VH75UF-7822SJFW},2010-09-28 13:21:04.0,GEC0280,Jennifer.Yetta.Gibbs@dtaa.com;Dean.Harper.Witt@dtaa.com,,,Gisela.Eleanor.Carroll@dtaa.com,,20389,0
{Y8R9-E9YA05GI-1656TOAX},2010-09-29 12:09:44.0,GEC0280,Kendall.Nevada.Coffey@dtaa.com;Nadine.Anjolie.Gregory@dtaa.com,,,Gisela.Eleanor.Carroll@dtaa.com,,26884,0
{B6T2-R6ZF09MI-2353KJTA},2010-09-30 16:03:34.0,GEC0280,Gillian.Brenna.Conley@dtaa.com,,,Gisela.Eleanor.Carroll@dtaa.com,,24116,0
{V3F6-M2GW63YE-4769WHIB},2010-10-01 16:00:01.0,GEC0280,Dahlia.Alma.Alvarado@dtaa.com,,,Gisela.Eleanor.Carroll@dtaa.com,,43674,0
{O0U1-Q6NB07LM-3281DYHM},2010-10-04 11:00:33.0,GEC0280,Tucker.Kenneth.Weeks@dtaa.com,,,Gisela.Eleanor.Carroll@dtaa.com,,50075,0
{Y3V1-M3GU35QV-4701XDZD},2010-10-05 16:06:19.0,GEC0280,Alexandra.Tanisha.Vargas@dtaa.com;Nadine.Anjolie.Gregory@dtaa.com;Arden.Chaim.Cohen@dtaa.com,,,Gisela.Eleanor.Carroll@dtaa.com,,51021,0
{Y4Z1-S1BR22JV-4078OKVR},2010-10-06 10:54:33.0,GEC0280,Sloane.Zachery.Griffin@dtaa.com,,,Gisela.Eleanor.Carroll@dtaa.com,,27167,0
{S1G7-N0MS39IS-5896OXVL},2010-10-07 09:00:30.0,GEC0280,Hector.Jonah.Kim@dtaa.com;Audra.Madonna.Tran@dtaa.com;Dean.Harper.Witt@dtaa.com,,,Gisela.Eleanor.Carroll@dtaa.com,,30668,0
{J9M6-V6AB51HA-6947KQVP},2010-10-08 09:47:08.0,GEC0280,Ainsley.Mara.Gates@northropgrumman.com,,,Gisela.Eleanor.Carroll@dtaa.com,,26482,0
{G7I5-T6HS62GZ-6186OBDQ},2010-10-11 13:27:37.0,GEC0280,Derek.Jakeem.Nash@aol.com,,,Gisela.Eleanor.Carroll@dtaa.com,,17154,0
{X3Z1-W7KO91MG-6412EPCM},2010-10-13 15:12:30.0,GEC0280,Reuben.Hu.Preston@dtaa.com,,,Gisela.Eleanor.Carroll@dtaa.com,,37239,0
{A5S2-R3GV79BW-6525VVRD},2010-10-14 16:27:11.0,GEC0280,Carl.Branden.Moses@dtaa.com,,,Gisela.Eleanor.Carroll@dtaa.com,,29385,0
{C5F5-T7KF47RQ-0022BVTN},2010-10-15 09:50:19.0,GEC0280,Alexandra.Tanisha.Vargas@dtaa.com,,,Gisela.Eleanor.Carroll@dtaa.com,,20319,0
{S0J7-S0JA30NG-8507IURD},2010-10-18 09:33:45.0,GEC0280,Tucker.Kenneth.Weeks@dtaa.com;Alisa.Shaine.Adkins@dtaa.com;Aretha.Cameron.Maynard@aol.com,,,Gisela.Eleanor.Carroll@dtaa.com,,27322,0
{P2Q3-C2AU03UF-7413TIFP},2010-10-19 15:58:09.0,GEC0280,Karyn.Deborah.Hunter@dtaa.com;Chandler.Robert.Warner@dtaa.com;Audra.Madonna.Tran@dtaa.com,,,Gisela.Eleanor.Carroll@dtaa.com,,20975,0
{O6A4-W9AI34ZA-3514TGIJ},2010-10-21 14:48:39.0,GEC0280,Carol.Reagan.Mcmillan@dtaa.com,,,Gisela.Eleanor.Carroll@dtaa.com,,14144,0
{E1W0-G0FV70LB-7005NOUR},2010-10-22 16:31:59.0,GEC0280,Reuben.Hu.Preston@dtaa.com,,,Gisela.Eleanor.Carroll@dtaa.com,,13395,0
{B8K2-Y7DJ87ZB-3659ULZI},2010-10-25 11:05:49.0,GEC0280,Nadine.Anjolie.Gregory@dtaa.com,,,Gisela.Eleanor.Carroll@dtaa.com,,29570,0
{Q1H8-A7NS19JA-8655VLDC},2010-10-26 16:30:52.0,GEC0280,Sloane.Zachery.Griffin@dtaa.com,,,Gisela.Eleanor.Carroll@dtaa.com,,19737,0
{J8X6-U0FQ63JJ-1118MQFH},2010-10-27 11:12:14.0,GEC0280,Odessa.Mollie.Sawyer@dtaa.com;Maggie.Quemby.Mccray@dtaa.com;Raven.Shellie.Owen@dtaa.com,,,Gisela.Eleanor.Carroll@dtaa.com,,22711,0
{U9D8-M1AZ52ZR-6531JEBG},2010-10-28 10:30:21.0,GEC0280,Hashim.Kasper.Woodard@dtaa.com;Karyn.Deborah.Hunter@dtaa.com;Maggie.Quemby.Mccray@dtaa.com;Sloane.Zachery.Griffin@dtaa.com,,,Gisela.Eleanor.Carroll@dtaa.com,,24548,0
{W4R3-H0SJ86NV-1203NSEF},2010-10-29 10:13:54.0,GEC0280,Maggie.Quemby.Mccray@dtaa.com,,,Gisela.Eleanor.Carroll@dtaa.com,,28706,0
{Y9J8-Y2JF79HV-8487UNYV},2010-11-01 15:26:13.0,GEC0280,Aretha.Cameron.Maynard@aol.com,,,Gisela.Eleanor.Carroll@dtaa.com,,33227,0
{N6K2-C0HL91UM-5041VOGR},2010-11-02 15:44:17.0,GEC0280,Dahlia.Alma.Alvarado@dtaa.com,,,Gisela.Eleanor.Carroll@dtaa.com,,24174,0
{Y3Z3-T4RD10GD-9096DKYQ},2010-11-03 12:30:55.0,GEC0280,Andrew.Tobias.Briggs@dtaa.com,,,Gisela.Eleanor.Carroll@dtaa.com,,42569,0
{L4M7-E5AW07HB-4449QJZA},2010-11-04 11:09:20.0,GEC0280,Carol.Reagan.Mcmillan@dtaa.com,,,Gisela.Eleanor.Carroll@dtaa.com,,69757,0
{M9O8-U9NI25UN-5571CKGX},2010-11-05 10:45:56.0,GEC0280,Gillian.Brenna.Conley@dtaa.com;Aretha.Cameron.Maynard@aol.com,,,Gisela.Eleanor.Carroll@dtaa.com,,24167,0
{F2A2-K5PY11TN-3230OAFM},2010-11-08 11:28:22.0,GEC0280,Nadine.Anjolie.Gregory@dtaa.com;Alexandra.Tanisha.Vargas@dtaa.com;Aretha.Cameron.Maynard@aol.com,,,Gisela.Eleanor.Carroll@dtaa.com,,21577,0
{Z4T7-R4CZ98WN-4967BYNQ},2010-11-09 12:41:15.0,GEC0280,Nadine.Anjolie.Gregory@dtaa.com,,,Gisela.Eleanor.Carroll@dtaa.com,,19926,0
{V8P5-T3KP76ES-2971GBYE},2010-11-10 14:48:01.0,GEC0280,Maggie.Quemby.Mccray@dtaa.com;Gillian.Brenna.Conley@dtaa.com,,,Gisela.Eleanor.Carroll@dtaa.com,,38348,0
{Q3H4-G6KO44HR-7199CBBC},2010-11-11 10:41:25.0,GEC0280,Alexandra.Tanisha.Vargas@dtaa.com,,,Gisela.Eleanor.Carroll@dtaa.com,,27774,0
{B3O3-J1QQ80TH-6801EXLO},2010-11-12 12:28:44.0,GEC0280,Aretha.Cameron.Maynard@aol.com,,,Gisela.Eleanor.Carroll@dtaa.com,,28463,0
{R1Y9-T1HS85DE-4137UKMA},2010-11-15 16:28:22.0,GEC0280,Alisa.Shaine.Adkins@dtaa.com,,,Gisela.Eleanor.Carroll@dtaa.com,,33291,0
{Z4R6-G7VI42GS-3100ZMCX},2010-11-17 12:26:32.0,GEC0280,Kendall.Nevada.Coffey@dtaa.com;Camilla.Ramona.Mcleod@dtaa.com;Karyn.Deborah.Hunter@dtaa.com,,,Gisela.Eleanor.Carroll@dtaa.com,,24647,0
{Y7T3-S3QE10LD-3386NZUY},2010-11-18 16:43:59.0,GEC0280,Jermaine.Clarke.Barnett@dtaa.com;Gillian.Brenna.Conley@dtaa.com;Maggie.Quemby.Mccray@dtaa.com;Alfreda.Grace.Howe@juno.com,,,Gisela.Eleanor.Carroll@dtaa.com,,16605,0
{O1N5-C2FF66XY-0635MOOL},2010-11-19 09:05:45.0,GEC0280,Gillian.Brenna.Conley@dtaa.com,,,Gisela.Eleanor.Carroll@dtaa.com,,29253,0
{W6N7-X1NP20WT-4337SORA},2010-11-22 10:10:52.0,GEC0280,Maggie.Quemby.Mccray@dtaa.com,,,Gisela.Eleanor.Carroll@dtaa.com,,29304,0
{K5S2-Q1WJ47SJ-9519RURS},2010-11-23 10:01:36.0,GEC0280,Nadine.Anjolie.Gregory@dtaa.com,,,Gisela.Eleanor.Carroll@dtaa.com,,16388,0
{D2G1-G8UC40AO-0461PPQU},2010-11-24 09:42:51.0,GEC0280,Autumn.Sara.Snider@dtaa.com,,,Gisela.Eleanor.Carroll@dtaa.com,,31638,0
{N4B8-Q7WI85TT-7158XDCS},2010-11-29 16:58:56.0,GEC0280,Maggie.Quemby.Mccray@dtaa.com,,,Gisela.Eleanor.Carroll@dtaa.com,,23876,0
{Y2P1-M3KG18LA-0689TBAJ},2010-11-30 11:04:19.0,GEC0280,Karyn.Deborah.Hunter@dtaa.com,,,Gisela.Eleanor.Carroll@dtaa.com,,46687,0
{R7T4-C8TK99UO-7476HFYW},2010-12-01 16:21:49.0,GEC0280,Aretha.Cameron.Maynard@aol.com,,,Gisela.Eleanor.Carroll@dtaa.com,,24478,0
{P7P9-M6MU29KY-5829DZIM},2010-12-02 12:50:26.0,GEC0280,Maggie.Quemby.Mccray@dtaa.com,,,Gisela.Eleanor.Carroll@dtaa.com,,30393,0
{U4D1-P0OW71QN-1189OVSZ},2010-12-03 13:09:33.0,GEC0280,Nyssa.Zephr.Tyler@dtaa.com,,,Gisela.Eleanor.Carroll@dtaa.com,,12127,0
{K0O6-Z5ZZ87SJ-8926QOIN},2010-12-06 14:14:09.0,GEC0280,Nadine.Anjolie.Gregory@dtaa.com;Ainsley.Mara.Gates@northropgrumman.com;Aretha.Cameron.Maynard@aol.com,,,Gisela.Eleanor.Carroll@dtaa.com,,45694,0
{A3R5-C1NK72CK-1396SDTJ},2010-12-08 12:03:52.0,GEC0280,Alexandra.Tanisha.Vargas@dtaa.com;Tucker.Kenneth.Weeks@dtaa.com,,,Gisela.Eleanor.Carroll@dtaa.com,,19819,0
{U6L4-R9LI36HM-0095TEOK},2010-12-09 15:30:06.0,GEC0280,Sloane.Zachery.Griffin@dtaa.com;Kendall.Nevada.Coffey@dtaa.com;Audra.Madonna.Tran@dtaa.com;Nadine.Anjolie.Gregory@dtaa.com,,,Gisela.Eleanor.Carroll@dtaa.com,,42150,0
{F2Z6-E4AT60YX-5977RKFF},2010-12-13 09:29:24.0,GEC0280,Sean.Declan.Hull@dtaa.com;Alisa.Shaine.Adkins@dtaa.com,,,Gisela.Eleanor.Carroll@dtaa.com,,20802,0
{S2T0-F2GB00BF-0087SSEI},2010-12-14 14:12:50.0,GEC0280,Audra.Madonna.Tran@dtaa.com,,,Gisela.Eleanor.Carroll@dtaa.com,,23877,0
{I0E1-C1ST37TC-4427QMBJ},2010-12-16 15:15:18.0,GEC0280,Carol.Reagan.Mcmillan@dtaa.com,,,Gisela.Eleanor.Carroll@dtaa.com,,41093,0
{W5M2-O6LE09LC-7611CWET},2010-12-17 14:16:50.0,GEC0280,Alisa.Shaine.Adkins@dtaa.com,,,Gisela.Eleanor.Carroll@dtaa.com,,50922,0
{Y9J7-D3OA93KA-3176GJEE},2010-12-20 16:33:32.0,GEC0280,Kendall.Nevada.Coffey@dtaa.com;Carol.Reagan.Mcmillan@dtaa.com;Alisa.Shaine.Adkins@dtaa.com,,,Gisela.Eleanor.Carroll@dtaa.com,,22074,0
{Y8J7-X5LY61ZM-2436MNDM},2010-12-21 15:44:59.0,GEC0280,Celeste.Quintessa.Rivera@dtaa.com,,,Gisela.Eleanor.Carroll@dtaa.com,,31497,0
{J6S6-J3ZG31RP-6208XBLP},2010-12-22 10:50:49.0,GEC0280,Reuben.Hu.Preston@dtaa.com,,,Gisela.Eleanor.Carroll@dtaa.com,,21249,0
{A3S5-A9FP95PR-8479LKCX},2010-12-27 09:32:34.0,GEC0280,Alisa.Shaine.Adkins@dtaa.com,,,Gisela.Eleanor.Carroll@dtaa.com,,50530,0
{T4S6-E8CO13VH-6378YWAB},2010-12-28 09:14:52.0,GEC0280,Karyn.Deborah.Hunter@dtaa.com;Dean.Harper.Witt@dtaa.com,,,Gisela.Eleanor.Carroll@dtaa.com,,49286,0
{D3C7-Q0GF05MI-4972VLEO},2010-12-29 14:31:11.0,GEC0280,Vaughan.Xerxes.Anderson@dtaa.com,,,Gisela.Eleanor.Carroll@dtaa.com,,37455,0
{F9S5-B4IB02SY-6531LESU},2010-12-30 16:23:59.0,GEC0280,Maggie.Quemby.Mccray@dtaa.com,,,Gisela.Eleanor.Carroll@dtaa.com,,17973,0
{O1S0-B7QU74ND-7287YPXT},2011-01-03 14:04:08.0,GEC0280,Sean.Declan.Hull@dtaa.com,,,Gisela.Eleanor.Carroll@dtaa.com,,29082,0
{Y3R3-V9ZL08QF-3318QVOH},2011-01-04 09:22:43.0,GEC0280,Tucker.Kenneth.Weeks@dtaa.com,,,Gisela.Eleanor.Carroll@dtaa.com,,22447,0
{F9F6-G6IH16IJ-2455GRVO},2011-01-05 12:25:35.0,GEC0280,Sean.Declan.Hull@dtaa.com,,,Gisela.Eleanor.Carroll@dtaa.com,,32597,0
{Q3W6-U1GT70IL-0201NMGB},2011-01-06 16:33:16.0,GEC0280,Dean.Harper.Witt@dtaa.com,,,Gisela.Eleanor.Carroll@dtaa.com,,32836,0
{V0K8-H4AV46QF-9887VPJR},2011-01-07 14:21:07.0,GEC0280,Irene.Beatrice.Cotton@dtaa.com;Ainsley.Mara.Gates@northropgrumman.com,,,Gisela.Eleanor.Carroll@dtaa.com,,13805,0
{B0H6-D2HY55YF-0705VPFF},2011-01-10 10:29:22.0,GEC0280,Carol.Reagan.Mcmillan@dtaa.com,,,Gisela.Eleanor.Carroll@dtaa.com,,20027,0
{H4H2-L4QW14JL-0083OYEZ},2011-01-11 16:38:16.0,GEC0280,Alfreda.Grace.Howe@juno.com,,,Gisela.Eleanor.Carroll@dtaa.com,,31299,0
{N0F2-V7DC17XM-2380ZSMV},2011-01-12 14:05:58.0,GEC0280,Tucker.Kenneth.Weeks@dtaa.com,,,Gisela.Eleanor.Carroll@dtaa.com,,31061,0
{Q3N4-B3ES76ZU-2258FAOZ},2011-01-13 10:03:42.0,GEC0280,Nicole.Roary.Roberts@dtaa.com;Karyn.Deborah.Hunter@dtaa.com;Gillian.Brenna.Conley@dtaa.com;Aretha.Cameron.Maynard@aol.com;Nichole.Simone.Jimenez@harris.com,,,Gisela.Eleanor.Carroll@dtaa.com,,46716,0
{M5U1-T4CA67QI-2054IROX},2011-01-14 13:12:38.0,GEC0280,Dean.Harper.Witt@dtaa.com,,,Gisela.Eleanor.Carroll@dtaa.com,,17409,0
{B2P1-R6EC41AS-5933WKQI},2011-01-17 15:17:15.0,GEC0280,Aretha.Cameron.Maynard@aol.com,,,Gisela.Eleanor.Carroll@dtaa.com,,37228,0
{M8C5-Z1PC21IH-8596HLUL},2011-01-18 11:07:00.0,GEC0280,Sloane.Zachery.Griffin@dtaa.com,,,Gisela.Eleanor.Carroll@dtaa.com,,20692,0
{T7U9-W0JY31IZ-6156MZLE},2011-01-20 15:15:05.0,GEC0280,Carly.Nichole.Dillon@dtaa.com,,,Gisela.Eleanor.Carroll@dtaa.com,,22123,0
{F9I2-C1AN76KS-6174ANVH},2011-01-24 15:04:38.0,GEC0280,Ginger.Geraldine.Petty@dtaa.com;Aretha.Cameron.Maynard@aol.com,,,Gisela.Eleanor.Carroll@dtaa.com,,17352,0
{T5X6-C1YT11VZ-2096JYJQ},2011-01-26 15:33:37.0,GEC0280,Cynthia.Cheyenne.Melton@dtaa.com,,,Gisela.Eleanor.Carroll@dtaa.com,,26824,0
{R5B5-Q7LW91GP-7649EYTP},2011-01-27 09:25:37.0,GEC0280,Constance.Fiona.Bryan@dtaa.com,,,Gisela.Eleanor.Carroll@dtaa.com,,23561,0
{E6E5-M7GG85PS-3435KSSJ},2011-01-28 12:08:56.0,GEC0280,Gillian.Brenna.Conley@dtaa.com,,,Gisela.Eleanor.Carroll@dtaa.com,,26607,0
{D7H5-Z6GJ42TO-1930DIGK},2011-01-31 10:06:43.0,GEC0280,Blythe.Shelley.Banks@dtaa.com,,,Gisela.Eleanor.Carroll@dtaa.com,,25665,0
{A8S5-V9DX04EV-7943WWCN},2011-02-01 09:52:16.0,GEC0280,Odessa.Mollie.Sawyer@dtaa.com,,,Gisela.Eleanor.Carroll@dtaa.com,,45472,0
{K0N7-F4GD11BO-4125HOCN},2011-02-02 11:50:41.0,GEC0280,Sean.Declan.Hull@dtaa.com;Aretha.Cameron.Maynard@aol.com,,,Gisela.Eleanor.Carroll@dtaa.com,,29188,0
{W2Y1-I4DT80AQ-4510QQOO},2011-02-03 09:51:51.0,GEC0280,Alexandra.Tanisha.Vargas@dtaa.com;Dahlia.Alma.Alvarado@dtaa.com;Sloane.Zachery.Griffin@dtaa.com;Aretha.Cameron.Maynard@aol.com,,,Gisela.Eleanor.Carroll@dtaa.com,,19407,0
{Q0K6-C5VO22RC-4689MHIX},2011-02-07 08:56:18.0,GEC0280,Maggie.Quemby.Mccray@dtaa.com;Aretha.Cameron.Maynard@aol.com,,,Gisela.Eleanor.Carroll@dtaa.com,,25490,0
{Q2N6-D1OP87KW-9697EMZH},2011-02-08 15:16:15.0,GEC0280,Audra.Madonna.Tran@dtaa.com;Tucker.Kenneth.Weeks@dtaa.com,,,Gisela.Eleanor.Carroll@dtaa.com,,29002,0
{L3F4-W2PT83ZT-7483LRPU},2011-02-09 16:41:49.0,GEC0280,Odessa.Mollie.Sawyer@dtaa.com;Dahlia.Alma.Alvarado@dtaa.com;Audra.Madonna.Tran@dtaa.com;Alfreda.Grace.Howe@juno.com,,,Gisela.Eleanor.Carroll@dtaa.com,,21057,0
{O2T9-F6EL75LJ-8516RICV},2011-02-10 14:27:55.0,GEC0280,Alisa.Shaine.Adkins@dtaa.com,,,Gisela.Eleanor.Carroll@dtaa.com,,28516,0
{I1B6-F9NH32YT-6780KLFF},2011-02-11 12:44:51.0,GEC0280,Gillian.Brenna.Conley@dtaa.com;Sean.Declan.Hull@dtaa.com,,,Gisela.Eleanor.Carroll@dtaa.com,,18672,0
{G1U6-J7MW14XO-3000WNDR},2011-02-14 11:20:05.0,GEC0280,Karyn.Deborah.Hunter@dtaa.com;Mariam.Roary.Jacobs@dtaa.com,,,Gisela.Eleanor.Carroll@dtaa.com,,33887,0
{J3W9-Q2IA10JW-1963AWZU},2011-02-15 12:21:31.0,GEC0280,Gillian.Brenna.Conley@dtaa.com;Alexandra.Tanisha.Vargas@dtaa.com;Aretha.Cameron.Maynard@aol.com,,,Gisela.Eleanor.Carroll@dtaa.com,,20767,0
{B6Q8-K7GN11QO-8998YAIP},2011-02-16 13:51:05.0,GEC0280,Reuben.Hu.Preston@dtaa.com,,,Gisela.Eleanor.Carroll@dtaa.com,,24405,0
{M4S8-Y4HP26WS-6638SPQZ},2011-02-17 09:54:12.0,GEC0280,Alisa.Shaine.Adkins@dtaa.com,,,Gisela.Eleanor.Carroll@dtaa.com,,19868,0
{G9Y0-J6JL25IW-6398GIDA},2011-02-24 15:15:47.0,GEC0280,Reuben.Hu.Preston@dtaa.com,,,Gisela.Eleanor.Carroll@dtaa.com,,38596,0
{J9Y9-Q0JK81AP-9625OTBI},2011-02-25 16:55:32.0,GEC0280,Aretha.Cameron.Maynard@aol.com,,,Gisela.Eleanor.Carroll@dtaa.com,,36344,0
{B2H5-I9YT85BO-4558UOQZ},2011-03-01 16:14:46.0,GEC0280,Cassidy.Kay.Ward@dtaa.com,,,Gisela.Eleanor.Carroll@dtaa.com,,34555,0
{D2Q4-A8YJ33KE-0773FOEJ},2011-03-02 15:14:41.0,GEC0280,Gillian.Brenna.Conley@dtaa.com,,,Gisela.Eleanor.Carroll@dtaa.com,,40161,0
{D7W0-N3EA57GI-4811PQZB},2011-03-03 11:20:10.0,GEC0280,Alisa.Shaine.Adkins@dtaa.com,,,Gisela.Eleanor.Carroll@dtaa.com,,36855,0
{P8M6-V3ZS04IC-9084HQWT},2011-03-04 10:57:51.0,GEC0280,Odessa.Mollie.Sawyer@dtaa.com,,,Gisela.Eleanor.Carroll@dtaa.com,,26592,0
{C4M6-Y2GE58PA-6570KASC},2011-03-07 10:27:32.0,GEC0280,Maggie.Quemby.Mccray@dtaa.com,,,Gisela.Eleanor.Carroll@dtaa.com,,42005,0
{T2K4-G0WP54OI-4070HDWG},2011-03-09 09:25:37.0,GEC0280,Aretha.Cameron.Maynard@aol.com,,,Gisela.Eleanor.Carroll@dtaa.com,,30319,0
{D7W4-T0LM19BD-9246ACRV},2011-03-10 10:16:07.0,GEC0280,Alisa.Shaine.Adkins@dtaa.com,,,Gisela.Eleanor.Carroll@dtaa.com,,26036,0
{A8H7-L4EV55FS-7363JGVW},2011-03-15 11:36:37.0,GEC0280,Alisa.Shaine.Adkins@dtaa.com;Audra.Madonna.Tran@dtaa.com;Gillian.Brenna.Conley@dtaa.com;Dahlia.Alma.Alvarado@dtaa.com,,,Gisela.Eleanor.Carroll@dtaa.com,,37811,0
{K9Z3-Y4PZ04VL-5934LSPO},2011-03-17 16:55:39.0,GEC0280,Karyn.Deborah.Hunter@dtaa.com;Sean.Declan.Hull@dtaa.com;Kendall.Nevada.Coffey@dtaa.com;Dean.Harper.Witt@dtaa.com,,,Gisela.Eleanor.Carroll@dtaa.com,,18520,0
{X8P6-K6GM62MC-2238KRDH},2011-03-18 14:59:01.0,GEC0280,Fay.Tatum.Pierce@dtaa.com,,,Gisela.Eleanor.Carroll@dtaa.com,,22208,0
{F0C0-D2NG36AF-2741VQUV},2011-03-22 15:06:54.0,GEC0280,Tanya.Wanda.Wise@dtaa.com;Sean.Declan.Hull@dtaa.com,,,Gisela.Eleanor.Carroll@dtaa.com,,22629,0
{U0W7-Z0FA47OF-3149AEUF},2011-03-23 09:54:57.0,GEC0280,Hiram.Jasper.Velez@dtaa.com,,,Gisela.Eleanor.Carroll@dtaa.com,,29115,0
{T4N4-X3XB47KG-7996HFEB},2011-03-24 16:07:00.0,GEC0280,Tanya.Blaine.Ferrell@dtaa.com,,,Gisela.Eleanor.Carroll@dtaa.com,,23240,0
{P9X3-R4KY70DF-7479XEIX},2011-03-25 12:40:47.0,GEC0280,Gillian.Brenna.Conley@dtaa.com;Ainsley.Mara.Gates@northropgrumman.com,,,Gisela.Eleanor.Carroll@dtaa.com,,35488,0
{Z4E0-H7TT85QO-1300BZCM},2011-03-28 15:56:29.0,GEC0280,Audra.Madonna.Tran@dtaa.com,,,Gisela.Eleanor.Carroll@dtaa.com,,18573,0
{A3F0-Y9CI97OL-5308FOHR},2011-03-29 16:41:34.0,GEC0280,Reuben.Hu.Preston@dtaa.com,,,Gisela.Eleanor.Carroll@dtaa.com,,59081,0
{H0C7-B1FI16QS-2151XYHY},2011-03-30 14:00:05.0,GEC0280,Maggie.Quemby.Mccray@dtaa.com;Alexandra.Tanisha.Vargas@dtaa.com;Aretha.Cameron.Maynard@aol.com,,,Gisela.Eleanor.Carroll@dtaa.com,,15005,0
{K4N6-F1DX66VB-2565EXPB},2011-03-31 13:17:34.0,GEC0280,Aretha.Cameron.Maynard@aol.com,,,Gisela.Eleanor.Carroll@dtaa.com,,21752,0
{R4V1-Z0AF10GU-4843TRYW},2011-04-01 11:44:48.0,GEC0280,Aretha.Cameron.Maynard@aol.com,,,Gisela.Eleanor.Carroll@dtaa.com,,35642,0
{B0S3-D2XC66VL-3829PALC},2011-04-04 09:06:32.0,GEC0280,Tucker.Kenneth.Weeks@dtaa.com;Aretha.Cameron.Maynard@aol.com,,,Gisela.Eleanor.Carroll@dtaa.com,,18565,0
{W3Z4-T1MI33OY-3894CQIA},2011-04-05 10:05:57.0,GEC0280,Odessa.Mollie.Sawyer@dtaa.com;Audra.Madonna.Tran@dtaa.com;Dean.Harper.Witt@dtaa.com,,,Gisela.Eleanor.Carroll@dtaa.com,,20916,0
{I4J1-C9FY29PB-5035IRIO},2011-04-06 15:14:21.0,GEC0280,Sawyer.Patrick.Horne@dtaa.com;Raja.Holmes.Tyler@dtaa.com;Aretha.Cameron.Maynard@aol.com,,,Gisela.Eleanor.Carroll@dtaa.com,,32171,0
{I7S4-B5GQ52TP-7512IEGG},2011-04-07 16:52:51.0,GEC0280,Carol.Reagan.Mcmillan@dtaa.com,,,Gisela.Eleanor.Carroll@dtaa.com,,32992,0
{U2H3-P5CY79HH-6890WUCL},2011-04-11 09:51:08.0,GEC0280,Karyn.Deborah.Hunter@dtaa.com,,,Gisela.Eleanor.Carroll@dtaa.com,,19915,0
{Q8V5-P7YP43YG-3539KPDW},2011-04-12 16:01:50.0,GEC0280,Sean.Declan.Hull@dtaa.com,,,Gisela.Eleanor.Carroll@dtaa.com,,31928,0
{G3A7-X9QE29TD-7897CZHH},2011-04-13 16:34:15.0,GEC0280,Alexandra.Tanisha.Vargas@dtaa.com;Dahlia.Alma.Alvarado@dtaa.com,,,Gisela.Eleanor.Carroll@dtaa.com,,29564,0
{F6Z0-S7PL75PX-6131FTWK},2011-04-14 15:13:59.0,GEC0280,Gillian.Brenna.Conley@dtaa.com,,,Gisela.Eleanor.Carroll@dtaa.com,,32635,0
{K6T7-L1TW48UM-8814HMNT},2011-04-18 12:01:01.0,GEC0280,Dean.Harper.Witt@dtaa.com;Odessa.Mollie.Sawyer@dtaa.com,,,Gisela.Eleanor.Carroll@dtaa.com,,31483,0
{M9B2-V4QZ76VU-4630OXKS},2011-04-19 13:31:12.0,GEC0280,Odessa.Mollie.Sawyer@dtaa.com,,,Gisela.Eleanor.Carroll@dtaa.com,,22816,0
{E6Z0-Z1KQ31JB-9314DQTA},2011-04-20 14:47:42.0,GEC0280,Maggie.Quemby.Mccray@dtaa.com;Dennis.Carson.Mendoza@dtaa.com,,,Gisela.Eleanor.Carroll@dtaa.com,,35086,0
{Z6O9-Z9WB65IP-6375LTKC},2011-04-26 12:18:45.0,GEC0280,Sean.Declan.Hull@dtaa.com;Odessa.Mollie.Sawyer@dtaa.com,,,Gisela.Eleanor.Carroll@dtaa.com,,31946,0
{D1D7-A7BC90MW-9372XRLA},2011-04-27 16:41:29.0,GEC0280,Gillian.Brenna.Conley@dtaa.com;Nadine.Anjolie.Gregory@dtaa.com,,,Gisela.Eleanor.Carroll@dtaa.com,,14762,0
{Q7N0-T6EF06GU-4997HAMT},2011-04-28 14:58:34.0,GEC0280,Odessa.Mollie.Sawyer@dtaa.com,,,Gisela.Eleanor.Carroll@dtaa.com,,37118,0
{O5R6-O5XO40AY-4014WKHD},2011-04-29 10:53:44.0,GEC0280,Dahlia.Alma.Alvarado@dtaa.com;Aretha.Cameron.Maynard@aol.com,,,Gisela.Eleanor.Carroll@dtaa.com,,23582,0
{I7L9-O5EQ60VX-2644YWUR},2011-05-03 10:08:10.0,GEC0280,Gillian.Brenna.Conley@dtaa.com;Althea.Myra.Hamilton@dtaa.com,,,Gisela.Eleanor.Carroll@dtaa.com,,45999,0
{U9W3-J8QV74PQ-8612SZML},2011-05-05 15:10:53.0,GEC0280,Reuben.Hu.Preston@dtaa.com;Adrienne.Joelle.Mclean@dtaa.com;Sloane.Zachery.Griffin@dtaa.com;Maggie.Quemby.Mccray@dtaa.com;Ainsley.Mara.Gates@northropgrumman.com,,,Gisela.Eleanor.Carroll@dtaa.com,,29045,0
{E7N1-W6QY81KP-8096INJE},2011-05-06 11:11:10.0,GEC0280,Sean.Declan.Hull@dtaa.com,,,Gisela.Eleanor.Carroll@dtaa.com,,20496,0
{K8L7-Z3VD56RA-9466ICDQ},2011-05-09 16:22:55.0,GEC0280,Kendall.Nevada.Coffey@dtaa.com,,,Gisela.Eleanor.Carroll@dtaa.com,,39986,0
{G3F6-J0CU78DA-6312DING},2011-05-11 12:59:10.0,GEC0280,Gillian.Brenna.Conley@dtaa.com,,,Gisela.Eleanor.Carroll@dtaa.com,,23693,0
{B3N5-F0GB83SG-4561KQDM},2011-05-12 15:13:26.0,GEC0280,James.Harrison.Wynn@dtaa.com;Nadine.Anjolie.Gregory@dtaa.com;Karyn.Deborah.Hunter@dtaa.com,,,Gisela.Eleanor.Carroll@dtaa.com,,12914,0
{A8V9-W5VY28GK-5857DZTW},2011-05-13 13:16:14.0,GEC0280,Alexandra.Tanisha.Vargas@dtaa.com;Gillian.Brenna.Conley@dtaa.com;Adele.Jorden.Preston@dtaa.com,,,Gisela.Eleanor.Carroll@dtaa.com,,28818,0
