{T8L2-H5HP88HM-3749SNJT},2010-01-04 11:36:51.0,HCE0726,Emmanuel.Casey.Wiggins@dtaa.com,,,Hakeem.Cullen.Ellis@dtaa.com,,23398,2
{T5E5-Z2RF09AF-0862TMMB},2010-01-04 13:22:36.0,HCE0726,Sopoline.Sarah.Morin@verizon.net,,,Hakeem.Cullen.Ellis@dtaa.com,,22069,1
{Q9A9-U9UU35PH-9599JXGL},2010-01-04 13:23:03.0,HCE0726,Sopoline.Sarah.Morin@verizon.net,,,Hakeem.Cullen.Ellis@dtaa.com,,22828,0
{O7O4-G0QJ35SM-2558LNLV},2010-01-05 07:46:01.0,HCE0726,Anastasia.Tashya.Trevino@dtaa.com,,,Hakeem.Cullen.Ellis@dtaa.com,,21124,0
{L0X9-Y4IQ31AM-5282RZDP},2010-01-05 12:33:47.0,HCE0726,Hasad.Tobias.Mcconnell@dtaa.com;Sopoline.Sarah.Morin@verizon.net,,,Hakeem.Cullen.Ellis@dtaa.com,,34817,5
{P6S8-G4GF33PC-4808TEDP},2010-01-06 14:54:59.0,HCE0726,Carter.Coby.Bell@earthlink.net;Colin.Nicolas.Miles@charter.net,,,Hakeem.Cullen.Ellis@dtaa.com,,31060,1
{X3E8-P2HN30EJ-0945TUMK},2010-01-06 15:17:39.0,HCE0726,Jakeem.Leonard.Clark@dtaa.com,,,Hakeem.Cullen.Ellis@dtaa.com,,42409,0
{T7I8-U7VP59XG-6331GFMK},2010-01-07 10:53:43.0,HCE0726,Carter.Coby.Bell@earthlink.net,,,Hakeem.Cullen.Ellis@dtaa.com,,29799,0
{W5I5-G1WK38WB-8569KTBO},2010-01-07 15:33:47.0,HCE0726,Camilla.Mona.Rasmussen@dtaa.com;Carter.Coby.Bell@earthlink.net,,,Hakeem.Cullen.Ellis@dtaa.com,,23182,0
{O9D7-Z0NC14VI-5518HITM},2010-01-08 12:56:16.0,HCE0726,Sopoline.Sarah.Morin@verizon.net,,,Hakeem.Cullen.Ellis@dtaa.com,,53799,1
{F2W8-O6QY31MT-2220SFKC},2010-01-08 15:19:00.0,HCE0726,Colin.Nicolas.Miles@charter.net,,,Hakeem.Cullen.Ellis@dtaa.com,,25510,0
{H9T1-O1QP18LJ-1704HYMK},2010-01-12 13:49:42.0,HCE0726,Colin.Nicolas.Miles@charter.net,,,Hakeem.Cullen.Ellis@dtaa.com,,28779,0
{R8W0-X1JJ63VZ-3306DVCZ},2010-01-13 11:20:01.0,HCE0726,Colin.Nicolas.Miles@charter.net,,,Hakeem.Cullen.Ellis@dtaa.com,,23160,0
{H5S0-T4EI70FO-2884QJGR},2010-01-14 11:44:33.0,HCE0726,Sopoline.Sarah.Morin@verizon.net,,,Hakeem.Cullen.Ellis@dtaa.com,,24467,0
{R0D8-K4DY86WC-9294KMYK},2010-01-14 15:28:46.0,HCE0726,Carter.Coby.Bell@earthlink.net,,,Hakeem.Cullen.Ellis@dtaa.com,,24524,0
{Q3O3-Y2IZ13IR-1771HSVN},2010-01-15 09:23:03.0,HCE0726,Cynthia.Blythe.Jenkins@dtaa.com,,,Hakeem.Cullen.Ellis@dtaa.com,,30558,0
{B8H9-K5AC09ON-1218GGAC},2010-01-18 09:04:55.0,HCE0726,Camilla.Mona.Rasmussen@dtaa.com;Dara.Alice.Raymond@dtaa.com,,,Hakeem.Cullen.Ellis@dtaa.com,,46342,1
{U6R2-C6FD27QS-9406ZTMY},2010-01-19 13:04:40.0,HCE0726,Porter.Hop.Livingston@dtaa.com,,,Hakeem.Cullen.Ellis@dtaa.com,,64466,0
{V1N8-D6UJ49VV-2468VUZY},2010-01-21 10:14:48.0,HCE0726,Meredith.Carly.Richardson@dtaa.com;Colin.Nicolas.Miles@charter.net,,,Hakeem.Cullen.Ellis@dtaa.com,,21025,1
{E8G0-W4IT00FD-9012TQPK},2010-01-21 11:27:53.0,HCE0726,Moana.Cara.Riggs@dtaa.com,,,Hakeem.Cullen.Ellis@dtaa.com,,31074,0
{Z3C8-L4PS94QU-3970KPWY},2010-01-21 15:01:49.0,HCE0726,Hasad.Tobias.Mcconnell@dtaa.com,,,Hakeem.Cullen.Ellis@dtaa.com,,22377,0
{C1N5-R6ZZ71TD-6759TBXD},2010-01-25 08:42:57.0,HCE0726,Moana.Cara.Riggs@dtaa.com;Sopoline.Sarah.Morin@verizon.net,,,Hakeem.Cullen.Ellis@dtaa.com,,44448,0
{J6H6-A7HZ86WA-1302RRKR},2010-01-26 13:12:51.0,HCE0726,Helen.Brooke.Buchanan@dtaa.com;Carter.Coby.Bell@earthlink.net,,,Hakeem.Cullen.Ellis@dtaa.com,,30900,4
{G0K9-H0ZW22ON-2592QMKT},2010-01-28 07:35:57.0,HCE0726,Moana.Cara.Riggs@dtaa.com;Sarah.Penelope.Duffy@dtaa.com;Colin.Nicolas.Miles@charter.net,,,Hakeem.Cullen.Ellis@dtaa.com,,24560,0
{C1L7-T8DJ75XT-8197LKRA},2010-01-28 10:31:49.0,HCE0726,Porter.Hop.Livingston@dtaa.com;Sopoline.Ria.Walters@comcast.net,,,Hakeem.Cullen.Ellis@dtaa.com,,27944,0
{J9Q7-R9AN43IY-5871GVGP},2010-01-29 09:14:52.0,HCE0726,Camilla.Mona.Rasmussen@dtaa.com;Carter.Coby.Bell@earthlink.net,,,Hakeem.Cullen.Ellis@dtaa.com,,37493,1
{X9U4-K6RW74SZ-0695FFWV},2010-02-01 12:54:08.0,HCE0726,Hasad.Tobias.Mcconnell@dtaa.com,,,Hakeem.Cullen.Ellis@dtaa.com,,15514,1
{H6K6-O0IY12PR-0778HIAQ},2010-02-01 14:56:36.0,HCE0726,Hasad.Tobias.Mcconnell@dtaa.com,,,Hakeem.Cullen.Ellis@dtaa.com,,48339,0
{J2M0-X0NX85MC-6103GDNW},2010-02-02 07:51:48.0,HCE0726,Carter.Coby.Bell@earthlink.net,,,Hakeem.Cullen.Ellis@dtaa.com,,19250,1
{P8N7-K4XN99HO-9102BJEN},2010-02-03 12:49:05.0,HCE0726,Porter.Hop.Livingston@dtaa.com,,,Hakeem.Cullen.Ellis@dtaa.com,,28958,1
{I9A1-G1EL83BR-3676VEVU},2010-02-03 15:14:36.0,HCE0726,Carter.Coby.Bell@earthlink.net,,,Hakeem.Cullen.Ellis@dtaa.com,,17454,0
{G8R6-G0EE38BB-1852RCVQ},2010-02-04 11:43:30.0,HCE0726,Moana.Cara.Riggs@dtaa.com,,,Hakeem.Cullen.Ellis@dtaa.com,,27781,0
{A8M9-N7AV89CP-4818JVZX},2010-02-04 12:47:26.0,HCE0726,Melissa.Ruby.Knight@dtaa.com;Germane.Vielka.Rivas@dtaa.com,,,Hakeem.Cullen.Ellis@dtaa.com,,25161,1
{H4X9-B8XR22YJ-3470SSAP},2010-02-05 11:05:12.0,HCE0726,Darius.Eagan.Ingram@dtaa.com,,,Hakeem.Cullen.Ellis@dtaa.com,,29155,0
{R0V5-Z8AY25SU-5419SHAZ},2010-02-05 12:19:55.0,HCE0726,Sopoline.Ria.Walters@comcast.net,,,Hakeem.Cullen.Ellis@dtaa.com,,29374,1
{S6Z9-G9HY60TH-9346CODH},2010-02-05 16:27:36.0,HCE0726,Carter.Coby.Bell@earthlink.net,,,Hakeem.Cullen.Ellis@dtaa.com,,31401,1
{M7Q8-M8NL83SG-7826SIUZ},2010-02-08 08:12:34.0,HCE0726,Camilla.Mona.Rasmussen@dtaa.com,,,Hakeem.Cullen.Ellis@dtaa.com,,47695,0
{H6N7-C3TH68SY-9411VAVH},2010-02-10 09:55:20.0,HCE0726,Ulysses.Kendall.Acevedo@juno.com;Carter.Coby.Bell@earthlink.net,,,Hakeem.Cullen.Ellis@dtaa.com,,25474,1
{W5J4-O5JK07YE-9227CQBL},2010-02-12 11:08:31.0,HCE0726,Porter.Hop.Livingston@dtaa.com,,,Hakeem.Cullen.Ellis@dtaa.com,,20346,0
{G7Z4-B9VL45IE-9274GLAR},2010-02-12 13:02:44.0,HCE0726,Alyssa.Sigourney.Cabrera@harris.com,,,Hakeem.Cullen.Ellis@dtaa.com,,32167,0
{W1M7-B0TE37XD-0688BNNL},2010-02-12 14:57:28.0,HCE0726,Moana.Cara.Riggs@dtaa.com,,,Hakeem.Cullen.Ellis@dtaa.com,,33736,4
{V2Q2-A8AI59AC-9659OEVY},2010-02-15 07:50:43.0,HCE0726,Thomas.Ryder.Wolfe@dtaa.com,,,Hakeem.Cullen.Ellis@dtaa.com,,29293,0
{H7H7-B5LL29TR-1689OOWK},2010-02-15 09:55:05.0,HCE0726,Hasad.Tobias.Mcconnell@dtaa.com,,,Hakeem.Cullen.Ellis@dtaa.com,,16890,2
{M8N6-C4IN94GX-7821HLCV},2010-02-17 09:51:04.0,HCE0726,William.Abel.Wiley@dtaa.com,,,Hakeem.Cullen.Ellis@dtaa.com,,32904,0
{S1V2-F7ZD62PQ-0525FAEX},2010-02-17 10:46:43.0,HCE0726,Rhona.Paula.Hammond@dtaa.com,,,Hakeem.Cullen.Ellis@dtaa.com,,62134,4
{E8G3-A5FM82FO-5676DLQV},2010-02-19 10:36:48.0,HCE0726,Nelle.Pearl.Howe@dtaa.com;Hasad.Tobias.Mcconnell@dtaa.com,,,Hakeem.Cullen.Ellis@dtaa.com,,29523,0
{M1H7-A5XT63NL-1630DIOO},2010-02-19 12:51:54.0,HCE0726,Meredith.Carly.Richardson@dtaa.com,,,Hakeem.Cullen.Ellis@dtaa.com,,36441,1
{E7V4-A0NF62XB-6631QXEV},2010-02-19 12:52:23.0,HCE0726,Sopoline.Sarah.Morin@verizon.net,,,Hakeem.Cullen.Ellis@dtaa.com,,16567,0
{I5B6-N9VS52SG-1768IPMZ},2010-02-22 10:01:53.0,HCE0726,Lance.Curran.Mathews@dtaa.com;Carter.Coby.Bell@earthlink.net,,,Hakeem.Cullen.Ellis@dtaa.com,,35007,0
{R6E8-X9VL52LK-0569GJCD},2010-02-22 10:55:25.0,HCE0726,Beau.Nathan.Brown@dtaa.com,,,Hakeem.Cullen.Ellis@dtaa.com,,21883,0
{I9M0-G2WO89CO-7195JWPA},2010-02-23 10:15:11.0,HCE0726,Moana.Cara.Riggs@dtaa.com;Sopoline.Ria.Walters@comcast.net,,,Hakeem.Cullen.Ellis@dtaa.com,,32386,1
{H6V9-Q2YY34EN-9959CPPG},2010-02-23 11:59:26.0,HCE0726,Reece.Emmanuel.Adams@dtaa.com,,,Hakeem.Cullen.Ellis@dtaa.com,,19972,1
{S5F7-U5CJ52PR-0210LCES},2010-02-23 13:24:07.0,HCE0726,Hasad.Tobias.Mcconnell@dtaa.com,,,Hakeem.Cullen.Ellis@dtaa.com,,25974,0
{W3F1-T1XH94PH-2151MDGI},2010-02-24 09:47:47.0,HCE0726,Hasad.Tobias.Mcconnell@dtaa.com;Colin.Nicolas.Miles@charter.net,,,Hakeem.Cullen.Ellis@dtaa.com,,17217,1
{A9G7-J7CF54OJ-7168ONBJ},2010-02-25 10:03:05.0,HCE0726,Carter.Coby.Bell@earthlink.net,,,Hakeem.Cullen.Ellis@dtaa.com,,31758,0
{V6E0-R9PB90XM-0474MLLC},2010-02-25 15:20:00.0,HCE0726,Porter.Hop.Livingston@dtaa.com,,,Hakeem.Cullen.Ellis@dtaa.com,,33509,0
{A7H0-G6QR49JK-0037CWPO},2010-02-26 10:39:40.0,HCE0726,Maia.Paloma.Long@dtaa.com,,,Hakeem.Cullen.Ellis@dtaa.com,,27478,0
{N3A7-P4YQ35RI-6878KFSJ},2010-03-01 08:55:22.0,HCE0726,Hasad.Tobias.Mcconnell@dtaa.com,,,Hakeem.Cullen.Ellis@dtaa.com,,26298,0
{G4K5-I2DZ08TO-0575EEMC},2010-03-01 13:17:22.0,HCE0726,Hasad.Tobias.Mcconnell@dtaa.com,,,Hakeem.Cullen.Ellis@dtaa.com,,22854,4
{F6C2-V2WS14BL-8678AMNN},2010-03-02 12:34:44.0,HCE0726,Carter.Coby.Bell@earthlink.net,,,Hakeem.Cullen.Ellis@dtaa.com,,34307,1
{N1C6-R3EV62MJ-2433JMKA},2010-03-04 07:38:38.0,HCE0726,Keefe.Darius.Duran@dtaa.com,,,Hakeem.Cullen.Ellis@dtaa.com,,21250,0
{T9C0-Q9BP50UC-7824AWXU},2010-03-04 08:46:30.0,HCE0726,Quamar.Otto.Padilla@dtaa.com,,,Hakeem.Cullen.Ellis@dtaa.com,,20698,0
{P2X5-M2MD71UG-0948ICKP},2010-03-09 10:39:15.0,HCE0726,Geoffrey.Hamish.Wise@dtaa.com,,,Hakeem.Cullen.Ellis@dtaa.com,,43058,0
{V3P3-Z6ID50RG-6767NMWG},2010-03-11 13:13:29.0,HCE0726,Moana.Cara.Riggs@dtaa.com,,,Hakeem.Cullen.Ellis@dtaa.com,,27096,0
{X4E7-A1YG82YI-3149EPDU},2010-03-12 10:33:39.0,HCE0726,Porter.Hop.Livingston@dtaa.com;Sopoline.Ria.Walters@comcast.net,,,Hakeem.Cullen.Ellis@dtaa.com,,28089,2
{C3W5-B5SR29CT-6157KGGC},2010-03-12 14:35:11.0,HCE0726,Robert.Cooper.Holloway@dtaa.com,,,Hakeem.Cullen.Ellis@dtaa.com,,29953,0
{B2L2-E7LQ83GS-0627NXYE},2010-03-15 08:02:55.0,HCE0726,Kitra.Jenette.Patel@dtaa.com,,,Hakeem.Cullen.Ellis@dtaa.com,,27555,1
{M9Q3-R0OU27US-4631LTNJ},2010-03-17 15:54:07.0,HCE0726,Carter.Coby.Bell@earthlink.net,,,Hakeem.Cullen.Ellis@dtaa.com,,31146,0
{R6E0-A7HB05AB-1344RBVY},2010-03-18 09:10:33.0,HCE0726,Carter.Coby.Bell@earthlink.net,,,Hakeem.Cullen.Ellis@dtaa.com,,34655,2
{F5L9-Z5LZ34QT-4670VYXH},2010-03-18 13:05:54.0,HCE0726,Carter.Coby.Bell@earthlink.net;Colin.Nicolas.Miles@charter.net,,,Hakeem.Cullen.Ellis@dtaa.com,,26220,1
{D8P1-V9CB93SX-6541JVLA},2010-03-19 11:32:42.0,HCE0726,Camilla.Mona.Rasmussen@dtaa.com,,,Hakeem.Cullen.Ellis@dtaa.com,,30888,1
{D7N1-Y6OD51ND-5538DDNZ},2010-03-19 15:29:53.0,HCE0726,Camilla.Mona.Rasmussen@dtaa.com,,,Hakeem.Cullen.Ellis@dtaa.com,,28675,0
{L9Y1-Y6QI07MD-1822JTNT},2010-03-23 14:37:39.0,HCE0726,Bevis.Dante.Mayo@dtaa.com,,,Hakeem.Cullen.Ellis@dtaa.com,,29161,2
{N1F8-D8YV40RH-7243TZQH},2010-03-25 11:40:21.0,HCE0726,Camilla.Mona.Rasmussen@dtaa.com,,,Hakeem.Cullen.Ellis@dtaa.com,,24184,1
{X4Z7-K8ME34OZ-5181COAQ},2010-03-25 15:56:42.0,HCE0726,Harper.Herrod.Baldwin@dtaa.com;Sopoline.Sarah.Morin@verizon.net,,,Hakeem.Cullen.Ellis@dtaa.com,,29926,0
{K8T6-L2MQ52ZM-7178SUQT},2010-03-26 09:12:30.0,HCE0726,Colin.Nicolas.Miles@charter.net,,,Hakeem.Cullen.Ellis@dtaa.com,,24372,2
{Z0Y1-D1DX64UO-6143IOZJ},2010-03-26 09:54:11.0,HCE0726,Tanek.Zeph.Dorsey@dtaa.com,,,Hakeem.Cullen.Ellis@dtaa.com,,26301,1
{M9U5-W2JP37FH-7793VCWF},2010-03-26 12:48:20.0,HCE0726,Hasad.Tobias.Mcconnell@dtaa.com;Sopoline.Sarah.Morin@verizon.net,,,Hakeem.Cullen.Ellis@dtaa.com,,12369,0
{O2K9-K0EP20JD-4239MXBC},2010-03-29 08:31:09.0,HCE0726,Odessa.Hanna.Estrada@dtaa.com,,,Hakeem.Cullen.Ellis@dtaa.com,,28457,0
{N0F8-H0UV67TE-4888KENU},2010-03-29 11:00:11.0,HCE0726,Rhiannon.Daphne.Alston@dtaa.com,,,Hakeem.Cullen.Ellis@dtaa.com,,20604,4
{I9I7-D9UL60SQ-5879QSNN},2010-03-29 12:36:17.0,HCE0726,Kasper.Zeph.Moran@dtaa.com,,,Hakeem.Cullen.Ellis@dtaa.com,,31407,0
{L6B4-L2WV73PQ-5952JUUR},2010-03-31 10:31:04.0,HCE0726,Moana.Cara.Riggs@dtaa.com;Camilla.Mona.Rasmussen@dtaa.com,,,Hakeem.Cullen.Ellis@dtaa.com,,21657,6
{R1N5-A7SA36XK-6723FLKL},2010-03-31 13:57:02.0,HCE0726,Colin.Nicolas.Miles@charter.net,,,Hakeem.Cullen.Ellis@dtaa.com,,26884,1
{I2W6-M1BR96CS-4662YIZO},2010-03-31 14:15:56.0,HCE0726,Colin.Nicolas.Miles@charter.net,,,Hakeem.Cullen.Ellis@dtaa.com,,20389,2
{R8S7-A6CU83CU-2766JTKS},2010-04-01 13:25:36.0,HCE0726,Sloane.Lacey.Mcmahon@dtaa.com,,,Hakeem.Cullen.Ellis@dtaa.com,,50075,0
{G3O8-D4QV13LC-4004XKCF},2010-04-01 15:47:12.0,HCE0726,Colin.Nicolas.Miles@charter.net,,,Hakeem.Cullen.Ellis@dtaa.com,,43674,1
{D7Y3-O0BP81KU-6792DXTY},2010-04-06 14:04:41.0,HCE0726,Sopoline.Sarah.Morin@verizon.net,,,Hakeem.Cullen.Ellis@dtaa.com,,17154,0
{E6T3-U7IK82CX-9652ZOIT},2010-04-07 07:26:37.0,HCE0726,Moana.Cara.Riggs@dtaa.com,,,Hakeem.Cullen.Ellis@dtaa.com,,29385,0
{Q2N2-M2KH17YN-8572ZPBI},2010-04-07 10:19:47.0,HCE0726,Ginger.Geraldine.Petty@dtaa.com,,,Hakeem.Cullen.Ellis@dtaa.com,,20319,0
{U4U3-C7QN87JE-7116CDSS},2010-04-08 09:39:43.0,HCE0726,Porter.Hop.Livingston@dtaa.com;Colin.Nicolas.Miles@charter.net,,,Hakeem.Cullen.Ellis@dtaa.com,,20975,1
{N2J0-Y2YO33OQ-1988WZLM},2010-04-08 14:59:10.0,HCE0726,Ferdinand.Howard.Duncan@harris.com,,,Hakeem.Cullen.Ellis@dtaa.com,,24283,2
{K0P8-L9WL38MP-7067KFBV},2010-04-12 07:57:45.0,HCE0726,Simone.Vielka.Peck@dtaa.com;Carter.Coby.Bell@earthlink.net,,,Hakeem.Cullen.Ellis@dtaa.com,,24548,3
{U5B4-V0UU16GX-2670PYPA},2010-04-12 14:37:52.0,HCE0726,Colin.Nicolas.Miles@charter.net,,,Hakeem.Cullen.Ellis@dtaa.com,,19737,0
{C4C9-A4ZY01AF-8655FIQK},2010-04-15 14:34:23.0,HCE0726,Ivan.Tanek.Garrison@dtaa.com;Colin.Nicolas.Miles@charter.net,,,Hakeem.Cullen.Ellis@dtaa.com,,21577,0
{O2V2-N1GA31RF-9773UDYU},2010-04-16 08:51:15.0,HCE0726,Cora.Maggy.Wise@dtaa.com;Camilla.Mona.Rasmussen@dtaa.com,,,Hakeem.Cullen.Ellis@dtaa.com,,28463,0
{T7A9-W3MK86QE-9995YTMQ},2010-04-19 09:47:54.0,HCE0726,Hasad.Tobias.Mcconnell@dtaa.com,,,Hakeem.Cullen.Ellis@dtaa.com,,36034,1
{M2D2-Q8OE25QG-0413BSLX},2010-04-19 15:32:43.0,HCE0726,Hasad.Tobias.Mcconnell@dtaa.com;Camilla.Mona.Rasmussen@dtaa.com,,,Hakeem.Cullen.Ellis@dtaa.com,,24647,1
{F9H8-H4VQ66YT-8791JTHI},2010-04-20 08:01:57.0,HCE0726,Cora.Breanna.Lawson@dtaa.com,,,Hakeem.Cullen.Ellis@dtaa.com,,29253,0
{S6Q8-Q2CX61SN-0175AHBH},2010-04-20 14:05:50.0,HCE0726,Carter.Coby.Bell@earthlink.net,,,Hakeem.Cullen.Ellis@dtaa.com,,16388,2
{T2F2-G3JY38PC-3027VIUB},2010-04-20 14:39:14.0,HCE0726,Hasad.Tobias.Mcconnell@dtaa.com,,,Hakeem.Cullen.Ellis@dtaa.com,,29304,4
{U3Z5-B0QD90MF-1395VMMS},2010-04-22 08:50:08.0,HCE0726,Moana.Cara.Riggs@dtaa.com,,,Hakeem.Cullen.Ellis@dtaa.com,,30393,0
{M6I7-R5AO66DY-7842YWVW},2010-04-23 09:17:44.0,HCE0726,Porter.Hop.Livingston@dtaa.com,,,Hakeem.Cullen.Ellis@dtaa.com,,45694,1
{Y6Q2-T7CP89DR-5476AMKI},2010-04-23 15:50:31.0,HCE0726,Carter.Coby.Bell@earthlink.net,,,Hakeem.Cullen.Ellis@dtaa.com,,18669,0
{A6A9-T6QB43PW-7943MFQV},2010-04-26 11:52:33.0,HCE0726,Porter.Hop.Livingston@dtaa.com,,,Hakeem.Cullen.Ellis@dtaa.com,,20802,1
{S0C2-H2PW19YF-0445XGGW},2010-04-27 12:40:45.0,HCE0726,Porter.Hop.Livingston@dtaa.com,,,Hakeem.Cullen.Ellis@dtaa.com,,23877,1
{P5L4-B6MZ72LF-6710LLZO},2010-04-27 15:07:11.0,HCE0726,Moana.Cara.Riggs@dtaa.com,,,Hakeem.Cullen.Ellis@dtaa.com,,41093,0
{G0R8-B1SQ03TN-1518HGKO},2010-04-28 07:53:22.0,HCE0726,Porter.Hop.Livingston@dtaa.com,,,Hakeem.Cullen.Ellis@dtaa.com,,22074,1
{G6O4-E7KI94CQ-5026VGDA},2010-04-29 16:24:39.0,HCE0726,Camilla.Mona.Rasmussen@dtaa.com,,,Hakeem.Cullen.Ellis@dtaa.com,,21249,0
{B5C6-K9GO52VL-4413PWSI},2010-04-30 14:34:22.0,HCE0726,Hasad.Tobias.Mcconnell@dtaa.com,,,Hakeem.Cullen.Ellis@dtaa.com,,37455,0
{G1U5-U3NI37VD-4575BKSM},2010-05-03 11:25:34.0,HCE0726,George.Rahim.Cross@dtaa.com,,,Hakeem.Cullen.Ellis@dtaa.com,,22447,0
{J5Q4-Y3PA17SS-1594NZHW},2010-05-05 11:01:09.0,HCE0726,Carter.Coby.Bell@earthlink.net,,,Hakeem.Cullen.Ellis@dtaa.com,,46716,3
{J0G8-N8AG48KY-6222TSOG},2010-05-06 09:59:33.0,HCE0726,Odessa.Hanna.Estrada@dtaa.com,,,Hakeem.Cullen.Ellis@dtaa.com,,20692,0
{Y2O9-I4HA58HN-0690HLMO},2010-05-06 10:01:22.0,HCE0726,Thomas.Luke.Gonzales@dtaa.com;Sarah.Penelope.Duffy@dtaa.com;Porter.Hop.Livingston@dtaa.com;Carter.Coby.Bell@earthlink.net,,,Hakeem.Cullen.Ellis@dtaa.com,,37228,0
{P9C8-C6XL61KD-8397JWML},2010-05-07 10:23:36.0,HCE0726,Moana.Cara.Riggs@dtaa.com,,,Hakeem.Cullen.Ellis@dtaa.com,,22123,0
{T9A3-A5KH97AC-5410PQHK},2010-05-07 13:09:41.0,HCE0726,Moana.Cara.Riggs@dtaa.com,,,Hakeem.Cullen.Ellis@dtaa.com,,27835,0
{N6T1-N8MQ05YQ-8604PLNX},2010-05-07 13:22:19.0,HCE0726,Porter.Hop.Livingston@dtaa.com;Carter.Coby.Bell@earthlink.net,,,Hakeem.Cullen.Ellis@dtaa.com,,17352,2
{X7A7-C5QZ84JT-3278LUIV},2010-05-10 16:12:12.0,HCE0726,Porter.Hop.Livingston@dtaa.com,,,Hakeem.Cullen.Ellis@dtaa.com,,38606,1
{R7K4-L2PK09ZF-8540LYNV},2010-05-11 11:47:58.0,HCE0726,Moana.Cara.Riggs@dtaa.com;Porter.Hop.Livingston@dtaa.com,,,Hakeem.Cullen.Ellis@dtaa.com,,45472,0
{Y1Q0-A3TI45CJ-3348PPXP},2010-05-11 16:06:50.0,HCE0726,Carter.Coby.Bell@earthlink.net,,,Hakeem.Cullen.Ellis@dtaa.com,,25665,0
{C5X2-N6IO64SD-6681QLLU},2010-05-12 08:21:14.0,HCE0726,Moana.Cara.Riggs@dtaa.com,,,Hakeem.Cullen.Ellis@dtaa.com,,29188,3
{W4Z9-R3ZZ29KL-4348ZJQR},2010-05-12 08:45:19.0,HCE0726,Lysandra.Keiko.Franks@dtaa.com;Sopoline.Sarah.Morin@verizon.net,,,Hakeem.Cullen.Ellis@dtaa.com,,28605,3
{R2P9-M1SW80PJ-5681SKYE},2010-05-12 14:48:18.0,HCE0726,Ahmed.Merrill.Rodgers@dtaa.com;Sopoline.Ria.Walters@comcast.net,,,Hakeem.Cullen.Ellis@dtaa.com,,19407,1
{R5K5-L8WI06IO-6556GMEF},2010-05-13 10:59:40.0,HCE0726,Camilla.Mona.Rasmussen@dtaa.com,,,Hakeem.Cullen.Ellis@dtaa.com,,29002,0
{K8I4-T5SF58DV-7846OXLJ},2010-05-14 09:17:15.0,HCE0726,Hasad.Tobias.Mcconnell@dtaa.com,,,Hakeem.Cullen.Ellis@dtaa.com,,33887,1
{Q3W2-Y1SL88MO-7179EJJA},2010-05-17 08:07:41.0,HCE0726,Gil.Walker.Gaines@dtaa.com,,,Hakeem.Cullen.Ellis@dtaa.com,,19868,0
{H5D8-V0RM54QF-6786XILP},2010-05-17 13:42:01.0,HCE0726,Xena.Uma.Gibson@dtaa.com,,,Hakeem.Cullen.Ellis@dtaa.com,,20767,1
{Z1N3-W9QK14KM-6978IYTI},2010-05-18 09:45:05.0,HCE0726,Colin.Nicolas.Miles@charter.net,,,Hakeem.Cullen.Ellis@dtaa.com,,28294,0
{H5R3-C1PF34IJ-0091YWHQ},2010-05-19 15:35:28.0,HCE0726,Camilla.Mona.Rasmussen@dtaa.com,,,Hakeem.Cullen.Ellis@dtaa.com,,28739,0
{G0M6-B2VQ09QG-0934MLGC},2010-05-20 13:23:56.0,HCE0726,Amaya.Amy.Patterson@dtaa.com,,,Hakeem.Cullen.Ellis@dtaa.com,,34555,0
{V8V3-A6AE19XQ-6699TREM},2010-05-21 09:42:16.0,HCE0726,Dara.Alice.Raymond@dtaa.com;Colin.Nicolas.Miles@charter.net,,,Hakeem.Cullen.Ellis@dtaa.com,,42005,1
{S5M5-M7FO25WJ-6875CXIJ},2010-05-21 12:28:35.0,HCE0726,Porter.Hop.Livingston@dtaa.com,,,Hakeem.Cullen.Ellis@dtaa.com,,26592,0
{T2Y2-N2RN43CN-8013TTQY},2010-05-25 08:30:08.0,HCE0726,Colin.Nicolas.Miles@charter.net,,,Hakeem.Cullen.Ellis@dtaa.com,,37811,3
{O9T8-T6JK01MV-2410BPFW},2010-05-26 08:34:49.0,HCE0726,Hasad.Tobias.Mcconnell@dtaa.com,,,Hakeem.Cullen.Ellis@dtaa.com,,18520,2
{V3E5-E3PP71CE-8660FYCS},2010-05-26 09:14:32.0,HCE0726,Libby.Bell.Willis@dtaa.com,,,Hakeem.Cullen.Ellis@dtaa.com,,22208,0
{W6C5-U8KA61OQ-4855YRHS},2010-05-27 12:11:35.0,HCE0726,Elmo.Drake.Mcfadden@dtaa.com;Timon.Dane.Floyd@dtaa.com,,,Hakeem.Cullen.Ellis@dtaa.com,,29115,0
{C7Z8-Q1XU76ID-1853ETLE},2010-05-28 15:33:28.0,HCE0726,Moana.Cara.Riggs@dtaa.com;Carter.Coby.Bell@earthlink.net,,,Hakeem.Cullen.Ellis@dtaa.com,,23240,0
{I5S5-C3CL10YY-2038XUVB},2010-05-28 16:14:27.0,HCE0726,Moana.Cara.Riggs@dtaa.com,,,Hakeem.Cullen.Ellis@dtaa.com,,18573,0
{Y7S4-F3BK69MM-5735LKAI},2010-06-01 11:16:52.0,HCE0726,Camilla.Mona.Rasmussen@dtaa.com,,,Hakeem.Cullen.Ellis@dtaa.com,,21752,0
{S8D0-E2JV42ZG-7447BTXH},2010-06-01 11:56:07.0,HCE0726,Carter.Coby.Bell@earthlink.net;Colin.Nicolas.Miles@charter.net,,,Hakeem.Cullen.Ellis@dtaa.com,,59081,0
{X6X0-D4CI09GD-3587CDQK},2010-06-02 10:13:26.0,HCE0726,Roth.Laith.Pena@dtaa.com,,,Hakeem.Cullen.Ellis@dtaa.com,,18565,9
{F6I4-Y3NM33OZ-8484WERC},2010-06-02 11:56:36.0,HCE0726,Kevin.Laith.Fry@dtaa.com,,,Hakeem.Cullen.Ellis@dtaa.com,,20916,2
{U7W2-R5KW72CI-5797FAMO},2010-06-03 07:20:00.0,HCE0726,Camilla.Mona.Rasmussen@dtaa.com,,,Hakeem.Cullen.Ellis@dtaa.com,,32992,3
{V4F8-K1UK75QC-6040ALTD},2010-06-08 14:56:12.0,HCE0726,Carter.Coby.Bell@earthlink.net,,,Hakeem.Cullen.Ellis@dtaa.com,,35086,0
{J5Z6-D2JW16FW-1680TOOO},2010-06-09 11:38:38.0,HCE0726,Sopoline.Sarah.Morin@verizon.net,,,Hakeem.Cullen.Ellis@dtaa.com,,14762,0
{H5C0-U5HH49CH-8219DSGM},2010-06-10 15:25:11.0,HCE0726,Davis.Gareth.Cote@dtaa.com,,,Hakeem.Cullen.Ellis@dtaa.com,,23582,0
{U2Z7-H7QH37AH-3356CMHA},2010-06-11 07:39:24.0,HCE0726,Colin.Nicolas.Miles@charter.net,,,Hakeem.Cullen.Ellis@dtaa.com,,45999,0
{K5Q0-M7MD53YR-7618QZJX},2010-06-11 08:49:37.0,HCE0726,Seth.Kasper.Nelson@dtaa.com;Carter.Coby.Bell@earthlink.net,,,Hakeem.Cullen.Ellis@dtaa.com,,34537,0
{Z5F8-Z6ZK24AY-9696VFYB},2010-06-14 12:23:24.0,HCE0726,Camilla.Mona.Rasmussen@dtaa.com,,,Hakeem.Cullen.Ellis@dtaa.com,,20496,0
{F0Q2-S6OS78EK-6619XWRL},2010-06-14 16:03:44.0,HCE0726,Colin.Nicolas.Miles@charter.net,,,Hakeem.Cullen.Ellis@dtaa.com,,16011,0
{N2F0-Z7EP44HR-0587TEPJ},2010-06-15 09:21:41.0,HCE0726,Maia.Paloma.Long@dtaa.com,,,Hakeem.Cullen.Ellis@dtaa.com,,28818,1
{K0C1-G9HR34AG-3477SKPJ},2010-06-15 11:28:25.0,HCE0726,Sopoline.Sarah.Morin@verizon.net,,,Hakeem.Cullen.Ellis@dtaa.com,,23693,0
{V8X2-G9BV49LF-8847TGRG},2010-06-16 08:25:29.0,HCE0726,Riley.Mari.Owens@dtaa.com,,,Hakeem.Cullen.Ellis@dtaa.com,,29512,3
{F4X9-G0OA61NT-9920IGET},2010-06-16 15:33:52.0,HCE0726,Colin.Nicolas.Miles@charter.net,,,Hakeem.Cullen.Ellis@dtaa.com,,22167,0
{G1U8-L7OY25XZ-5774EGQN},2010-06-17 08:31:56.0,HCE0726,Carter.Coby.Bell@earthlink.net,,,Hakeem.Cullen.Ellis@dtaa.com,,30923,0
{S5Y2-M5LG40KM-0459SXIW},2010-06-17 12:06:30.0,HCE0726,Jenna.Kiona.Dickerson@dtaa.com;Camilla.Mona.Rasmussen@dtaa.com;Myra.Casey.Lambert@dtaa.com,,,Hakeem.Cullen.Ellis@dtaa.com,,29828,1
{F9V8-N4PW56AN-6286TEKJ},2010-06-18 09:00:22.0,HCE0726,Evan.Bevis.Colon@dtaa.com,,,Hakeem.Cullen.Ellis@dtaa.com,,39110,1
{A8M3-Q3ZE63AZ-6436DBTM},2010-06-21 09:02:04.0,HCE0726,Hasad.Tobias.Mcconnell@dtaa.com,,,Hakeem.Cullen.Ellis@dtaa.com,,37835,8
{Z1F5-U7HV30YI-7175VEWP},2010-06-21 09:36:00.0,HCE0726,Moses.Quincy.Finch@dtaa.com,,,Hakeem.Cullen.Ellis@dtaa.com,,22625,0
{A7I9-I6KC59CC-3776NRHH},2010-06-22 10:37:59.0,HCE0726,Camilla.Mona.Rasmussen@dtaa.com,,,Hakeem.Cullen.Ellis@dtaa.com,,40553,9
{S7S8-R6TW88PS-6988WLRX},2010-06-23 08:47:01.0,HCE0726,Colin.Nicolas.Miles@charter.net,,,Hakeem.Cullen.Ellis@dtaa.com,,34631,0
{J9U5-Q5OL21DF-6894YCOL},2010-06-23 16:06:27.0,HCE0726,Rudyard.Talon.Hickman@dtaa.com,,,Hakeem.Cullen.Ellis@dtaa.com,,26552,0
{M1K3-S0XZ02MK-1640YGJJ},2010-06-24 11:51:15.0,HCE0726,Sopoline.Sarah.Morin@verizon.net,,,Hakeem.Cullen.Ellis@dtaa.com,,22919,0
{U3M5-L7RY12KT-2094JHWG},2010-06-25 14:29:47.0,HCE0726,Moana.Cara.Riggs@dtaa.com,,,Hakeem.Cullen.Ellis@dtaa.com,,36317,2
{N3B4-Y5AQ85RX-8405KVCX},2010-06-28 14:22:16.0,HCE0726,Colin.Nicolas.Miles@charter.net,,,Hakeem.Cullen.Ellis@dtaa.com,,17717,0
{O4Z1-J5KL75HF-5757ZOLK},2010-06-29 09:56:14.0,HCE0726,Colin.Nicolas.Miles@charter.net,,,Hakeem.Cullen.Ellis@dtaa.com,,29652,1
{D5V9-W2XP60LQ-6083NOJD},2010-06-29 10:47:01.0,HCE0726,Hasad.Tobias.Mcconnell@dtaa.com,,,Hakeem.Cullen.Ellis@dtaa.com,,20943,1
{C4F8-F5AF31SI-4209CAOV},2010-06-29 14:29:46.0,HCE0726,Moana.Cara.Riggs@dtaa.com,,,Hakeem.Cullen.Ellis@dtaa.com,,16498,0
{J7V4-Y4AL34AC-9725GUTB},2010-06-30 08:16:53.0,HCE0726,Colin.Nicolas.Miles@charter.net,,,Hakeem.Cullen.Ellis@dtaa.com,,31240,0
{K5Y7-N0UD17UW-9269CGRZ},2010-07-01 14:54:32.0,HCE0726,Hasad.Tobias.Mcconnell@dtaa.com,,,Hakeem.Cullen.Ellis@dtaa.com,,26698,0
{D1Z7-S7HB27NX-3376IONT},2010-07-02 11:19:10.0,HCE0726,Upton.Victor.Stanton@dtaa.com;Porter.Hop.Livingston@dtaa.com,,,Hakeem.Cullen.Ellis@dtaa.com,,21974,3
{X4U4-A4BT30XS-4777UYWU},2010-07-06 07:58:08.0,HCE0726,Stephen.Nissim.Graves@dtaa.com,,,Hakeem.Cullen.Ellis@dtaa.com,,33754,4
{I0K6-I1BF84OJ-5704OEVN},2010-07-07 10:57:37.0,HCE0726,Carter.Coby.Bell@earthlink.net,,,Hakeem.Cullen.Ellis@dtaa.com,,40302,0
{G5K8-P0FY86NU-1022ZLWD},2010-07-07 12:11:50.0,HCE0726,Moana.Cara.Riggs@dtaa.com,,,Hakeem.Cullen.Ellis@dtaa.com,,22552,0
{I6C9-U7MI69UX-8293SODD},2010-07-07 12:48:06.0,HCE0726,April.Quon.Hood@dtaa.com,,,Hakeem.Cullen.Ellis@dtaa.com,,24793,1
{O7U4-J6SU67GX-3613WXQQ},2010-07-08 11:33:45.0,HCE0726,Camilla.Mona.Rasmussen@dtaa.com,,,Hakeem.Cullen.Ellis@dtaa.com,,16776,2
{W7U4-I4OW03TG-2605ZWVL},2010-07-08 14:08:15.0,HCE0726,Sopoline.Sarah.Morin@verizon.net,,,Hakeem.Cullen.Ellis@dtaa.com,,32673,0
{H1R1-A0HZ19YF-9509YMAA},2010-07-08 16:14:37.0,HCE0726,Anastasia.Tamekah.Gaines@dtaa.com;Carter.Coby.Bell@earthlink.net,,,Hakeem.Cullen.Ellis@dtaa.com,,21175,0
{B6Q5-C6WU41LE-2154XRIB},2010-07-09 13:38:50.0,HCE0726,Porter.Hop.Livingston@dtaa.com;Carter.Coby.Bell@earthlink.net,,,Hakeem.Cullen.Ellis@dtaa.com,,30347,0
{T4J8-X8KC44MZ-7813PIWG},2010-07-12 07:38:09.0,HCE0726,Camilla.Mona.Rasmussen@dtaa.com,,,Hakeem.Cullen.Ellis@dtaa.com,,38152,0
{N4B3-L0DR35JD-6785BKHS},2010-07-13 15:44:14.0,HCE0726,Colin.Nicolas.Miles@charter.net,,,Hakeem.Cullen.Ellis@dtaa.com,,25774,1
{B0C2-V8JC77XB-0199EAUO},2010-07-14 08:57:46.0,HCE0726,Sopoline.Ria.Walters@comcast.net,,,Hakeem.Cullen.Ellis@dtaa.com,,30315,0
{K5K8-W4KE10TR-1427YYGQ},2010-07-15 14:14:59.0,HCE0726,Porter.Hop.Livingston@dtaa.com;Colin.Nicolas.Miles@charter.net,,,Hakeem.Cullen.Ellis@dtaa.com,,36586,0
{D7M2-A4PE40QB-0820CDGB},2010-07-19 09:36:39.0,HCE0726,Moana.Cara.Riggs@dtaa.com,,,Hakeem.Cullen.Ellis@dtaa.com,,31743,7
{Z2A9-T5ZO50UZ-5440BBSL},2010-07-19 09:49:53.0,HCE0726,Carter.Coby.Bell@earthlink.net,,,Hakeem.Cullen.Ellis@dtaa.com,,20227,1
{L1E5-G5GM57AF-9131VQMT},2010-07-20 12:31:36.0,HCE0726,Hasad.Tobias.Mcconnell@dtaa.com,,,Hakeem.Cullen.Ellis@dtaa.com,,21680,0
{Y2C1-K9WT52BZ-8495AWEY},2010-07-26 10:29:13.0,HCE0726,Camilla.Mona.Rasmussen@dtaa.com,,,Hakeem.Cullen.Ellis@dtaa.com,,57318,1
{D0R7-I8TA10ZL-5787PFAD},2010-07-26 14:54:36.0,HCE0726,Sopoline.Ria.Walters@comcast.net;Carter.Coby.Bell@earthlink.net,,,Hakeem.Cullen.Ellis@dtaa.com,,29471,1
{C9Y6-S4FD88SS-8275ZGVW},2010-07-27 11:37:18.0,HCE0726,Sopoline.Sarah.Morin@verizon.net,,,Hakeem.Cullen.Ellis@dtaa.com,,34784,1
{L2I5-C9RV64FN-7000UTOM},2010-07-27 16:02:17.0,HCE0726,Camilla.Mona.Rasmussen@dtaa.com,,,Hakeem.Cullen.Ellis@dtaa.com,,17257,0
{J3Z9-M5YV45AQ-7485HUOX},2010-07-29 13:24:25.0,HCE0726,Moana.Cara.Riggs@dtaa.com,,,Hakeem.Cullen.Ellis@dtaa.com,,33211,0
{S3H5-K1KZ22VW-5019EQEX},2010-07-29 13:47:51.0,HCE0726,Camilla.Mona.Rasmussen@dtaa.com;Ivan.Allistair.Bender@dtaa.com,,,Hakeem.Cullen.Ellis@dtaa.com,,17958,1
{A9T4-K0ME67YS-7404AQNR},2010-07-30 12:44:30.0,HCE0726,Sopoline.Ria.Walters@comcast.net,,,Hakeem.Cullen.Ellis@dtaa.com,,21730,0
{X8J0-B3VO17CK-5983KMOS},2010-07-30 14:27:43.0,HCE0726,Moana.Cara.Riggs@dtaa.com;Colin.Nicolas.Miles@charter.net,,,Hakeem.Cullen.Ellis@dtaa.com,,32749,1
{M5W6-L2MJ06SQ-3775PFUW},2010-08-02 10:06:54.0,HCE0726,Sopoline.Ria.Walters@comcast.net,,,Hakeem.Cullen.Ellis@dtaa.com,,12744,0
{V4N9-S3HH54QF-8065GSGY},2010-08-02 13:00:37.0,HCE0726,Edward.Benjamin.Buck@dtaa.com,,,Hakeem.Cullen.Ellis@dtaa.com,,30737,0
{N8Y8-V0TN49KS-0676QDGA},2010-08-04 16:19:47.0,HCE0726,Carter.Coby.Bell@earthlink.net,,,Hakeem.Cullen.Ellis@dtaa.com,,29549,0
{Y1H5-W8YR41LX-3697EKIZ},2010-08-05 11:35:10.0,HCE0726,Maggy.Aspen.Pitts@dtaa.com,,,Hakeem.Cullen.Ellis@dtaa.com,,29653,0
{V6U6-R8OS04EA-1984IPYY},2010-08-05 16:15:40.0,HCE0726,Robert.Cooper.Holloway@dtaa.com,,,Hakeem.Cullen.Ellis@dtaa.com,,40342,0
{U9T7-L5LB88YX-0151XAOC},2010-08-06 09:02:02.0,HCE0726,Moana.Cara.Riggs@dtaa.com;Colin.Nicolas.Miles@charter.net,,,Hakeem.Cullen.Ellis@dtaa.com,,43786,0
{R6P6-W9IY80MZ-4726ZCEH},2010-08-06 14:21:21.0,HCE0726,Camilla.Mona.Rasmussen@dtaa.com,,,Hakeem.Cullen.Ellis@dtaa.com,,26673,0
{J9V9-V6WC98PZ-2936FFUT},2010-08-06 14:57:23.0,HCE0726,Hasad.Tobias.Mcconnell@dtaa.com,,,Hakeem.Cullen.Ellis@dtaa.com,,29779,1
{Z4L7-C4ZN74RQ-1009EZOJ},2010-08-09 08:22:58.0,HCE0726,Porter.Hop.Livingston@dtaa.com;Sopoline.Ria.Walters@comcast.net,,,Hakeem.Cullen.Ellis@dtaa.com,,34233,0
{G1M1-R4QM68UJ-1273FXMC},2010-08-09 10:31:44.0,HCE0726,Benedict.Ivan.Rowe@dtaa.com,,,Hakeem.Cullen.Ellis@dtaa.com,,33687,1
{A6O5-A4RP79ZA-8044KJGG},2010-08-10 13:18:06.0,HCE0726,Colin.Nicolas.Miles@charter.net,,,Hakeem.Cullen.Ellis@dtaa.com,,25254,1
{G1O9-P3ZA69KP-5717XSBF},2010-08-10 14:04:19.0,HCE0726,Darius.Colt.Bowen@dtaa.com,,,Hakeem.Cullen.Ellis@dtaa.com,,39241,1
{P6U4-V2DM99AQ-0885ZBFA},2010-08-11 13:23:35.0,HCE0726,Colin.Nicolas.Miles@charter.net,,,Hakeem.Cullen.Ellis@dtaa.com,,16789,2
{V9S1-V7LH67LI-6802DCLM},2010-08-13 15:38:38.0,HCE0726,Porter.Hop.Livingston@dtaa.com;Diana.Alea.Dominguez@dtaa.com,,,Hakeem.Cullen.Ellis@dtaa.com,,16441,0
{L5X1-Z8RP87FK-9075DJAZ},2010-08-16 09:20:19.0,HCE0726,Castor.Chaim.Combs@dtaa.com,,,Hakeem.Cullen.Ellis@dtaa.com,,25932,0
{J7R7-U1AB56YQ-7421DDJI},2010-08-16 09:53:14.0,HCE0726,Xena.Uma.Gibson@dtaa.com;Camilla.Mona.Rasmussen@dtaa.com,,,Hakeem.Cullen.Ellis@dtaa.com,,27860,1
{M3C0-L0ET00PS-0077QZKZ},2010-08-16 12:15:26.0,HCE0726,Mallory.Lynn.Osborn@dtaa.com,,,Hakeem.Cullen.Ellis@dtaa.com,,31658,0
{Y1M4-B7QI10RU-8385AAQX},2010-08-18 08:12:14.0,HCE0726,Colin.Nicolas.Miles@charter.net,,,Hakeem.Cullen.Ellis@dtaa.com,,27531,0
{M3E8-X9SC59MC-1544WSWV},2010-08-19 14:00:38.0,HCE0726,Moana.Cara.Riggs@dtaa.com;Carter.Coby.Bell@earthlink.net;Colin.Nicolas.Miles@charter.net,,,Hakeem.Cullen.Ellis@dtaa.com,,17569,3
{P1B9-A5TN97WA-0501QVXG},2010-08-20 07:45:03.0,HCE0726,Ginger.Lana.Watts@dtaa.com,,,Hakeem.Cullen.Ellis@dtaa.com,,44757,1
{A4K7-D2XH80GN-2493RKAN},2010-08-20 07:45:41.0,HCE0726,Moana.Cara.Riggs@dtaa.com,,,Hakeem.Cullen.Ellis@dtaa.com,,18989,2
{K1U1-O9PB29HN-0576IQAA},2010-08-23 12:08:31.0,HCE0726,Lamar.Oleg.Donaldson@dtaa.com,,,Hakeem.Cullen.Ellis@dtaa.com,,25466,0
{G5K5-Y4LK85PC-6721NGOL},2010-08-24 10:06:24.0,HCE0726,Colin.Nicolas.Miles@charter.net,,,Hakeem.Cullen.Ellis@dtaa.com,,43277,0
{P0W2-Y8DL10WI-0566BHRM},2010-08-24 14:16:12.0,HCE0726,Aladdin.Mufutau.Finch@dtaa.com,,,Hakeem.Cullen.Ellis@dtaa.com,,27190,3
{D2H2-N7TU10HL-2840ZFQH},2010-08-26 08:22:41.0,HCE0726,Hedy.Yvette.Cook@dtaa.com,,,Hakeem.Cullen.Ellis@dtaa.com,,30522,0
{C6L2-R7CH26OD-6924CEVV},2010-08-27 12:20:13.0,HCE0726,Moana.Cara.Riggs@dtaa.com,,,Hakeem.Cullen.Ellis@dtaa.com,,19733,0
{Q9S8-Y2LP04EE-5877MNOB},2010-08-27 14:47:13.0,HCE0726,Hasad.Tobias.Mcconnell@dtaa.com;Faith.Alice.Lang@charter.net,,,Hakeem.Cullen.Ellis@dtaa.com,,46409,0
{M2E1-T7AW74UZ-2991YVYF},2010-08-30 10:53:32.0,HCE0726,Carter.Coby.Bell@earthlink.net,,,Hakeem.Cullen.Ellis@dtaa.com,,23902,0
{V0P1-L3NQ60NT-2989ZAZI},2010-08-31 14:21:52.0,HCE0726,Camilla.Mona.Rasmussen@dtaa.com,,,Hakeem.Cullen.Ellis@dtaa.com,,27717,0
{W1M9-X2NO34MT-6077MEBL},2010-09-01 10:13:07.0,HCE0726,Casey.Adena.Butler@dtaa.com,,,Hakeem.Cullen.Ellis@dtaa.com,,17912,0
{H1Z0-L9JS98RZ-4457HYVN},2010-09-01 13:49:08.0,HCE0726,Camilla.Mona.Rasmussen@dtaa.com;Porter.Hop.Livingston@dtaa.com,,,Hakeem.Cullen.Ellis@dtaa.com,,21848,1
{I5U3-N3LP55CN-5739YMOJ},2010-09-03 08:06:29.0,HCE0726,Beverly.Cheryl.Sweet@dtaa.com,,,Hakeem.Cullen.Ellis@dtaa.com,,26977,0
{U1I0-K7JX45UL-7624TLBZ},2010-09-03 08:44:15.0,HCE0726,Porter.Hop.Livingston@dtaa.com,,,Hakeem.Cullen.Ellis@dtaa.com,,25556,1
{C3G0-F2MT46BU-3891IGUD},2010-09-07 14:29:49.0,HCE0726,Porter.Hop.Livingston@dtaa.com,,,Hakeem.Cullen.Ellis@dtaa.com,,16947,1
{S8F7-Z4FZ91YL-8720FVAU},2010-09-08 14:39:18.0,HCE0726,Brandon.Griffin.Pace@dtaa.com;Veronica.Alexa.David@dtaa.com,,,Hakeem.Cullen.Ellis@dtaa.com,,33499,1
{D2S3-N0EA11XG-4040ETRK},2010-09-08 16:04:53.0,HCE0726,Camilla.Mona.Rasmussen@dtaa.com;Kendall.Kathleen.Wilkerson@charter.net;Ava.Shoshana.Mcfadden@bellsouth.net,,,Hakeem.Cullen.Ellis@dtaa.com,,37944,0
{S0K6-K9DC03JD-4861QDZU},2010-09-10 09:34:09.0,HCE0726,Colin.Nicolas.Miles@charter.net,,,Hakeem.Cullen.Ellis@dtaa.com,,31457,0
{W3Y7-C6UV08IF-2512JUCP},2010-09-10 13:23:42.0,HCE0726,Hasad.Tobias.Mcconnell@dtaa.com;Porter.Hop.Livingston@dtaa.com,,,Hakeem.Cullen.Ellis@dtaa.com,,30524,1
{S6X4-U8UP23YL-6194SHOT},2010-09-10 13:54:11.0,HCE0726,Destiny.Kelsie.Fletcher@dtaa.com;Moana.Cara.Riggs@dtaa.com,,,Hakeem.Cullen.Ellis@dtaa.com,,24981,0
{V8B7-V9KA52HV-5688EXCS},2010-09-14 08:35:01.0,HCE0726,Beck.Phillip.Blevins@dtaa.com,,,Hakeem.Cullen.Ellis@dtaa.com,,28945,1
{W3U7-J2BG21RD-8314FKCR},2010-09-14 12:45:05.0,HCE0726,Colin.Nicolas.Miles@charter.net,,,Hakeem.Cullen.Ellis@dtaa.com,,25731,0
{X8U0-J8KI10DF-1838HXFR},2010-09-16 07:40:04.0,HCE0726,Porter.Hop.Livingston@dtaa.com,,,Hakeem.Cullen.Ellis@dtaa.com,,30451,0
{N3K5-Y5VA76MX-2135YUJU},2010-09-16 16:06:21.0,HCE0726,Hasad.Tobias.Mcconnell@dtaa.com,,,Hakeem.Cullen.Ellis@dtaa.com,,21389,0
{N1Q2-Z3JC32HK-9806FVLV},2010-09-17 11:38:26.0,HCE0726,Camilla.Mona.Rasmussen@dtaa.com;Maryam.Althea.Bird@dtaa.com,,,Hakeem.Cullen.Ellis@dtaa.com,,30977,0
{C3F8-X7UW09XZ-0004YXWQ},2010-09-17 12:34:57.0,HCE0726,Moana.Cara.Riggs@dtaa.com;Sopoline.Sarah.Morin@verizon.net,,,Hakeem.Cullen.Ellis@dtaa.com,,85904,0
{F1G1-S0ZO72VM-6412KZTF},2010-09-20 07:52:21.0,HCE0726,Chancellor.Lee.Ratliff@dtaa.com;Carter.Coby.Bell@earthlink.net,,,Hakeem.Cullen.Ellis@dtaa.com,,27191,2
{N0G0-M8OW88MV-4037AXHA},2010-09-20 08:15:48.0,HCE0726,Porter.Hop.Livingston@dtaa.com;Drew.Lucian.Sandoval@dtaa.com;Camilla.Mona.Rasmussen@dtaa.com,,,Hakeem.Cullen.Ellis@dtaa.com,,21320,1
{J3F4-O5UJ15KK-8547XMGT},2010-09-20 11:00:11.0,HCE0726,Camilla.Mona.Rasmussen@dtaa.com,,,Hakeem.Cullen.Ellis@dtaa.com,,12724,3
{P1I7-O5NG23LP-6201ZBUQ},2010-09-21 08:35:53.0,HCE0726,Porter.Hop.Livingston@dtaa.com,,,Hakeem.Cullen.Ellis@dtaa.com,,21023,1
{L9J8-H3AN39XO-3019GRFP},2010-09-22 10:02:37.0,HCE0726,Moana.Cara.Riggs@dtaa.com,,,Hakeem.Cullen.Ellis@dtaa.com,,31060,2
{V1S2-O4QC56SK-0266VUZT},2010-09-22 14:27:25.0,HCE0726,Carter.Coby.Bell@earthlink.net,,,Hakeem.Cullen.Ellis@dtaa.com,,23659,0
{H0E5-V7LT17OS-7111ADDT},2010-09-23 10:34:08.0,HCE0726,Camilla.Mona.Rasmussen@dtaa.com,,,Hakeem.Cullen.Ellis@dtaa.com,,27811,0
{W4J6-O5NF32MB-6340YLZF},2010-09-24 15:06:01.0,HCE0726,Nita.Evelyn.Ellison@dtaa.com,,,Hakeem.Cullen.Ellis@dtaa.com,,33816,0
{J0C8-W3UB76PC-8001UIPR},2010-09-24 15:09:39.0,HCE0726,Sopoline.Sarah.Morin@verizon.net;Colin.Nicolas.Miles@charter.net,,,Hakeem.Cullen.Ellis@dtaa.com,,25612,2
{O6J5-R8NQ28RK-3933LZJK},2010-09-27 16:02:29.0,HCE0726,Sopoline.Ria.Walters@comcast.net,,,Hakeem.Cullen.Ellis@dtaa.com,,25527,0
{D8I0-G0BV80ZU-1876RPPR},2010-09-28 14:32:13.0,HCE0726,Prescott.Tyrone.Abbott@dtaa.com;Anne.Zia.Hawkins@dtaa.com,,,Hakeem.Cullen.Ellis@dtaa.com,,25300,1
{M3T5-Q1AT22PF-9296JKAE},2010-09-29 11:03:21.0,HCE0726,Hasad.Tobias.Mcconnell@dtaa.com,,,Hakeem.Cullen.Ellis@dtaa.com,,36974,1
{X8R6-F7OZ76YG-8710TGXA},2010-09-29 11:37:08.0,HCE0726,Porter.Hop.Livingston@dtaa.com,,,Hakeem.Cullen.Ellis@dtaa.com,,36458,0
{D8J2-Y7JF32WS-8785JOAS},2010-09-29 13:28:57.0,HCE0726,Camilla.Mona.Rasmussen@dtaa.com,,,Hakeem.Cullen.Ellis@dtaa.com,,27505,0
{E7J5-R4FM92QH-6742VJYD},2010-09-30 12:34:04.0,HCE0726,Hasad.Tobias.Mcconnell@dtaa.com,,,Hakeem.Cullen.Ellis@dtaa.com,,25303,0
{K5V7-P4OE74DV-0397UREK},2010-10-01 10:24:38.0,HCE0726,Porter.Hop.Livingston@dtaa.com,,,Hakeem.Cullen.Ellis@dtaa.com,,47814,0
{U6B2-W9TR35VE-0949HKTK},2010-10-01 16:00:34.0,HCE0726,Raven.Shellie.Owen@dtaa.com,,,Hakeem.Cullen.Ellis@dtaa.com,,49533,0
{D5Y5-Y7PE90VQ-4505ZOQJ},2010-10-04 15:51:15.0,HCE0726,Hasad.Tobias.Mcconnell@dtaa.com;Sopoline.Sarah.Morin@verizon.net,,,Hakeem.Cullen.Ellis@dtaa.com,,27370,0
{B7Q7-U4GB52PB-1971LKJJ},2010-10-06 07:59:36.0,HCE0726,Moana.Cara.Riggs@dtaa.com;Carter.Coby.Bell@earthlink.net,,,Hakeem.Cullen.Ellis@dtaa.com,,26551,1
{T5A9-Y3HL80FY-4241IMEU},2010-10-06 09:27:09.0,HCE0726,Sopoline.Ria.Walters@comcast.net,,,Hakeem.Cullen.Ellis@dtaa.com,,46591,3
{B6Z6-F3IW45XM-8981WXZO},2010-10-06 15:52:57.0,HCE0726,Haviva.Jada.Molina@dtaa.com,,,Hakeem.Cullen.Ellis@dtaa.com,,36674,0
{D1D3-M4VL45EC-2309IDUQ},2010-10-07 14:30:51.0,HCE0726,Colin.Nicolas.Miles@charter.net,,,Hakeem.Cullen.Ellis@dtaa.com,,49985,2
{V2O4-T6VJ53CA-6610CTQG},2010-10-08 10:05:56.0,HCE0726,Colin.Nicolas.Miles@charter.net,,,Hakeem.Cullen.Ellis@dtaa.com,,39650,0
{J8P1-I2TD93RD-0413NNTG},2010-10-08 13:55:24.0,HCE0726,Ryder.Benjamin.Salas@dtaa.com;Camilla.Mona.Rasmussen@dtaa.com;Carter.Coby.Bell@earthlink.net,,,Hakeem.Cullen.Ellis@dtaa.com,,26140,0
{E5G7-C9DN04II-9716BUNX},2010-10-12 11:31:53.0,HCE0726,Hasad.Tobias.Mcconnell@dtaa.com;Jaquelyn.Rebekah.Valenzuela@dtaa.com,,,Hakeem.Cullen.Ellis@dtaa.com,,21462,1
{B3Y6-Y0WO93AS-8186SAAN},2010-10-12 12:44:44.0,HCE0726,Evan.Bevis.Colon@dtaa.com;Porter.Hop.Livingston@dtaa.com,,,Hakeem.Cullen.Ellis@dtaa.com,,26997,1
{V5L5-G6AV69UI-0700JALR},2010-10-15 08:56:52.0,HCE0726,Camilla.Mona.Rasmussen@dtaa.com,,,Hakeem.Cullen.Ellis@dtaa.com,,37324,0
{F6I4-M5EG05RJ-4334XRUH},2010-10-15 16:01:16.0,HCE0726,Sopoline.Sarah.Morin@verizon.net,,,Hakeem.Cullen.Ellis@dtaa.com,,16925,0
{R2G9-H6QS14BR-9652RPMA},2010-10-18 14:46:01.0,HCE0726,Dieter.Kendall.Shaffer@dtaa.com,,,Hakeem.Cullen.Ellis@dtaa.com,,38494,0
{P7L8-P4QR91FZ-4901ZHWL},2010-10-19 15:26:20.0,HCE0726,Carter.Coby.Bell@earthlink.net,,,Hakeem.Cullen.Ellis@dtaa.com,,19421,0
{J7Z4-V4OZ72DA-6661EGCI},2010-10-20 12:47:52.0,HCE0726,Camilla.Mona.Rasmussen@dtaa.com,,,Hakeem.Cullen.Ellis@dtaa.com,,23299,0
{E4I3-N6AZ91BS-8520GLJQ},2010-10-21 09:51:06.0,HCE0726,Hasad.Tobias.Mcconnell@dtaa.com;Carter.Coby.Bell@earthlink.net,,,Hakeem.Cullen.Ellis@dtaa.com,,27242,1
{B9O4-L6UE91ZO-2461KTKX},2010-10-21 09:54:08.0,HCE0726,Moana.Cara.Riggs@dtaa.com,,,Hakeem.Cullen.Ellis@dtaa.com,,15853,0
{O4T4-P3BZ66GD-9640BPHX},2010-10-25 09:01:55.0,HCE0726,Laura.Aspen.Dunlap@dtaa.com,,,Hakeem.Cullen.Ellis@dtaa.com,,28426,3
{I2A9-M1NO96VR-4815JTMI},2010-10-25 09:55:40.0,HCE0726,Chancellor.Paki.Sandoval@dtaa.com,,,Hakeem.Cullen.Ellis@dtaa.com,,33071,4
{K9A8-A6JU79QR-3862BGUC},2010-10-26 15:39:59.0,HCE0726,Carter.Coby.Bell@earthlink.net,,,Hakeem.Cullen.Ellis@dtaa.com,,25747,1
{A3Y1-Y3AQ47WF-3151QDQG},2010-10-27 09:12:44.0,HCE0726,Sopoline.Ria.Walters@comcast.net,,,Hakeem.Cullen.Ellis@dtaa.com,,33251,1
{T2C0-G3LW48JW-6268HGWL},2010-10-28 07:43:09.0,HCE0726,Bo.Quemby.Durham@dtaa.com,,,Hakeem.Cullen.Ellis@dtaa.com,,37373,5
{M9H5-M7VR10ET-4028MJQV},2010-10-28 12:26:12.0,HCE0726,Colin.Nicolas.Miles@charter.net,,,Hakeem.Cullen.Ellis@dtaa.com,,36054,1
{T5G1-A4IG96WY-4980JGIS},2010-11-02 07:34:27.0,HCE0726,Colin.Nicolas.Miles@charter.net,,,Hakeem.Cullen.Ellis@dtaa.com,,24999,1
{X5L1-D3GK27BY-1585PLLW},2010-11-02 07:41:21.0,HCE0726,Conan.Burton.Blackburn@dtaa.com,,,Hakeem.Cullen.Ellis@dtaa.com,,20188,0
{J9O2-I3IW55CT-5674WBFB},2010-11-03 09:01:19.0,HCE0726,Carissa.September.Pena@dtaa.com,,,Hakeem.Cullen.Ellis@dtaa.com,,25998,0
{D0A0-S1OG50IC-6495CAJS},2010-11-03 13:43:52.0,HCE0726,Porter.Hop.Livingston@dtaa.com,,,Hakeem.Cullen.Ellis@dtaa.com,,30231,1
{U0F5-A2ZL29DA-9460BNUT},2010-11-05 08:53:27.0,HCE0726,Camilla.Mona.Rasmussen@dtaa.com;Moana.Cara.Riggs@dtaa.com,,,Hakeem.Cullen.Ellis@dtaa.com,,23847,3
{D8O8-C9ME78BS-4927AKOS},2010-11-05 14:18:10.0,HCE0726,Porter.Hop.Livingston@dtaa.com,,,Hakeem.Cullen.Ellis@dtaa.com,,15129,0
{D4T1-J8XM66PO-9923CBPI},2010-11-08 15:53:01.0,HCE0726,Sopoline.Sarah.Morin@verizon.net,,,Hakeem.Cullen.Ellis@dtaa.com,,28744,0
{M2Y8-Q1VG73DG-2313DNQF},2010-11-09 11:58:34.0,HCE0726,John.Griffith.Frost@dtaa.com,,,Hakeem.Cullen.Ellis@dtaa.com,,35738,0
{I6H0-D8KT75QS-2374ZDFF},2010-11-09 12:48:15.0,HCE0726,Cynthia.Blythe.Jenkins@dtaa.com,,,Hakeem.Cullen.Ellis@dtaa.com,,26860,0
{N7V3-N0DH63BX-1418ZPNZ},2010-11-10 07:44:47.0,HCE0726,Hasad.Tobias.Mcconnell@dtaa.com,,,Hakeem.Cullen.Ellis@dtaa.com,,25546,0
{L2V8-C4DR44SO-9272WFFX},2010-11-10 14:42:31.0,HCE0726,Ahmed.Merrill.Rodgers@dtaa.com,,,Hakeem.Cullen.Ellis@dtaa.com,,61256,0
{P3Q9-G1KJ19AN-9414UJFY},2010-11-11 10:21:57.0,HCE0726,Moana.Cara.Riggs@dtaa.com,,,Hakeem.Cullen.Ellis@dtaa.com,,27857,0
{W3W8-K5PS55OQ-8690OKBQ},2010-11-12 13:57:59.0,HCE0726,Tucker.Kenneth.Weeks@dtaa.com,,,Hakeem.Cullen.Ellis@dtaa.com,,36541,0
{I2M4-R0WS86ZM-4196DEWY},2010-11-17 09:33:26.0,HCE0726,Hiram.Jasper.Velez@dtaa.com,,,Hakeem.Cullen.Ellis@dtaa.com,,38338,0
{P7X8-D1IA43FT-8116SFPR},2010-11-17 15:59:40.0,HCE0726,Camilla.Mona.Rasmussen@dtaa.com,,,Hakeem.Cullen.Ellis@dtaa.com,,30236,0
{V7D3-Z2PI32WT-3213YNER},2010-11-18 11:26:53.0,HCE0726,Sean.Declan.Hull@dtaa.com;Colin.Nicolas.Miles@charter.net,,,Hakeem.Cullen.Ellis@dtaa.com,,25638,3
{G4J6-A5VU20LS-5115BBHI},2010-11-19 09:47:29.0,HCE0726,Nicholas.Keane.Barlow@dtaa.com,,,Hakeem.Cullen.Ellis@dtaa.com,,35890,0
{M1X5-M7QM14VX-9931NIUF},2010-11-19 15:48:09.0,HCE0726,Ivana.Sasha.Blankenship@dtaa.com;Ciaran.Theodore.Maxwell@dtaa.com;Imani.Doris.Meyer@dtaa.com;Colin.Nicolas.Miles@charter.net,,,Hakeem.Cullen.Ellis@dtaa.com,,39632,6
{F0K1-A3RU71UZ-7727KEKR},2010-11-19 16:19:21.0,HCE0726,Carter.Coby.Bell@earthlink.net,,,Hakeem.Cullen.Ellis@dtaa.com,,21856,0
{D3Q5-P2KV48MN-3737OOFK},2010-11-22 11:25:53.0,HCE0726,Hasad.Tobias.Mcconnell@dtaa.com,,,Hakeem.Cullen.Ellis@dtaa.com,,18501,0
{T3G6-C1KY53EI-4311WRZM},2010-11-22 13:32:12.0,HCE0726,Camilla.Mona.Rasmussen@dtaa.com,,,Hakeem.Cullen.Ellis@dtaa.com,,43658,7
{L4J2-S1TY26FM-6730LPSJ},2010-11-22 15:40:22.0,HCE0726,Carter.Coby.Bell@earthlink.net,,,Hakeem.Cullen.Ellis@dtaa.com,,15775,2
{Z3T7-R5GP87ML-3884JYZV},2010-11-23 09:09:48.0,HCE0726,Hasad.Tobias.Mcconnell@dtaa.com;Colin.Nicolas.Miles@charter.net,,,Hakeem.Cullen.Ellis@dtaa.com,,17667,3
{H1Z3-U6LM61LS-4817TFQI},2010-11-23 11:48:52.0,HCE0726,William.Hu.Chang@dtaa.com,,,Hakeem.Cullen.Ellis@dtaa.com,,33046,1
{Z6L7-U1CA82IM-9527JPDN},2010-11-23 13:59:35.0,HCE0726,Hasad.Tobias.Mcconnell@dtaa.com;Sopoline.Sarah.Morin@verizon.net,,,Hakeem.Cullen.Ellis@dtaa.com,,20575,0
{Y2W2-A8RU62EL-2307OETU},2010-11-24 11:01:06.0,HCE0726,Carter.Coby.Bell@earthlink.net,,,Hakeem.Cullen.Ellis@dtaa.com,,22499,9
{O1Y3-U8JI99JE-7060UKBX},2010-11-24 13:50:23.0,HCE0726,Porter.Hop.Livingston@dtaa.com,,,Hakeem.Cullen.Ellis@dtaa.com,,24954,0
{D2L7-I1YL37BH-1455SREY},2010-11-29 13:03:14.0,HCE0726,Hammett.Keegan.Powell@dtaa.com,,,Hakeem.Cullen.Ellis@dtaa.com,,15162,0
{J9V6-H4TA89AW-6104FACM},2010-11-29 13:46:14.0,HCE0726,Nicole.Uma.Guthrie@dtaa.com,,,Hakeem.Cullen.Ellis@dtaa.com,,26800,2
{F1Y1-X1XQ61AS-5844COPW},2010-11-29 14:55:53.0,HCE0726,Carter.Coby.Bell@earthlink.net,,,Hakeem.Cullen.Ellis@dtaa.com,,30138,0
{Z5D6-N9BG91JY-9454TFDH},2010-11-30 12:56:33.0,HCE0726,Serina.Ginger.Nielsen@dtaa.com,,,Hakeem.Cullen.Ellis@dtaa.com,,28647,0
{S5X3-T7QW70EG-7552ULOD},2010-11-30 15:31:23.0,HCE0726,Porter.Hop.Livingston@dtaa.com;Colin.Nicolas.Miles@charter.net,,,Hakeem.Cullen.Ellis@dtaa.com,,24753,1
{M9H1-F3QF38DA-7556JTJJ},2010-12-01 09:45:18.0,HCE0726,Colin.Nicolas.Miles@charter.net;Carter.Coby.Bell@earthlink.net,,,Hakeem.Cullen.Ellis@dtaa.com,,27815,1
{O7J7-M2FY20UD-3944ZRZR},2010-12-01 09:48:28.0,HCE0726,Lev.Colby.Pope@dtaa.com,,,Hakeem.Cullen.Ellis@dtaa.com,,19987,0
{G0N7-Y9TU19GH-9367UZHX},2010-12-01 15:37:29.0,HCE0726,Ora.Orla.Branch@dtaa.com;Carter.Coby.Bell@earthlink.net,,,Hakeem.Cullen.Ellis@dtaa.com,,25415,1
{O7H5-U6RT95WP-5597PUST},2010-12-02 08:43:55.0,HCE0726,Ryder.Ivan.Bowers@dtaa.com,,,Hakeem.Cullen.Ellis@dtaa.com,,19676,0
{U3N4-F8GD17MR-7508NSGU},2010-12-02 11:52:53.0,HCE0726,Porter.Hop.Livingston@dtaa.com;Lars.Scott.Hatfield@dtaa.com,,,Hakeem.Cullen.Ellis@dtaa.com,,45377,0
{I0O4-X6NP58FJ-4035GWHP},2010-12-03 12:03:16.0,HCE0726,Camilla.Mona.Rasmussen@dtaa.com,,,Hakeem.Cullen.Ellis@dtaa.com,,20281,1
{R5S6-X0BL74KB-2593QPVS},2010-12-08 09:54:00.0,HCE0726,Sopoline.Sarah.Morin@verizon.net,,,Hakeem.Cullen.Ellis@dtaa.com,,60039,1
{Y2J5-C2NT87BG-1655UQVA},2010-12-09 14:01:30.0,HCE0726,Carter.Coby.Bell@earthlink.net;Martina.Sarah.Frazier@msn.com,,,Hakeem.Cullen.Ellis@dtaa.com,,23649,3
{D0S7-X4JX38UY-9118BBZP},2010-12-10 12:22:00.0,HCE0726,Colin.Nicolas.Miles@charter.net,,,Hakeem.Cullen.Ellis@dtaa.com,,16143,0
{K7Z2-W0SI41TN-9317OZVX},2010-12-10 13:15:06.0,HCE0726,Colin.Nicolas.Miles@charter.net,,,Hakeem.Cullen.Ellis@dtaa.com,,34281,0
{H7T0-W3WX34JU-5411HCCE},2010-12-13 14:28:23.0,HCE0726,Theodore.Uriah.Edwards@dtaa.com,,,Hakeem.Cullen.Ellis@dtaa.com,,31690,0
{Y6U5-T1MB15LS-3594FNOO},2010-12-16 13:55:01.0,HCE0726,Colin.Nicolas.Miles@charter.net,,,Hakeem.Cullen.Ellis@dtaa.com,,25352,0
{F4S2-A2VC05GG-8544ZKVI},2010-12-17 13:48:24.0,HCE0726,Avye.Sharon.Jacobs@dtaa.com,,,Hakeem.Cullen.Ellis@dtaa.com,,32287,0
{U9L9-M2QW07CI-4606RVVW},2010-12-21 08:18:08.0,HCE0726,Yvonne.Stacy.Jordan@dtaa.com,,,Hakeem.Cullen.Ellis@dtaa.com,,27756,0
{T4Y3-X0WD30KI-2131VSEK},2010-12-21 13:36:08.0,HCE0726,Moana.Cara.Riggs@dtaa.com;Jaden.Alisa.Waller@dtaa.com,,,Hakeem.Cullen.Ellis@dtaa.com,,38375,5
{K5O4-J8BX57KH-8169SANY},2010-12-22 15:01:37.0,HCE0726,Alyssa.Kimberly.Pratt@dtaa.com,,,Hakeem.Cullen.Ellis@dtaa.com,,42884,0
{I6S6-L3PB40HX-9657IPAA},2010-12-22 16:02:14.0,HCE0726,Nola.Rinah.Melton@dtaa.com;Sopoline.Ria.Walters@comcast.net;Carter.Coby.Bell@earthlink.net,,,Hakeem.Cullen.Ellis@dtaa.com,,52804,1
{U6V2-K8TD33XN-9911BKTA},2010-12-27 13:43:21.0,HCE0726,Mufutau.Elmo.Lara@dtaa.com,,,Hakeem.Cullen.Ellis@dtaa.com,,14354,1
{P0M5-L5OJ23JY-1161IEXQ},2010-12-29 11:01:04.0,HCE0726,Porter.Hop.Livingston@dtaa.com,,,Hakeem.Cullen.Ellis@dtaa.com,,24106,0
{D7V1-A1JP33JP-6161NMJZ},2010-12-30 15:08:33.0,HCE0726,Lucy.Anika.Valenzuela@dtaa.com,,,Hakeem.Cullen.Ellis@dtaa.com,,34082,0
{G6X5-Z9CF77SC-4922UELU},2011-01-03 11:14:00.0,HCE0726,Hasad.Tobias.Mcconnell@dtaa.com;Carter.Coby.Bell@earthlink.net,,,Hakeem.Cullen.Ellis@dtaa.com,,24648,5
{Z2V9-H7TZ71XN-1546SVOT},2011-01-04 07:28:46.0,HCE0726,Colin.Nicolas.Miles@charter.net,,,Hakeem.Cullen.Ellis@dtaa.com,,26460,2
{E6F8-A0ZL97SL-4733MRCS},2011-01-05 08:17:43.0,HCE0726,Amy.Cara.Reid@dtaa.com,,,Hakeem.Cullen.Ellis@dtaa.com,,24727,0
{T7R6-G0RA80XX-1359UIGG},2011-01-06 13:38:00.0,HCE0726,Colin.Nicolas.Miles@charter.net,,,Hakeem.Cullen.Ellis@dtaa.com,,23090,1
{U2K8-I5MJ79RN-2703REFS},2011-01-07 08:07:52.0,HCE0726,Yolanda.Quynn.Horne@dtaa.com,,,Hakeem.Cullen.Ellis@dtaa.com,,21570,0
{E9X3-K9FO58JI-3094JRJF},2011-01-12 12:00:37.0,HCE0726,Colin.Nicolas.Miles@charter.net,,,Hakeem.Cullen.Ellis@dtaa.com,,25039,7
{L7G8-C9UD58AT-4964MHMR},2011-01-13 09:05:35.0,HCE0726,Colin.Nicolas.Miles@charter.net;Carter.Coby.Bell@earthlink.net,,,Hakeem.Cullen.Ellis@dtaa.com,,41227,1
{D6H7-U0AZ95TD-5169ZGZZ},2011-01-13 12:03:17.0,HCE0726,Patrick.Paul.Robles@dtaa.com,,,Hakeem.Cullen.Ellis@dtaa.com,,27050,1
{P0Y2-Z6NY38PR-7784GPWN},2011-01-13 14:06:39.0,HCE0726,Colin.Nicolas.Miles@charter.net,,,Hakeem.Cullen.Ellis@dtaa.com,,30583,1
{L4O1-C6MU37EV-8628VVBK},2011-01-14 08:08:29.0,HCE0726,Porter.Hop.Livingston@dtaa.com,,,Hakeem.Cullen.Ellis@dtaa.com,,25728,3
{G2A4-A4CH15CW-0776MOGI},2011-01-14 08:22:27.0,HCE0726,Shad.Prescott.Best@dtaa.com,,,Hakeem.Cullen.Ellis@dtaa.com,,42547,1
{X5Q5-T4ZW94UH-0834OTBQ},2011-01-14 09:41:45.0,HCE0726,Camilla.Mona.Rasmussen@dtaa.com,,,Hakeem.Cullen.Ellis@dtaa.com,,31151,1
{M1P8-U5FH50TP-9849WCRJ},2011-01-17 16:02:22.0,HCE0726,Moana.Cara.Riggs@dtaa.com,,,Hakeem.Cullen.Ellis@dtaa.com,,15423,0
{B7X4-Q4HV19MG-5651EVLX},2011-01-18 12:51:23.0,HCE0726,Hasad.Tobias.Mcconnell@dtaa.com;Perry.Deacon.Harding@dtaa.com,,,Hakeem.Cullen.Ellis@dtaa.com,,46955,1
{Z8N1-I8XN87TB-9760AZMC},2011-01-18 15:48:33.0,HCE0726,Moana.Cara.Riggs@dtaa.com,,,Hakeem.Cullen.Ellis@dtaa.com,,33669,0
{I7P4-Q3RZ18UM-1125GCPC},2011-01-18 15:52:13.0,HCE0726,Camilla.Mona.Rasmussen@dtaa.com;Chancellor.Solomon.Gray@dtaa.com,,,Hakeem.Cullen.Ellis@dtaa.com,,35982,0
{H0K3-S6UQ71OW-2547TUOT},2011-01-19 11:25:50.0,HCE0726,Akeem.Paki.Chapman@dtaa.com;Carter.Coby.Bell@earthlink.net,,,Hakeem.Cullen.Ellis@dtaa.com,,48389,1
{F6P3-O9BC05VN-7998AGSP},2011-01-19 14:23:08.0,HCE0726,Carter.Coby.Bell@earthlink.net,,,Hakeem.Cullen.Ellis@dtaa.com,,17678,1
{S5G2-A5IF23OC-3128ZDMM},2011-01-20 12:51:32.0,HCE0726,Lysandra.Keiko.Franks@dtaa.com;Porter.Hop.Livingston@dtaa.com,,,Hakeem.Cullen.Ellis@dtaa.com,,27179,2
{F4L8-O5QO79PL-0585BYGA},2011-01-20 14:12:53.0,HCE0726,Porter.Hop.Livingston@dtaa.com,,,Hakeem.Cullen.Ellis@dtaa.com,,24978,0
{O4S2-L3BT43OQ-2831EBLA},2011-01-21 10:04:31.0,HCE0726,Ivana.Cecilia.Patton@dtaa.com;Carter.Coby.Bell@earthlink.net,,,Hakeem.Cullen.Ellis@dtaa.com,,28518,0
{T2W6-E5ZV16PV-3001XBUI},2011-01-21 14:01:37.0,HCE0726,Hasad.Tobias.Mcconnell@dtaa.com;Carter.Coby.Bell@earthlink.net,,,Hakeem.Cullen.Ellis@dtaa.com,,17518,1
